Time (%),Total Time (ns),Instances,Avg (ns),Med (ns),Min (ns),Max (ns),StdDev (ns),Range
24.1,899892017,13,69222462.8,48984777.0,48615722,311257824,72723377.7,:S_trt_engine_forward
14.7,550407408,1,550407408.0,550407408.0,550407408,550407408,0.0,:inference_test
13.4,500394758,10,50039475.8,50000847.5,49575462,50818251,335718.6,:S0_policy_infer_total
12.1,452048917,1,452048917.0,452048917.0,452048917,452048917,0.0,:warmup
9.4,350488603,1,350488603.0,350488603.0,350488603,350488603,0.0,:warmup_0
5.7,214318382,2,107159191.0,107159191.0,13938926,200379456,131833363.1,TensorRT:ExecutionContext::enqueueV3
2.7,100437243,1,100437243.0,100437243.0,100437243,100437243,0.0,:test_0
1.6,58768416,2,29384208.0,29384208.0,13905713,44862703,21889897.6,TensorRT:{ForeignNode[/Slice_2.../Add_19]}
1.4,51347656,1,51347656.0,51347656.0,51347656,51347656,0.0,:warmup_1
1.3,50212416,1,50212416.0,50212416.0,50212416,50212416,0.0,:test_9
1.3,50173380,1,50173380.0,50173380.0,50173380,50173380,0.0,:test_1
1.3,50105397,1,50105397.0,50105397.0,50105397,50105397,0.0,:test_4
1.3,50086138,1,50086138.0,50086138.0,50086138,50086138,0.0,:warmup_2
1.3,50065804,1,50065804.0,50065804.0,50065804,50065804,0.0,:test_7
1.3,49956168,1,49956168.0,49956168.0,49956168,49956168,0.0,:test_3
1.3,49919258,1,49919258.0,49919258.0,49919258,49919258,0.0,:test_5
1.3,49878554,1,49878554.0,49878554.0,49878554,49878554,0.0,:test_6
1.3,49743715,1,49743715.0,49743715.0,49743715,49743715,0.0,:test_2
1.3,49579610,1,49579610.0,49579610.0,49579610,49579610,0.0,:test_8
0.0,300740,2,150370.0,150370.0,3861,296879,207195.0,myelin-exec:__myl_Fc_myl0_1764
0.0,297750,2,148875.0,148875.0,2037,295713,207660.3,myelin-exec:__myl_SlicReshSlicNegSlicConcMulMulAddTran_myl0_1564
0.0,290566,2,145283.0,145283.0,4621,285945,198926.1,myelin-exec:__myl_Fc_myl0_1589
0.0,288416,2,144208.0,144208.0,5805,282611,195731.4,myelin-exec:__myl_Fc_myl0_1689
0.0,287723,2,143861.5,143861.5,4371,283352,197269.4,myelin-exec:__myl_Fc_myl0_1614
0.0,287277,2,143638.5,143638.5,3629,283648,198003.3,myelin-exec:/layers.3/self_attn_4/MatMul_myl0_1739
0.0,286824,2,143412.0,143412.0,2991,283833,198585.3,myelin-exec:/layers.15/self_attn_3/MatMul_1_myl0_1639
0.0,285214,2,142607.0,142607.0,1084,284130,200143.7,myelin-exec:__myl_AddCastMulMeanAddSqrtDivMulMulAddCastMulCast_myl0_1664
0.0,283472,2,141736.0,141736.0,1102,282370,198886.5,myelin-exec:__myl_AddCastMulMeanAddSqrtDivMulMulAddCastMulCast_myl0_1714
0.0,264398,2,132199.0,132199.0,2491,261907,183434.8,myelin-exec:__myl_AddMulCastReshTran_myl0_1763
0.0,225851,2,112925.5,112925.5,4231,221620,153717.2,myelin-exec:/layers.12/self_attn_3/MatMul_1_myl0_1588
0.0,224241,2,112120.5,112120.5,2167,222074,155497.7,myelin-exec:__myl_DivMulCastCastMulCastReshReshSlicSlic_myl0_1586
0.0,222361,2,111180.5,111180.5,7491,214870,146639.1,myelin-exec:__myl_Fc_myl0_1686
0.0,221870,2,110935.0,110935.0,5222,216648,149500.8,myelin-exec:__myl_Fc_myl0_1713
0.0,220344,2,110172.0,110172.0,5612,214732,147870.2,myelin-exec:__myl_Fc_myl0_1663
0.0,219713,2,109856.5,109856.5,7898,211815,144191.1,myelin-exec:/layers.16/mlp/gateup_proj_2/MatMul_myl0_1661
0.0,219343,2,109671.5,109671.5,3417,215926,150266.6,myelin-exec:__myl_Fc_myl0_1736
0.0,219296,2,109648.0,109648.0,4092,215204,149278.7,myelin-exec:/layers.4/self_attn_4/MatMul_1_myl0_1761
0.0,217899,2,108949.5,108949.5,4982,212917,147032.2,myelin-exec:__myl_Fc_myl0_1563
0.0,214260,2,107130.0,107130.0,3019,211241,147235.2,myelin-exec:/layers.0/self_attn_4/MatMul_myl0_1688
0.0,211454,2,105727.0,105727.0,1111,210343,147949.4,myelin-exec:__myl_SlicReshTranSlicNegSlicConcMulMulAddCastMulCast_myl0_1738
0.0,211426,2,105713.0,105713.0,2074,209352,146567.7,myelin-exec:__myl_Slic_myl0_1638
0.0,211269,2,105634.5,105634.5,2167,209102,146325.1,myelin-exec:__myl_MulCastAddMulCastAddConcMaxrSubExpSum_myl0_1636
0.0,210814,2,105407.0,105407.0,4583,206231,142586.7,myelin-exec:__myl_Fc_myl0_1711
0.0,210509,2,105254.5,105254.5,1083,209426,147320.7,myelin-exec:__myl_AddCastMulMeanAddSqrtDivMulMulAddCastMulCast_myl0_1613
0.0,209806,2,104903.0,104903.0,5167,204639,141048.0,myelin-exec:__myl_Fc_myl0_1561
0.0,199500,2,99750.0,99750.0,1102,198398,139509.3,myelin-exec:__myl_SlicSlicMulMulMulAddMulTanhAddMulMulMulMulCast_myl0_1611
0.0,193490,2,96745.0,96745.0,22296,171194,105286.8,myelin-exec:/vision_tower/vision_model/embeddings/patch_embedding/Conv_myl0_2
0.0,160907,2,80453.5,80453.5,2537,158370,110190.6,myelin-exec:_gemm_mha_v2_myl0_131
0.0,149416,2,74708.0,74708.0,4176,145240,99747.3,myelin-exec:_gemm_mha_v2_myl0_10
0.0,132352,2,66176.0,66176.0,3343,129009,88859.3,myelin-exec:__myl_Fc_myl0_1591
0.0,124074,2,62037.0,62037.0,3722,120352,82469.9,myelin-exec:/layers.11/self_attn_3/MatMul_myl0_1566
0.0,122213,2,61106.5,61106.5,4824,117389,79595.5,myelin-exec:/layers.4/mlp/gateup_proj_3/MatMul_myl0_1766
0.0,121992,2,60996.0,60996.0,1445,120547,84217.8,myelin-exec:__myl_AddMulCastReshTran_myl0_1641
0.0,121074,2,60537.0,60537.0,2102,118972,82639.6,myelin-exec:__myl_DivMulCastCastMulCastReshReshSlicSlic_myl0_1691
0.0,120768,2,60384.0,60384.0,1990,118778,82581.6,myelin-exec:__myl_SlicReshTranSlicNegSlicConcMulMulAddCastMulCast_myl0_1616
0.0,120713,2,60356.5,60356.5,2843,117870,81336.4,myelin-exec:_gemm_mha_v2_myl0_87
0.0,120203,2,60101.5,60101.5,3787,116416,79640.7,myelin-exec:__myl_MulCastAddMulCastAddConcMaxrSubExpSum_myl0_1741
0.0,119305,2,59652.5,59652.5,1287,118018,82541.3,myelin-exec:__myl_SlicReshSlicNegSlicConcMulMulAddTran_myl0_1666
0.0,119157,2,59578.5,59578.5,1102,118055,82698.3,myelin-exec:__myl_SlicSlicMulMulMulAddMulTanhAddMulMulMulMulCast_myl0_1716
0.0,114714,2,57357.0,57357.0,2343,112371,77801.5,myelin-exec:_gemm_mha_v2_myl0_21
0.0,111814,2,55907.0,55907.0,2676,109138,75280.0,myelin-exec:_gemm_mha_v2_myl0_98
0.0,109445,2,54722.5,54722.5,2435,107010,73945.7,myelin-exec:_gemm_mha_v2_myl0_120
0.0,104768,2,52384.0,52384.0,2490,102278,70560.8,myelin-exec:_gemm_mha_v2_myl0_175
0.0,104565,2,52282.5,52282.5,30843,73722,30320.0,myelin-exec:__myl_TranSlicSlicSlicConcReplConc_myl0_1
0.0,103435,2,51717.5,51717.5,20722,82713,43834.3,myelin-exec:/vision_tower/vision_model/encoder/layers.0/self_attn/v_proj/MatMul+/vision_tower/vision_model/encoder/layers.0/self_attn/k_proj/MatMul+/vision_tower/vision_model/encoder/layers.0/self_attn/q_proj/MatMul_myl0_5
0.0,102658,2,51329.0,51329.0,2491,100167,69067.4,myelin-exec:_gemm_mha_v2_myl0_32
0.0,99880,2,49940.0,49940.0,2231,97649,67470.7,myelin-exec:_gemm_mha_v2_myl0_252
0.0,97658,2,48829.0,48829.0,2510,95148,65505.0,myelin-exec:_gemm_mha_v2_myl0_241
0.0,97639,2,48819.5,48819.5,5926,91713,60660.6,myelin-exec:__myl_Fc_myl0_1550
0.0,97379,2,48689.5,48689.5,2481,94898,65348.7,myelin-exec:_gemm_mha_v2_myl0_208
0.0,96250,2,48125.0,48125.0,2315,93935,64785.1,myelin-exec:_gemm_mha_v2_myl0_263
0.0,96018,2,48009.0,48009.0,2481,93537,64386.3,myelin-exec:_gemm_mha_v2_myl0_109
0.0,94426,2,47213.0,47213.0,1028,93398,65315.5,myelin-exec:__myl_SlicSlicMulMulMulAddMulTanhAddMulMulMulMulCast_myl0_1750
0.0,94158,2,47079.0,47079.0,3278,90880,61944.0,myelin-exec:__myl_Fc_myl0_1625
0.0,93843,2,46921.5,46921.5,5195,88648,59010.2,myelin-exec:/layers.13/self_attn_3/MatMul_myl0_1600
0.0,93796,2,46898.0,46898.0,2102,91694,63351.1,myelin-exec:_gemm_mha_v2_myl0_274
0.0,93473,2,46736.5,46736.5,2195,91278,62991.2,myelin-exec:_gemm_mha_v2_myl0_142
0.0,92473,2,46236.5,46236.5,5750,86723,57256.6,myelin-exec:__myl_Fc_myl0_1700
0.0,92342,2,46171.0,46171.0,2444,89898,61839.3,myelin-exec:_gemm_mha_v2_myl0_197
0.0,91649,2,45824.5,45824.5,2167,89482,61741.0,myelin-exec:_gemm_mha_v2_myl0_186
0.0,90786,2,45393.0,45393.0,2435,88351,60751.8,myelin-exec:_gemm_mha_v2_myl0_43
0.0,90676,2,45338.0,45338.0,2287,88389,60883.3,myelin-exec:_gemm_mha_v2_myl0_153
0.0,90416,2,45208.0,45208.0,2000,88416,61105.3,myelin-exec:__myl_DivMulCastCastMulCastReshReshSlicSlic_myl0_1725
0.0,89426,2,44713.0,44713.0,1074,88352,61714.9,myelin-exec:__myl_SlicReshTranSlicNegSlicConcMulMulAddCastMulCast_myl0_1650
0.0,88195,2,44097.5,44097.5,2278,85917,59141.7,myelin-exec:__myl_AddMulCastReshTran_myl0_1675
0.0,87806,2,43903.0,43903.0,2333,85473,58788.9,myelin-exec:_gemm_mha_v2_myl0_285
0.0,87638,2,43819.0,43819.0,2222,85416,58827.0,myelin-exec:_gemm_mha_v2_myl0_219
0.0,87352,2,43676.0,43676.0,2787,84565,57825.8,myelin-exec:_gemm_mha_v2_myl0_65
0.0,86852,2,43426.0,43426.0,1213,85639,59698.2,myelin-exec:__myl_AddCastMulMeanAddSqrtDivMulMulAddCastMulCast_myl0_1575
0.0,86351,2,43175.5,43175.5,2305,84046,57799.6,myelin-exec:_gemm_mha_v2_myl0_164
0.0,86324,2,43162.0,43162.0,6287,80037,52149.1,myelin-exec:/layers.3/mlp/gateup_proj_3/MatMul_myl0_1749
0.0,86297,2,43148.5,43148.5,2371,83926,57668.1,myelin-exec:_gemm_mha_v2_myl0_76
0.0,85953,2,42976.5,42976.5,2527,83426,57204.2,myelin-exec:_gemm_mha_v2_myl0_54
0.0,84277,2,42138.5,42138.5,2342,81935,56280.8,myelin-exec:_gemm_mha_v2_myl0_230
0.0,78639,2,39319.5,39319.5,4732,73907,48914.1,myelin-exec:__myl_Fc_myl0_1574
0.0,77750,2,38875.0,38875.0,1213,76537,53262.1,myelin-exec:__myl_SlicReshTranSlicNegSlicConcMulMulAddCastMulCast_myl0_1599
0.0,76658,2,38329.0,38329.0,2065,74593,51285.0,myelin-exec:_gemm_mha_v2_myl0_296
0.0,76139,2,38069.5,38069.5,10815,65324,38543.7,myelin-exec:/layers.0/self_attn_1/MatMul_myl0_759
0.0,73139,2,36569.5,36569.5,6241,66898,42891.0,myelin-exec:__myl_MulCastAddMaxrSubExpSumDivMulCastCastMulCast_myl0_621
0.0,71315,2,35657.5,35657.5,2296,69019,47180.3,myelin-exec:__myl_AddMulCastReshTran_myl0_1624
0.0,71233,2,35616.5,35616.5,4260,66973,44344.8,myelin-exec:__myl_Fc_myl0_1674
0.0,69676,2,34838.0,34838.0,1167,68509,47618.0,myelin-exec:__myl_MulCastAddMulCastAddConcMaxrSubExpSum_myl0_1724
0.0,69482,2,34741.0,34741.0,3037,66445,44836.2,myelin-exec:/layers.10/self_attn_3/MatMul_myl0_1549
0.0,67491,2,33745.5,33745.5,2084,65407,44776.1,myelin-exec:__myl_SlicSlicMulMulMulAddMulTanhAddMulMulMulMulCast_myl0_1699
0.0,64537,2,32268.5,32268.5,11176,53361,29829.3,myelin-exec:/layers.0/mlp/up_proj/MatMul_myl0_332
0.0,64138,2,32069.0,32069.0,13055,51083,26889.9,myelin-exec:/layers.0/mlp/down_proj/MatMul_myl0_337
0.0,63509,2,31754.5,31754.5,1222,62287,43179.5,myelin-exec:__myl_SlicReshSlicNegSlicConcMulMulAddTran_myl0_1649
0.0,51971,2,25985.5,25985.5,10879,41092,21363.8,myelin-exec:/layers.0/mlp/gate_proj/MatMul_myl0_334
0.0,51268,2,25634.0,25634.0,8833,42435,23760.2,myelin-exec:/vision_tower/vision_model/encoder/layers.0/self_attn/out_proj/MatMul_myl0_11
0.0,49214,2,24607.0,24607.0,9982,39232,20682.9,myelin-exec:/vision_tower/vision_model/encoder/layers.1/self_attn/out_proj/MatMul_myl0_22
0.0,49213,2,24606.5,24606.5,10843,38370,19464.5,myelin-exec:/vision_tower/vision_model/encoder/layers.0/mlp/fc1/MatMul_myl0_13
0.0,43936,2,21968.0,21968.0,15954,27982,8505.1,myelin-exec:__myl_Fc_myl0_302
0.0,43778,2,21889.0,21889.0,10685,33093,15844.8,myelin-exec:/vision_tower/vision_model/encoder/layers.0/mlp/fc2/MatMul_myl0_14
0.0,42121,2,21060.5,21060.5,5963,36158,21351.1,myelin-exec:__myl_Fc_myl0_1740
0.0,41639,2,20819.5,20819.5,4509,37130,23066.5,myelin-exec:__myl_Fc_myl0_1665
0.0,41149,2,20574.5,20574.5,6093,35056,20479.9,myelin-exec:/layers.1/mlp/gateup_proj_3/MatMul_myl0_1715
0.0,40722,2,20361.0,20361.0,6667,34055,19366.2,myelin-exec:__myl_Fc_myl0_1640
0.0,40371,2,20185.5,20185.5,3945,36426,22967.5,myelin-exec:__myl_Repl_myl0_749
0.0,39584,2,19792.0,19792.0,8769,30815,15588.9,myelin-exec:/layers.0/self_attn_1/MatMul_1_myl0_763
0.0,38880,2,19440.0,19440.0,2389,36491,24113.8,myelin-exec:__myl_AddMulCastReshTran_myl0_1590
0.0,38721,2,19360.5,19360.5,4916,33805,20427.6,myelin-exec:__myl_Fc_myl0_1567
0.0,38528,2,19264.0,19264.0,4732,33796,20551.4,myelin-exec:__myl_Fc_myl0_1608
0.0,38353,2,19176.5,19176.5,2019,36334,24264.4,myelin-exec:__myl_AddCastMulMeanAddSqrtDivMulMulAddCastMulCast_myl0_1765
0.0,37907,2,18953.5,18953.5,1796,36111,24264.4,myelin-exec:__myl_SlicReplReshSeleMulCastAddMulCastAddConcMaxrSubExpSum_myl0_1690
0.0,37268,2,18634.0,18634.0,1148,36120,24728.9,myelin-exec:__myl_SlicReshSlicNegSlicConcMulMulAddTran_myl0_1615
0.0,37120,2,18560.0,18560.0,16500,20620,2913.3,myelin-exec:/layers.5/mlp/up_proj/MatMul_myl0_457
0.0,36898,2,18449.0,18449.0,7120,29778,16021.6,myelin-exec:__myl_Fc_myl0_1717
0.0,36842,2,18421.0,18421.0,13805,23037,6528.0,myelin-exec:__myl_Fc_myl0_493
0.0,36658,2,18329.0,18329.0,6695,29963,16453.0,myelin-exec:/layers.10/mlp/gateup_proj_2/MatMul_myl0_1559
0.0,36333,2,18166.5,18166.5,6481,29852,16525.8,myelin-exec:/vision_tower/vision_model/encoder/layers.1/self_attn/v_proj/MatMul+/vision_tower/vision_model/encoder/layers.1/self_attn/k_proj/MatMul+/vision_tower/vision_model/encoder/layers.1/self_attn/q_proj/MatMul_myl0_16
0.0,36009,2,18004.5,18004.5,10870,25139,10089.7,myelin-exec:/layers.11/mlp/gateup_proj/MatMul_myl0_955
0.0,35686,2,17843.0,17843.0,1093,34593,23688.1,myelin-exec:__myl_SlicReshTranSlicNegSlicConcMulMulAddCastMulCast_myl0_1565
0.0,35611,2,17805.5,17805.5,2389,33222,21802.2,myelin-exec:/layers.12/self_attn_3/MatMul_myl0_1583
0.0,35148,2,17574.0,17574.0,4185,30963,18934.9,myelin-exec:__myl_Fc_myl0_900
0.0,34723,2,17361.5,17361.5,8019,26704,13212.3,myelin-exec:__myl_Fc_myl0_343
0.0,34463,2,17231.5,17231.5,8583,25880,12230.8,myelin-exec:__myl_Fc_myl0_629
0.0,34259,2,17129.5,17129.5,1074,33185,22705.9,myelin-exec:__myl_SlicReshTranSlicNegSlicConcMulMulAddCastMulCast_myl0_1633
0.0,33787,2,16893.5,16893.5,7194,26593,13717.2,myelin-exec:/layers.0/mlp/gateup_proj/MatMul_myl0_768
0.0,33685,2,16842.5,16842.5,5982,27703,15359.1,myelin-exec:/layers.8/mlp/gateup_proj_4/MatMul_myl0_2143
0.0,33362,2,16681.0,16681.0,2528,30834,20015.4,myelin-exec:/layers.14/self_attn_3/MatMul_myl0_1617
0.0,33343,2,16671.5,16671.5,16010,17333,935.5,myelin-exec:/layers.16/mlp/down_proj/MatMul_myl0_737
0.0,33140,2,16570.0,16570.0,6408,26732,14371.2,myelin-exec:/layers.11/mlp/gate_proj/MatMul_myl0_609
0.0,32805,2,16402.5,16402.5,14620,18185,2520.8,myelin-exec:/layers.7/mlp/gateup_proj_7/MatMul_myl0_3053
0.0,32685,2,16342.5,16342.5,7991,24694,11810.8,myelin-exec:/layers.16/mlp/up_proj/MatMul_myl0_732
0.0,32657,2,16328.5,16328.5,4361,28296,16924.6,myelin-exec:__myl_Fc_myl0_1642
0.0,32630,2,16315.0,16315.0,9676,22954,9389.0,myelin-exec:/layers.15/mlp/up_proj/MatMul_myl0_707
0.0,32416,2,16208.0,16208.0,9222,23194,9879.7,myelin-exec:/layers.16/mlp/gate_proj/MatMul_myl0_734
0.0,32018,2,16009.0,16009.0,7787,24231,11627.7,myelin-exec:/layers.1/mlp/down_proj/MatMul_myl0_362
0.0,31981,2,15990.5,15990.5,6166,25815,13893.9,myelin-exec:/layers.11/mlp/down_proj/MatMul_myl0_612
0.0,31676,2,15838.0,15838.0,6102,25574,13768.8,myelin-exec:/layers.11/mlp/up_proj/MatMul_myl0_607
0.0,31629,2,15814.5,15814.5,2046,29583,19471.6,myelin-exec:__myl_SlicReshTranSlicNegSlicConcMulMulAddCastMulCast_myl0_1667
0.0,31352,2,15676.0,15676.0,1213,30139,20453.8,myelin-exec:__myl_DivMulCastCastMulCastReshReshSlicSlic_myl0_1742
0.0,31268,2,15634.0,15634.0,14287,16981,1904.9,myelin-exec:__myl_Fc_myl0_673
0.0,30945,2,15472.5,15472.5,13509,17436,2776.8,myelin-exec:/layers.0/mlp/gateup_proj_2/MatMul_myl0_1389
0.0,30851,2,15425.5,15425.5,6212,24639,13029.9,myelin-exec:/layers.3/mlp/gateup_proj_7/MatMul_myl0_2985
0.0,30741,2,15370.5,15370.5,7463,23278,11182.9,myelin-exec:/layers.13/mlp/gateup_proj/MatMul_myl0_989
0.0,30591,2,15295.5,15295.5,7814,22777,10580.4,myelin-exec:__myl_Fc_myl0_1521
0.0,30499,2,15249.5,15249.5,7620,22879,10789.7,myelin-exec:__myl_Fc_myl0_443
0.0,30491,2,15245.5,15245.5,14250,16241,1407.8,myelin-exec:__myl_Fc_myl0_365
0.0,30397,2,15198.5,15198.5,7555,22842,10809.5,myelin-exec:__myl_Fc_myl0_1659
0.0,30073,2,15036.5,15036.5,8129,21944,9768.7,myelin-exec:/layers.14/mlp/up_proj/MatMul_myl0_682
0.0,30028,2,15014.0,15014.0,2083,27945,18287.2,myelin-exec:__myl_SlicSlicMulMulMulAddMulTanhAddMulMulMulMulCast_myl0_1920
0.0,29936,2,14968.0,14968.0,2250,27686,17986.0,myelin-exec:__myl_AddCastMulMeanAddSqrtDivMulMulAddCastMulCast_myl0_1592
0.0,29843,2,14921.5,14921.5,1241,28602,19347.1,myelin-exec:__myl_Slic_myl0_1692
0.0,29787,2,14893.5,14893.5,4888,24899,14149.9,myelin-exec:/layers.10/mlp/gateup_proj/MatMul_myl0_938
0.0,29694,2,14847.0,14847.0,5991,23703,12524.3,myelin-exec:/layers.4/mlp/up_proj/MatMul_myl0_432
0.0,29649,2,14824.5,14824.5,7288,22361,10658.2,myelin-exec:/layers.14/mlp/down_proj/MatMul_myl0_687
0.0,29565,2,14782.5,14782.5,1157,28408,19269.4,myelin-exec:__myl_MulCastAddMulCastAddConcMaxrSubExpSum_myl0_1758
0.0,29509,2,14754.5,14754.5,4167,25342,14973.0,myelin-exec:/vision_tower/vision_model/encoder/layers.7/mlp/fc1/MatMul_myl0_90
0.0,29499,2,14749.5,14749.5,8046,21453,9480.2,myelin-exec:/layers.14/mlp/gate_proj/MatMul_myl0_684
0.0,29481,2,14740.5,14740.5,6018,23463,12335.5,myelin-exec:/layers.5/mlp/down_proj/MatMul_myl0_462
0.0,29342,2,14671.0,14671.0,6009,23333,12249.9,myelin-exec:/vision_tower/vision_model/encoder/layers.1/mlp/fc2/MatMul_myl0_25
0.0,29306,2,14653.0,14653.0,10361,18945,6069.8,myelin-exec:/layers.1/self_attn_8/MatMul_myl0_2941
0.0,29195,2,14597.5,14597.5,1111,28084,19072.8,myelin-exec:__myl_Slic_myl0_1672
0.0,29168,2,14584.0,14584.0,9195,19973,7621.2,myelin-exec:/layers.12/mlp/down_proj/MatMul_myl0_637
0.0,29120,2,14560.0,14560.0,7000,22120,10691.5,myelin-exec:/layers.15/mlp/down_proj/MatMul_myl0_712
0.0,29009,2,14504.5,14504.5,6296,22713,11608.6,myelin-exec:/layers.6/mlp/down_proj/MatMul_myl0_487
0.0,28945,2,14472.5,14472.5,5519,23426,12662.2,myelin-exec:/layers.8/mlp/gate_proj/MatMul_myl0_534
0.0,28814,2,14407.0,14407.0,6675,22139,10934.7,myelin-exec:/layers.10/mlp/up_proj/MatMul_myl0_582
0.0,28703,2,14351.5,14351.5,2157,26546,17245.6,myelin-exec:__myl_SlicReshTranSlicNegSlicConcMulMulAddCastMulCast_myl0_1755
0.0,28694,2,14347.0,14347.0,7870,20824,9159.9,myelin-exec:/layers.12/mlp/up_proj/MatMul_myl0_632
0.0,28629,2,14314.5,14314.5,6296,22333,11339.9,myelin-exec:/vision_tower/vision_model/encoder/layers.2/self_attn/v_proj/MatMul+/vision_tower/vision_model/encoder/layers.2/self_attn/k_proj/MatMul+/vision_tower/vision_model/encoder/layers.2/self_attn/q_proj/MatMul_myl0_27
0.0,28621,2,14310.5,14310.5,4454,24167,13939.2,myelin-exec:__myl_Fc_myl0_1734
0.0,28564,2,14282.0,14282.0,6129,22435,11530.1,myelin-exec:__myl_Fc_myl0_1584
0.0,28537,2,14268.5,14268.5,7611,20926,9415.1,myelin-exec:__myl_Fc_myl0_504
0.0,28416,2,14208.0,14208.0,1046,27370,18613.9,myelin-exec:__myl_AddCastMulMeanAddSqrtDivMulMulAddCastMulCast_myl0_1579
0.0,28277,2,14138.5,14138.5,7148,21129,9886.1,myelin-exec:__myl_Fc_myl0_490
0.0,28268,2,14134.0,14134.0,8287,19981,8268.9,myelin-exec:__myl_Fc_myl0_623
0.0,28260,2,14130.0,14130.0,5963,22297,11549.9,myelin-exec:/layers.16/mlp/gateup_proj_8/MatMul_myl0_3515
0.0,28240,2,14120.0,14120.0,4851,23389,13108.3,myelin-exec:/vision_tower/vision_model/encoder/layers.3/self_attn/out_proj/MatMul_myl0_44
0.0,28204,2,14102.0,14102.0,8167,20037,8393.4,myelin-exec:/layers.11/mlp/gateup_proj_3/MatMul_myl0_1885
0.0,28130,2,14065.0,14065.0,8232,19898,8249.1,myelin-exec:/layers.13/mlp/gate_proj/MatMul_myl0_659
0.0,28111,2,14055.5,14055.5,6453,21658,10751.6,myelin-exec:/layers.11/mlp/gateup_proj_4/MatMul_myl0_2194
0.0,28101,2,14050.5,14050.5,6407,21694,10809.5,myelin-exec:/layers.7/mlp/gate_proj/MatMul_myl0_509
0.0,28101,2,14050.5,14050.5,9731,18370,6108.7,myelin-exec:__myl_Fc_myl0_306
0.0,27973,2,13986.5,13986.5,8139,19834,8269.6,myelin-exec:/layers.17/mlp/gateup_proj_8/MatMul_myl0_3532
0.0,27945,2,13972.5,13972.5,1222,26723,18031.9,myelin-exec:__myl_SlicReshSlicNegSlicConcMulMulAddTran_myl0_1754
0.0,27898,2,13949.0,13949.0,6796,21102,10115.9,myelin-exec:/layers.15/self_attn/qk_matmul/MatMul_myl0_695
0.0,27862,2,13931.0,13931.0,6075,21787,11110.1,myelin-exec:/layers.7/mlp/up_proj/MatMul_myl0_507
0.0,27740,2,13870.0,13870.0,5926,21814,11234.5,myelin-exec:/layers.16/self_attn/av_matmul/MatMul_myl0_725
0.0,27630,2,13815.0,13815.0,5861,21769,11248.7,myelin-exec:/layers.10/mlp/gate_proj/MatMul_myl0_584
0.0,27482,2,13741.0,13741.0,3963,23519,13828.2,myelin-exec:__myl_AddReshCastMulMeanAddSqrtDivMulMulCastReshDyna_myl0_330
0.0,27445,2,13722.5,13722.5,5963,21482,10973.6,myelin-exec:/layers.4/mlp/down_proj/MatMul_myl0_437
0.0,27213,2,13606.5,13606.5,6010,21203,10743.1,myelin-exec:/layers.4/mlp/gate_proj/MatMul_myl0_434
0.0,27204,2,13602.0,13602.0,4343,22861,13094.2,myelin-exec:__myl_Fc_myl0_1555
0.0,27195,2,13597.5,13597.5,8121,19074,7744.9,myelin-exec:/layers.13/mlp/up_proj/MatMul_myl0_657
0.0,27111,2,13555.5,13555.5,5759,21352,11025.9,myelin-exec:/layers.10/mlp/down_proj/MatMul_myl0_587
0.0,27010,2,13505.0,13505.0,6019,20991,10586.8,myelin-exec:/layers.6/mlp/gate_proj/MatMul_myl0_484
0.0,26963,2,13481.5,13481.5,7361,19602,8655.7,myelin-exec:/layers.1/mlp/up_proj/MatMul_myl0_357
0.0,26769,2,13384.5,13384.5,5935,20834,10535.2,myelin-exec:/layers.5/mlp/gate_proj/MatMul_myl0_459
0.0,26723,2,13361.5,13361.5,3852,22871,13448.5,myelin-exec:/layers.10/self_attn_3/MatMul_1_myl0_1554
0.0,26721,2,13360.5,13360.5,7592,19129,8157.9,myelin-exec:/layers.12/mlp/gate_proj/MatMul_myl0_634
0.0,26675,2,13337.5,13337.5,9416,17259,5545.8,myelin-exec:__myl_Fc_myl0_323
0.0,26648,2,13324.0,13324.0,1074,25574,17324.1,myelin-exec:__myl_AddCastMulMeanAddSqrtDivMulMulAddCastMulCast_myl0_1541
0.0,26620,2,13310.0,13310.0,3722,22898,13559.5,myelin-exec:/layers.15/self_attn_3/MatMul_myl0_1634
0.0,26602,2,13301.0,13301.0,7287,19315,8505.1,myelin-exec:/layers.13/self_attn/qk_matmul/MatMul_myl0_645
0.0,26517,2,13258.5,13258.5,7814,18703,7699.7,myelin-exec:/layers.14/self_attn/qk_matmul/MatMul_myl0_670
0.0,26491,2,13245.5,13245.5,6195,20296,9970.9,myelin-exec:/layers.9/mlp/gate_proj/MatMul_myl0_559
0.0,26371,2,13185.5,13185.5,5593,20778,10737.4,myelin-exec:/layers.8/self_attn/qk_matmul/MatMul_myl0_520
0.0,26342,2,13171.0,13171.0,6037,20305,10089.0,myelin-exec:/vision_tower/vision_model/encoder/layers.1/mlp/fc1/MatMul_myl0_24
0.0,26333,2,13166.5,13166.5,12417,13916,1060.0,myelin-exec:/layers.8/self_attn_3/MatMul_1_myl0_1520
0.0,26315,2,13157.5,13157.5,5713,20602,10528.1,myelin-exec:/layers.13/mlp/gateup_proj_7/MatMul_myl0_3155
0.0,26305,2,13152.5,13152.5,5509,20796,10809.5,myelin-exec:/vision_tower/vision_model/encoder/layers.2/self_attn/out_proj/MatMul_myl0_33
0.0,26296,2,13148.0,13148.0,6546,19750,9336.6,myelin-exec:/layers.6/mlp/up_proj/MatMul_myl0_482
0.0,26240,2,13120.0,13120.0,8490,17750,6547.8,myelin-exec:__myl_Fc_myl0_715
0.0,26120,2,13060.0,13060.0,4991,21129,11411.3,myelin-exec:/layers.3/self_attn/qk_matmul/MatMul_myl0_395
0.0,26101,2,13050.5,13050.5,6018,20083,9945.5,myelin-exec:/layers.9/mlp/up_proj/MatMul_myl0_557
0.0,26093,2,13046.5,13046.5,6130,19963,9781.4,myelin-exec:/layers.1/mlp/gateup_proj/MatMul_myl0_785
0.0,26093,2,13046.5,13046.5,4611,21482,11929.6,myelin-exec:/vision_tower/vision_model/encoder/layers.6/self_attn/out_proj/MatMul_myl0_77
0.0,26057,2,13028.5,13028.5,4297,21760,12348.2,myelin-exec:/vision_tower/vision_model/encoder/layers.8/self_attn/out_proj/MatMul_myl0_99
0.0,26055,2,13027.5,13027.5,4611,21444,11902.7,myelin-exec:/vision_tower/vision_model/encoder/layers.23/self_attn/out_proj/MatMul_myl0_264
0.0,26000,2,13000.0,13000.0,7491,18509,7790.9,myelin-exec:/layers.15/mlp/gate_proj/MatMul_myl0_709
0.0,25908,2,12954.0,12954.0,5204,20704,10960.2,myelin-exec:/layers.0/self_attn/qk_matmul/MatMul_myl0_318
0.0,25815,2,12907.5,12907.5,5074,20741,11078.2,myelin-exec:/layers.9/mlp/gateup_proj_4/MatMul_myl0_2160
0.0,25685,2,12842.5,12842.5,5704,19981,10095.4,myelin-exec:/layers.8/mlp/down_proj/MatMul_myl0_537
0.0,25658,2,12829.0,12829.0,2732,22926,14279.3,myelin-exec:/layers.2/self_attn_4/MatMul_myl0_1722
0.0,25658,2,12829.0,12829.0,6250,19408,9304.1,myelin-exec:/layers.8/mlp/up_proj/MatMul_myl0_532
0.0,25555,2,12777.5,12777.5,3333,22222,13356.5,myelin-exec:__myl_SlicSlicMulMulMulAddMulTanhAddMulMulMulMulCast_myl0_1679
0.0,25546,2,12773.0,12773.0,6574,18972,8766.7,myelin-exec:/layers.15/self_attn/av_matmul/MatMul_myl0_700
0.0,25528,2,12764.0,12764.0,6000,19528,9565.7,myelin-exec:/layers.10/mlp/gateup_proj_3/MatMul_myl0_1868
0.0,25519,2,12759.5,12759.5,2028,23491,15176.6,myelin-exec:__myl_AddCastMulMeanAddSqrtDivMulMulAddCastMulCast_myl0_1558
0.0,25510,2,12755.0,12755.0,5371,20139,10442.6,myelin-exec:/vision_tower/vision_model/encoder/layers.3/self_attn/v_proj/MatMul+/vision_tower/vision_model/encoder/layers.3/self_attn/k_proj/MatMul+/vision_tower/vision_model/encoder/layers.3/self_attn/q_proj/MatMul_myl0_38
0.0,25472,2,12736.0,12736.0,2037,23435,15130.7,myelin-exec:__myl_AddCastMulMeanAddSqrtDivMulMulAddCastMulCast_myl0_1697
0.0,25435,2,12717.5,12717.5,6981,18454,8112.6,myelin-exec:/layers.1/mlp/gate_proj/MatMul_myl0_359
0.0,25407,2,12703.5,12703.5,4611,20796,11444.5,myelin-exec:/vision_tower/vision_model/encoder/layers.17/self_attn/out_proj/MatMul_myl0_198
0.0,25398,2,12699.0,12699.0,5509,19889,10168.2,myelin-exec:/layers.4/mlp/gateup_proj_7/MatMul_myl0_3002
0.0,25379,2,12689.5,12689.5,3472,21907,13035.5,myelin-exec:/layers.13/self_attn_3/MatMul_1_myl0_1605
0.0,25379,2,12689.5,12689.5,4555,20824,11503.9,myelin-exec:__myl_Fc_myl0_1684
0.0,25325,2,12662.5,12662.5,5621,19704,9958.2,myelin-exec:/layers.9/mlp/down_proj/MatMul_myl0_562
0.0,25315,2,12657.5,12657.5,3556,21759,12871.5,myelin-exec:/layers.1/self_attn_4/MatMul_myl0_1705
0.0,25277,2,12638.5,12638.5,4027,21250,12178.5,myelin-exec:/layers.17/self_attn_1/MatMul_1_myl0_1052
0.0,25277,2,12638.5,12638.5,7287,17990,7568.2,myelin-exec:/layers.7/mlp/gateup_proj/MatMul_myl0_887
0.0,25269,2,12634.5,12634.5,3408,21861,13048.2,myelin-exec:__myl_Fc_myl0_1597
0.0,25259,2,12629.5,12629.5,6315,18944,8930.1,myelin-exec:/layers.2/mlp/down_proj/MatMul_myl0_387
0.0,25157,2,12578.5,12578.5,5861,19296,9500.0,myelin-exec:/layers.10/self_attn/av_matmul/MatMul_myl0_575
0.0,25148,2,12574.0,12574.0,6657,18491,8367.9,myelin-exec:__myl_Fc_myl0_604
0.0,25139,2,12569.5,12569.5,3852,21287,12328.4,myelin-exec:/layers.14/self_attn_3/MatMul_1_myl0_1622
0.0,25130,2,12565.0,12565.0,4593,20537,11274.1,myelin-exec:/vision_tower/vision_model/encoder/layers.10/self_attn/v_proj/MatMul+/vision_tower/vision_model/encoder/layers.10/self_attn/k_proj/MatMul+/vision_tower/vision_model/encoder/layers.10/self_attn/q_proj/MatMul_myl0_115
0.0,25028,2,12514.0,12514.0,5111,19917,10469.4,myelin-exec:/vision_tower/vision_model/encoder/layers.5/self_attn/out_proj/MatMul_myl0_66
0.0,25009,2,12504.5,12504.5,5102,19907,10468.7,myelin-exec:/layers.2/mlp/gateup_proj/MatMul_myl0_802
0.0,24991,2,12495.5,12495.5,4963,20028,10652.6,myelin-exec:/layers.10/mlp/gateup_proj_4/MatMul_myl0_2177
0.0,24991,2,12495.5,12495.5,5491,19500,9905.9,myelin-exec:/layers.7/mlp/gateup_proj_2/MatMul_myl0_1508
0.0,24907,2,12453.5,12453.5,8166,16741,6063.4,myelin-exec:__myl_Fc_myl0_468
0.0,24889,2,12444.5,12444.5,4306,20583,11509.6,myelin-exec:/vision_tower/vision_model/encoder/layers.7/self_attn/out_proj/MatMul_myl0_88
0.0,24889,2,12444.5,12444.5,4574,20315,11130.6,myelin-exec:__myl_Fc_myl0_1629
0.0,24880,2,12440.0,12440.0,2000,22880,14764.4,myelin-exec:__myl_SlicSlicMulMulMulAddMulTanhAddMulMulMulMulCast_myl0_1767
0.0,24860,2,12430.0,12430.0,4416,20444,11333.5,myelin-exec:/vision_tower/vision_model/encoder/layers.14/self_attn/v_proj/MatMul+/vision_tower/vision_model/encoder/layers.14/self_attn/k_proj/MatMul+/vision_tower/vision_model/encoder/layers.14/self_attn/q_proj/MatMul_myl0_159
0.0,24851,2,12425.5,12425.5,6092,18759,8956.9,myelin-exec:/layers.2/mlp/up_proj/MatMul_myl0_382
0.0,24842,2,12421.0,12421.0,7861,16981,6448.8,myelin-exec:/layers.13/mlp/down_proj/MatMul_myl0_662
0.0,24833,2,12416.5,12416.5,4787,20046,10789.7,myelin-exec:/vision_tower/vision_model/encoder/layers.26/self_attn/out_proj/MatMul_myl0_297
0.0,24824,2,12412.0,12412.0,7296,17528,7235.1,myelin-exec:__myl_Fc_myl0_640
0.0,24778,2,12389.0,12389.0,9222,15556,4478.8,myelin-exec:__myl_Fc_myl0_340
0.0,24777,2,12388.5,12388.5,4611,20166,10999.0,myelin-exec:/vision_tower/vision_model/encoder/layers.26/self_attn/v_proj/MatMul+/vision_tower/vision_model/encoder/layers.26/self_attn/k_proj/MatMul+/vision_tower/vision_model/encoder/layers.26/self_attn/q_proj/MatMul_myl0_291
0.0,24769,2,12384.5,12384.5,6732,18037,7993.8,myelin-exec:/layers.7/mlp/down_proj/MatMul_myl0_512
0.0,24741,2,12370.5,12370.5,6482,18259,8327.6,myelin-exec:/layers.2/mlp/gate_proj/MatMul_myl0_384
0.0,24676,2,12338.0,12338.0,8130,16546,5951.0,myelin-exec:/layers.6/mlp/gateup_proj_4/MatMul_myl0_2109
0.0,24575,2,12287.5,12287.5,5167,19408,10069.9,myelin-exec:/layers.3/mlp/gateup_proj/MatMul_myl0_819
0.0,24546,2,12273.0,12273.0,6231,18315,8544.7,myelin-exec:/layers.13/mlp/gateup_proj_8/MatMul_myl0_3464
0.0,24527,2,12263.5,12263.5,5796,18731,9146.4,myelin-exec:/layers.16/mlp/gateup_proj_7/MatMul_myl0_3206
0.0,24491,2,12245.5,12245.5,4639,19852,10757.2,myelin-exec:/vision_tower/vision_model/encoder/layers.19/self_attn/out_proj/MatMul_myl0_220
0.0,24481,2,12240.5,12240.5,7333,17148,6940.3,myelin-exec:/layers.1/mlp/gateup_proj_7/MatMul_myl0_2951
0.0,24481,2,12240.5,12240.5,4157,20324,11431.8,myelin-exec:/vision_tower/vision_model/encoder/layers.12/self_attn/out_proj/MatMul_myl0_143
0.0,24454,2,12227.0,12227.0,7371,17083,6867.4,myelin-exec:/layers.1/self_attn/qk_matmul/MatMul_myl0_345
0.0,24408,2,12204.0,12204.0,4537,19871,10842.8,myelin-exec:/vision_tower/vision_model/encoder/layers.14/self_attn/out_proj/MatMul_myl0_165
0.0,24398,2,12199.0,12199.0,5990,18408,8780.9,myelin-exec:/layers.14/mlp/gateup_proj_8/MatMul_myl0_3481
0.0,24388,2,12194.0,12194.0,8083,16305,5813.8,myelin-exec:__myl_Fc_myl0_393
0.0,24343,2,12171.5,12171.5,4685,19658,10587.5,myelin-exec:/vision_tower/vision_model/encoder/layers.10/self_attn/out_proj/MatMul_myl0_121
0.0,24324,2,12162.0,12162.0,7194,17130,7025.8,myelin-exec:__myl_Fc_myl0_373
0.0,24297,2,12148.5,12148.5,4769,19528,10436.2,myelin-exec:__myl_Fc_myl0_821
0.0,24278,2,12139.0,12139.0,9620,14658,3562.4,myelin-exec:__myl_Fc_myl0_1054
0.0,24259,2,12129.5,12129.5,5815,18444,8930.1,myelin-exec:/layers.16/self_attn/qk_matmul/MatMul_myl0_720
0.0,24250,2,12125.0,12125.0,6500,17750,7955.0,myelin-exec:/layers.3/mlp/gateup_proj_1/MatMul_myl0_1131
0.0,24203,2,12101.5,12101.5,6314,17889,8184.8,myelin-exec:/layers.17/mlp/gateup_proj_9/MatMul_myl0_3841
0.0,24175,2,12087.5,12087.5,6935,17240,7286.7,myelin-exec:/layers.16/mlp/gateup_proj/MatMul_myl0_1040
0.0,24175,2,12087.5,12087.5,4444,19731,10809.5,myelin-exec:/vision_tower/vision_model/encoder/layers.15/self_attn/out_proj/MatMul_myl0_176
0.0,24139,2,12069.5,12069.5,10584,13555,2100.8,myelin-exec:/vision_tower/vision_model/encoder/layers.17/mlp/fc2/MatMul_myl0_201
0.0,24121,2,12060.5,12060.5,6250,17871,8217.3,myelin-exec:/layers.3/mlp/down_proj/MatMul_myl0_412
0.0,24082,2,12041.0,12041.0,8388,15694,5166.1,myelin-exec:__myl_Fc_myl0_643
0.0,24075,2,12037.5,12037.5,6195,17880,8262.5,myelin-exec:/layers.9/mlp/gateup_proj_3/MatMul_myl0_1851
0.0,24075,2,12037.5,12037.5,4213,19862,11065.5,myelin-exec:/vision_tower/vision_model/encoder/layers.20/self_attn/out_proj/MatMul_myl0_231
0.0,24036,2,12018.0,12018.0,5870,18166,8694.6,myelin-exec:/layers.14/self_attn/av_matmul/MatMul_myl0_675
0.0,24019,2,12009.5,12009.5,4565,19454,10528.1,myelin-exec:/vision_tower/vision_model/encoder/layers.6/self_attn/v_proj/MatMul+/vision_tower/vision_model/encoder/layers.6/self_attn/k_proj/MatMul+/vision_tower/vision_model/encoder/layers.6/self_attn/q_proj/MatMul_myl0_71
0.0,23991,2,11995.5,11995.5,1102,22889,15405.7,myelin-exec:__myl_DivMulCastCastMulCastReshReshSlicSlic_myl0_1654
0.0,23963,2,11981.5,11981.5,4473,19490,10618.6,myelin-exec:/vision_tower/vision_model/encoder/layers.23/self_attn/v_proj/MatMul+/vision_tower/vision_model/encoder/layers.23/self_attn/k_proj/MatMul+/vision_tower/vision_model/encoder/layers.23/self_attn/q_proj/MatMul_myl0_258
0.0,23954,2,11977.0,11977.0,5250,18704,9513.4,myelin-exec:/layers.8/mlp/gateup_proj_1/MatMul_myl0_1216
0.0,23953,2,11976.5,11976.5,2000,21953,14108.9,myelin-exec:__myl_Slic_myl0_1709
0.0,23935,2,11967.5,11967.5,6602,17333,7588.0,myelin-exec:/layers.3/mlp/up_proj/MatMul_myl0_407
0.0,23925,2,11962.5,11962.5,4870,19055,10030.3,myelin-exec:/vision_tower/vision_model/encoder/layers.4/mlp/fc2/MatMul_myl0_58
0.0,23907,2,11953.5,11953.5,1963,21944,14128.7,myelin-exec:__myl_DivMulCastCastMulCastReshReshSlicSlic_myl0_1759
0.0,23834,2,11917.0,11917.0,4861,18973,9978.7,myelin-exec:/vision_tower/vision_model/encoder/layers.4/self_attn/out_proj/MatMul_myl0_55
0.0,23824,2,11912.0,11912.0,2102,21722,13873.4,myelin-exec:__myl_AddCastMulMeanAddSqrtDivMulMulAddCastMulCast_myl0_1630
0.0,23778,2,11889.0,11889.0,4824,18954,9991.4,myelin-exec:/vision_tower/vision_model/encoder/layers.5/mlp/fc1/MatMul_myl0_68
0.0,23769,2,11884.5,11884.5,1260,22509,15025.3,myelin-exec:__myl_DivMulCastCastMulCastReshReshSlicSlic_myl0_1708
0.0,23768,2,11884.0,11884.0,5444,18324,9107.5,myelin-exec:/layers.12/self_attn/qk_matmul/MatMul_myl0_620
0.0,23749,2,11874.5,11874.5,5564,18185,8924.4,myelin-exec:/layers.0/self_attn/av_matmul/MatMul_myl0_325
0.0,23749,2,11874.5,11874.5,5185,18564,9460.4,myelin-exec:/layers.4/self_attn/qk_matmul/MatMul_myl0_420
0.0,23723,2,11861.5,11861.5,5686,18037,8733.5,myelin-exec:/layers.14/mlp/gateup_proj_1/MatMul_myl0_1318
0.0,23713,2,11856.5,11856.5,7750,15963,5807.5,myelin-exec:__myl_Fc_myl0_473
0.0,23694,2,11847.0,11847.0,4805,18889,9958.9,myelin-exec:/vision_tower/vision_model/encoder/layers.26/mlp/fc1/MatMul_myl0_299
0.0,23685,2,11842.5,11842.5,5463,18222,9022.0,myelin-exec:/layers.8/self_attn/av_matmul/MatMul_myl0_525
0.0,23658,2,11829.0,11829.0,5639,18019,8754.0,myelin-exec:/layers.13/mlp/gateup_proj_1/MatMul_myl0_1301
0.0,23648,2,11824.0,11824.0,2787,20861,12780.2,myelin-exec:/layers.4/self_attn_5/MatMul_1_myl0_2070
0.0,23620,2,11810.0,11810.0,2463,21157,13218.7,myelin-exec:__myl_MulAddMulCast_myl0_1683
0.0,23518,2,11759.0,11759.0,4879,18639,9729.8,myelin-exec:/layers.17/mlp/gateup_proj_5/MatMul_myl0_2605
0.0,23510,2,11755.0,11755.0,6491,17019,7444.4,myelin-exec:/layers.3/mlp/gateup_proj_8/MatMul_myl0_3294
0.0,23500,2,11750.0,11750.0,1037,22463,15150.5,myelin-exec:__myl_AddCastMulMeanAddSqrtDivMulMulAddCastMulCast_myl0_1609
0.0,23482,2,11741.0,11741.0,6250,17232,7765.4,myelin-exec:/layers.14/mlp/gateup_proj/MatMul_myl0_1006
0.0,23463,2,11731.5,11731.5,4778,18685,9833.7,myelin-exec:/vision_tower/vision_model/encoder/layers.18/mlp/fc1/MatMul_myl0_211
0.0,23445,2,11722.5,11722.5,5204,18241,9218.6,myelin-exec:/layers.8/mlp/gateup_proj/MatMul_myl0_904
0.0,23408,2,11704.0,11704.0,8519,14889,4504.3,myelin-exec:__myl_Fc_myl0_308
0.0,23407,2,11703.5,11703.5,5435,17972,8865.0,myelin-exec:/layers.2/self_attn/qk_matmul/MatMul_myl0_370
0.0,23398,2,11699.0,11699.0,5685,17713,8505.1,myelin-exec:/layers.6/self_attn/av_matmul/MatMul_myl0_475
0.0,23398,2,11699.0,11699.0,7990,15408,5245.3,myelin-exec:__myl_Fc_myl0_354
0.0,23344,2,11672.0,11672.0,6306,17038,7588.7,myelin-exec:/layers.4/mlp/gateup_proj_5/MatMul_myl0_2384
0.0,23342,2,11671.0,11671.0,4500,18842,10141.3,myelin-exec:/vision_tower/vision_model/encoder/layers.11/self_attn/out_proj/MatMul_myl0_132
0.0,23333,2,11666.5,11666.5,10824,12509,1191.5,myelin-exec:__myl_Fc_myl0_2258
0.0,23297,2,11648.5,11648.5,5908,17389,8118.3,myelin-exec:/layers.6/self_attn/qk_matmul/MatMul_myl0_470
0.0,23277,2,11638.5,11638.5,5259,18018,9022.0,myelin-exec:/vision_tower/vision_model/encoder/layers.4/mlp/fc1/MatMul_myl0_57
0.0,23214,2,11607.0,11607.0,4121,19093,10586.8,myelin-exec:/vision_tower/vision_model/encoder/layers.12/mlp/fc1/MatMul_myl0_145
0.0,23213,2,11606.5,11606.5,4389,18824,10207.1,myelin-exec:/vision_tower/vision_model/encoder/layers.6/mlp/fc1/MatMul_myl0_79
0.0,23185,2,11592.5,11592.5,5546,17639,8551.0,myelin-exec:/layers.4/mlp/gateup_proj/MatMul_myl0_836
0.0,23167,2,11583.5,11583.5,5158,18009,9087.0,myelin-exec:/layers.5/mlp/gateup_proj_2/MatMul_myl0_1474
0.0,23167,2,11583.5,11583.5,5565,17602,8511.4,myelin-exec:/layers.7/mlp/gateup_proj_1/MatMul_myl0_1199
0.0,23166,2,11583.0,11583.0,5602,17564,8458.4,myelin-exec:/layers.2/self_attn/av_matmul/MatMul_myl0_375
0.0,23130,2,11565.0,11565.0,1991,21139,13539.7,myelin-exec:__myl_Slic_myl0_1655
0.0,23121,2,11560.5,11560.5,4426,18695,10089.7,myelin-exec:/vision_tower/vision_model/encoder/layers.17/self_attn/v_proj/MatMul+/vision_tower/vision_model/encoder/layers.17/self_attn/k_proj/MatMul+/vision_tower/vision_model/encoder/layers.17/self_attn/q_proj/MatMul_myl0_192
0.0,23110,2,11555.0,11555.0,4703,18407,9690.2,myelin-exec:/layers.12/mlp/gateup_proj/MatMul_myl0_972
0.0,23074,2,11537.0,11537.0,5972,17102,7870.1,myelin-exec:/layers.12/mlp/gateup_proj_8/MatMul_myl0_3447
0.0,23038,2,11519.0,11519.0,5019,18019,9192.4,myelin-exec:/layers.5/self_attn/qk_matmul/MatMul_myl0_445
0.0,23037,2,11518.5,11518.5,5676,17361,8262.5,myelin-exec:/vision_tower/vision_model/encoder/layers.2/mlp/fc1/MatMul_myl0_35
0.0,23000,2,11500.0,11500.0,6204,16796,7489.7,myelin-exec:/layers.9/mlp/gateup_proj_2/MatMul_myl0_1542
0.0,22972,2,11486.0,11486.0,5250,17722,8819.0,myelin-exec:/layers.11/self_attn/qk_matmul/MatMul_myl0_595
0.0,22963,2,11481.5,11481.5,6907,16056,6469.3,myelin-exec:__myl_Fc_myl0_554
0.0,22935,2,11467.5,11467.5,6787,16148,6619.2,myelin-exec:/layers.15/mlp/gateup_proj_1/MatMul_myl0_1335
0.0,22906,2,11453.0,11453.0,7416,15490,5709.2,myelin-exec:/layers.14/mlp/gateup_proj_6/MatMul_myl0_2863
0.0,22899,2,11449.5,11449.5,5334,17565,8648.6,myelin-exec:/layers.0/mlp/gateup_proj_3/MatMul_myl0_1698
0.0,22899,2,11449.5,11449.5,7010,15889,6278.4,myelin-exec:__myl_Fc_myl0_440
0.0,22889,2,11444.5,11444.5,7648,15241,5369.1,myelin-exec:__myl_Fc_myl0_515
0.0,22888,2,11444.0,11444.0,6250,16638,7345.4,myelin-exec:/layers.9/mlp/gateup_proj_5/MatMul_myl0_2469
0.0,22861,2,11430.5,11430.5,4444,18417,9880.4,myelin-exec:__myl_Fc_myl0_1747
0.0,22843,2,11421.5,11421.5,5278,17565,8688.2,myelin-exec:/layers.6/mlp/gateup_proj_1/MatMul_myl0_1182
0.0,22815,2,11407.5,11407.5,7444,15371,5605.2,myelin-exec:__myl_Fc_myl0_665
0.0,22796,2,11398.0,11398.0,5935,16861,7725.8,myelin-exec:/layers.0/mlp/gateup_proj_7/MatMul_myl0_2934
0.0,22769,2,11384.5,11384.5,4019,18750,10416.4,myelin-exec:/vision_tower/vision_model/encoder/layers.13/self_attn/out_proj/MatMul_myl0_154
0.0,22759,2,11379.5,11379.5,6334,16425,7135.4,myelin-exec:/layers.16/mlp/gateup_proj_1/MatMul_myl0_1352
0.0,22759,2,11379.5,11379.5,6240,16519,7268.4,myelin-exec:/layers.5/mlp/gateup_proj_7/MatMul_myl0_3019
0.0,22704,2,11352.0,11352.0,6361,16343,7058.3,myelin-exec:/layers.12/self_attn/av_matmul/MatMul_myl0_625
0.0,22704,2,11352.0,11352.0,2649,20055,12307.9,myelin-exec:/layers.4/self_attn_4/MatMul_myl0_1756
0.0,22693,2,11346.5,11346.5,4490,18203,9696.6,myelin-exec:/vision_tower/vision_model/encoder/layers.18/self_attn/out_proj/MatMul_myl0_209
0.0,22676,2,11338.0,11338.0,5805,16871,7824.8,myelin-exec:/layers.0/mlp/gateup_proj_1/MatMul_myl0_1080
0.0,22676,2,11338.0,11338.0,6074,16602,7444.4,myelin-exec:/layers.9/mlp/gateup_proj/MatMul_myl0_921
0.0,22649,2,11324.5,11324.5,4417,18232,9768.7,myelin-exec:/vision_tower/vision_model/encoder/layers.20/self_attn/v_proj/MatMul+/vision_tower/vision_model/encoder/layers.20/self_attn/k_proj/MatMul+/vision_tower/vision_model/encoder/layers.20/self_attn/q_proj/MatMul_myl0_225
0.0,22621,2,11310.5,11310.5,4732,17889,9303.4,myelin-exec:/vision_tower/vision_model/encoder/layers.24/mlp/fc1/MatMul_myl0_277
0.0,22620,2,11310.0,11310.0,4676,17944,9381.9,myelin-exec:/vision_tower/vision_model/encoder/layers.15/mlp/fc1/MatMul_myl0_178
0.0,22593,2,11296.5,11296.5,3917,18676,10436.2,myelin-exec:/vision_tower/vision_model/encoder/layers.25/self_attn/out_proj/MatMul_myl0_286
0.0,22592,2,11296.0,11296.0,7111,15481,5918.5,myelin-exec:__myl_Fc_myl0_565
0.0,22584,2,11292.0,11292.0,7917,14667,4773.0,myelin-exec:/layers.0/mlp/gateup_proj_4/MatMul_myl0_2007
0.0,22583,2,11291.5,11291.5,5629,16954,8008.0,myelin-exec:/layers.2/mlp/gateup_proj_1/MatMul_myl0_1114
0.0,22556,2,11278.0,11278.0,6296,16260,7045.6,myelin-exec:/layers.12/mlp/gateup_proj_1/MatMul_myl0_1284
0.0,22537,2,11268.5,11268.5,5722,16815,7843.9,myelin-exec:/layers.1/self_attn/av_matmul/MatMul_myl0_350
0.0,22537,2,11268.5,11268.5,6111,16426,7293.8,myelin-exec:/layers.11/mlp/gateup_proj_8/MatMul_myl0_3430
0.0,22519,2,11259.5,11259.5,7843,14676,4831.7,myelin-exec:__myl_Fc_myl0_729
0.0,22491,2,11245.5,11245.5,6352,16139,6920.5,myelin-exec:__myl_Fc_myl0_548
0.0,22482,2,11241.0,11241.0,5732,16750,7790.9,myelin-exec:/layers.3/mlp/gate_proj/MatMul_myl0_409
0.0,22482,2,11241.0,11241.0,5176,17306,8577.2,myelin-exec:/layers.6/mlp/gateup_proj_7/MatMul_myl0_3036
0.0,22481,2,11240.5,11240.5,6268,16213,7032.2,myelin-exec:/layers.13/mlp/gateup_proj_9/MatMul_myl0_3773
0.0,22454,2,11227.0,11227.0,1186,21268,14200.1,myelin-exec:__myl_SlicReshSlicNegSlicConcMulMulAddTran_myl0_1547
0.0,22435,2,11217.5,11217.5,5333,17102,8321.9,myelin-exec:/layers.9/self_attn/av_matmul/MatMul_myl0_550
0.0,22426,2,11213.0,11213.0,5361,17065,8276.0,myelin-exec:/vision_tower/vision_model/encoder/layers.6/mlp/fc2/MatMul_myl0_80
0.0,22417,2,11208.5,11208.5,5074,17343,8675.5,myelin-exec:/vision_tower/vision_model/encoder/layers.8/self_attn/v_proj/MatMul+/vision_tower/vision_model/encoder/layers.8/self_attn/k_proj/MatMul+/vision_tower/vision_model/encoder/layers.8/self_attn/q_proj/MatMul_myl0_93
0.0,22399,2,11199.5,11199.5,7556,14843,5152.7,myelin-exec:/layers.7/mlp/gateup_proj_4/MatMul_myl0_2126
0.0,22389,2,11194.5,11194.5,5000,17389,8760.3,myelin-exec:/layers.8/mlp/gateup_proj_5/MatMul_myl0_2452
0.0,22371,2,11185.5,11185.5,2260,20111,12622.6,myelin-exec:__myl_AddMulCastReshTran_myl0_1729
0.0,22361,2,11180.5,11180.5,4880,17481,8910.3,myelin-exec:/layers.14/mlp/gateup_proj_7/MatMul_myl0_3172
0.0,22361,2,11180.5,11180.5,6047,16314,7259.9,myelin-exec:/layers.5/mlp/gateup_proj_8/MatMul_myl0_3328
0.0,22361,2,11180.5,11180.5,4639,17722,9251.1,myelin-exec:/vision_tower/vision_model/encoder/layers.7/mlp/fc2/MatMul_myl0_91
0.0,22352,2,11176.0,11176.0,7500,14852,5198.6,myelin-exec:/layers.4/mlp/gateup_proj_2/MatMul_myl0_1457
0.0,22352,2,11176.0,11176.0,7435,14917,5290.6,myelin-exec:__myl_Fc_myl0_465
0.0,22343,2,11171.5,11171.5,4408,17935,9565.0,myelin-exec:__myl_Fc_myl0_1010
0.0,22314,2,11157.0,11157.0,7055,15259,5801.1,myelin-exec:/layers.12/mlp/gateup_proj_9/MatMul_myl0_3756
0.0,22306,2,11153.0,11153.0,4611,17695,9251.8,myelin-exec:/vision_tower/vision_model/encoder/layers.22/self_attn/v_proj/MatMul+/vision_tower/vision_model/encoder/layers.22/self_attn/k_proj/MatMul+/vision_tower/vision_model/encoder/layers.22/self_attn/q_proj/MatMul_myl0_247
0.0,22269,2,11134.5,11134.5,2084,20185,12799.3,myelin-exec:__myl_Slic_myl0_1604
0.0,22231,2,11115.5,11115.5,8722,13509,3384.9,myelin-exec:/layers.12/self_attn_9/MatMul_myl0_3437
0.0,22222,2,11111.0,11111.0,5083,17139,8524.9,myelin-exec:/layers.15/mlp/gateup_proj_8/MatMul_myl0_3498
0.0,22167,2,11083.5,11083.5,5278,16889,8210.2,myelin-exec:/layers.2/mlp/gateup_proj_7/MatMul_myl0_2968
0.0,22130,2,11065.0,11065.0,7185,14945,5487.1,myelin-exec:__myl_Fc_myl0_740
0.0,22129,2,11064.5,11064.5,5074,17055,8471.8,myelin-exec:/layers.11/mlp/gateup_proj_1/MatMul_myl0_1267
0.0,22091,2,11045.5,11045.5,4888,17203,8708.0,myelin-exec:/vision_tower/vision_model/encoder/layers.5/self_attn/v_proj/MatMul+/vision_tower/vision_model/encoder/layers.5/self_attn/k_proj/MatMul+/vision_tower/vision_model/encoder/layers.5/self_attn/q_proj/MatMul_myl0_60
0.0,22065,2,11032.5,11032.5,5889,16176,7274.0,myelin-exec:/layers.7/self_attn/qk_matmul/MatMul_myl0_495
0.0,22065,2,11032.5,11032.5,4463,17602,9290.7,myelin-exec:/vision_tower/vision_model/encoder/layers.24/self_attn/out_proj/MatMul_myl0_275
0.0,22055,2,11027.5,11027.5,7231,14824,5369.1,myelin-exec:/layers.5/mlp/gateup_proj_3/MatMul_myl0_1783
0.0,22038,2,11019.0,11019.0,4621,17417,9048.1,myelin-exec:/vision_tower/vision_model/encoder/layers.8/mlp/fc2/MatMul_myl0_102
0.0,22028,2,11014.0,11014.0,4491,17537,9224.9,myelin-exec:__myl_Fc_myl0_1580
0.0,22028,2,11014.0,11014.0,8139,13889,4065.9,myelin-exec:__myl_Fc_myl0_718
0.0,21982,2,10991.0,10991.0,7945,14037,4307.7,myelin-exec:/layers.14/mlp/gateup_proj_5/MatMul_myl0_2554
0.0,21981,2,10990.5,10990.5,6814,15167,5906.5,myelin-exec:__myl_Fc_myl0_518
0.0,21973,2,10986.5,10986.5,8047,13926,4157.1,myelin-exec:__myl_Fc_myl0_590
0.0,21955,2,10977.5,10977.5,5112,16843,8295.1,myelin-exec:/vision_tower/vision_model/encoder/layers.2/mlp/fc2/MatMul_myl0_36
0.0,21926,2,10963.0,10963.0,6297,15629,6598.7,myelin-exec:/layers.6/mlp/gateup_proj_2/MatMul_myl0_1491
0.0,21926,2,10963.0,10963.0,4398,17528,9284.3,myelin-exec:/vision_tower/vision_model/encoder/layers.14/mlp/fc2/MatMul_myl0_168
0.0,21926,2,10963.0,10963.0,4445,17481,9217.8,myelin-exec:/vision_tower/vision_model/encoder/layers.16/self_attn/v_proj/MatMul+/vision_tower/vision_model/encoder/layers.16/self_attn/k_proj/MatMul+/vision_tower/vision_model/encoder/layers.16/self_attn/q_proj/MatMul_myl0_181
0.0,21917,2,10958.5,10958.5,7278,14639,5205.0,myelin-exec:__myl_Fc_myl0_398
0.0,21908,2,10954.0,10954.0,4324,17584,9376.2,myelin-exec:/vision_tower/vision_model/encoder/layers.12/self_attn/v_proj/MatMul+/vision_tower/vision_model/encoder/layers.12/self_attn/k_proj/MatMul+/vision_tower/vision_model/encoder/layers.12/self_attn/q_proj/MatMul_myl0_137
0.0,21898,2,10949.0,10949.0,5000,16898,8413.2,myelin-exec:/layers.3/mlp/gateup_proj_2/MatMul_myl0_1440
0.0,21898,2,10949.0,10949.0,5592,16306,7575.9,myelin-exec:/layers.6/mlp/gateup_proj_5/MatMul_myl0_2418
0.0,21889,2,10944.5,10944.5,7148,14741,5369.1,myelin-exec:__myl_Fc_myl0_679
0.0,21870,2,10935.0,10935.0,5213,16657,8092.1,myelin-exec:__myl_Fc_myl0_1572
0.0,21861,2,10930.5,10930.5,5685,16176,7418.3,myelin-exec:/layers.3/self_attn_1/MatMul_1_myl0_814
0.0,21853,2,10926.5,10926.5,7695,14158,4570.0,myelin-exec:__myl_Fc_myl0_690
0.0,21824,2,10912.0,10912.0,5879,15945,7117.7,myelin-exec:/layers.7/mlp/gateup_proj_5/MatMul_myl0_2435
0.0,21824,2,10912.0,10912.0,6953,14871,5598.9,myelin-exec:__myl_Fc_myl0_498
0.0,21806,2,10903.0,10903.0,7454,14352,4877.6,myelin-exec:__myl_Fc_myl0_479
0.0,21787,2,10893.5,10893.5,5926,15861,7025.1,myelin-exec:/layers.11/mlp/gateup_proj_7/MatMul_myl0_3121
0.0,21778,2,10889.0,10889.0,4426,17352,9140.1,myelin-exec:/vision_tower/vision_model/encoder/layers.14/mlp/fc1/MatMul_myl0_167
0.0,21768,2,10884.0,10884.0,6315,15453,6461.5,myelin-exec:/layers.11/mlp/gateup_proj_2/MatMul_myl0_1576
0.0,21759,2,10879.5,10879.5,5537,16222,7555.4,myelin-exec:/layers.0/mlp/gateup_proj_6/MatMul_myl0_2625
0.0,21741,2,10870.5,10870.5,5204,16537,8013.6,myelin-exec:/layers.14/mlp/gateup_proj_2/MatMul_myl0_1627
0.0,21732,2,10866.0,10866.0,5269,16463,7915.4,myelin-exec:/layers.5/mlp/gateup_proj/MatMul_myl0_853
0.0,21732,2,10866.0,10866.0,6593,15139,6042.9,myelin-exec:__myl_Fc_myl0_693
0.0,21721,2,10860.5,10860.5,5870,15851,7057.6,myelin-exec:/layers.15/mlp/gateup_proj_2/MatMul_myl0_1644
0.0,21713,2,10856.5,10856.5,5222,16491,7968.4,myelin-exec:/layers.7/self_attn/av_matmul/MatMul_myl0_500
0.0,21694,2,10847.0,10847.0,5805,15889,7130.5,myelin-exec:/layers.17/mlp/gateup_proj/MatMul_myl0_1060
0.0,21667,2,10833.5,10833.5,8676,12991,3051.2,myelin-exec:__myl_Fc_myl0_2797
0.0,21648,2,10824.0,10824.0,5259,16389,7870.1,myelin-exec:/layers.12/mlp/gateup_proj_7/MatMul_myl0_3138
0.0,21620,2,10810.0,10810.0,4454,17166,8988.7,myelin-exec:/layers.8/self_attn_2/MatMul_1_myl0_1211
0.0,21601,2,10800.5,10800.5,4611,16990,8753.3,myelin-exec:/vision_tower/vision_model/encoder/layers.13/mlp/fc2/MatMul_myl0_157
0.0,21575,2,10787.5,10787.5,5454,16121,7542.7,myelin-exec:/layers.5/mlp/gateup_proj_1/MatMul_myl0_1165
0.0,21575,2,10787.5,10787.5,3741,17834,9965.3,myelin-exec:__myl_Fc_myl0_1730
0.0,21565,2,10782.5,10782.5,4148,17417,9382.6,myelin-exec:/vision_tower/vision_model/encoder/layers.16/mlp/fc2/MatMul_myl0_190
0.0,21556,2,10778.0,10778.0,5750,15806,7110.7,myelin-exec:/layers.2/mlp/gateup_proj_2/MatMul_myl0_1423
0.0,21556,2,10778.0,10778.0,5306,16250,7738.6,myelin-exec:/layers.8/mlp/gateup_proj_7/MatMul_myl0_3070
0.0,21555,2,10777.5,10777.5,6944,14611,5421.4,myelin-exec:/layers.13/self_attn/av_matmul/MatMul_myl0_650
0.0,21519,2,10759.5,10759.5,5306,16213,7712.4,myelin-exec:/layers.4/self_attn/av_matmul/MatMul_myl0_425
0.0,21510,2,10755.0,10755.0,5269,16241,7758.4,myelin-exec:/layers.1/mlp/gateup_proj_1/MatMul_myl0_1097
0.0,21491,2,10745.5,10745.5,4148,17343,9330.3,myelin-exec:/vision_tower/vision_model/encoder/layers.22/self_attn/out_proj/MatMul_myl0_253
0.0,21491,2,10745.5,10745.5,4528,16963,8792.9,myelin-exec:/vision_tower/vision_model/encoder/layers.9/self_attn/out_proj/MatMul_myl0_110
0.0,21481,2,10740.5,10740.5,4222,17259,9218.6,myelin-exec:/vision_tower/vision_model/encoder/layers.8/mlp/fc1/MatMul_myl0_101
0.0,21462,2,10731.0,10731.0,5990,15472,6704.8,myelin-exec:/layers.1/mlp/gateup_proj_8/MatMul_myl0_3260
0.0,21426,2,10713.0,10713.0,3297,18129,10487.8,myelin-exec:/layers.2/self_attn_1/MatMul_myl0_793
0.0,21426,2,10713.0,10713.0,6102,15324,6520.9,myelin-exec:/layers.8/mlp/gateup_proj_9/MatMul_myl0_3688
0.0,21407,2,10703.5,10703.5,4657,16750,8551.0,myelin-exec:/vision_tower/vision_model/encoder/layers.20/mlp/fc2/MatMul_myl0_234
0.0,21388,2,10694.0,10694.0,4601,16787,8616.8,myelin-exec:/vision_tower/vision_model/encoder/layers.15/self_attn/v_proj/MatMul+/vision_tower/vision_model/encoder/layers.15/self_attn/k_proj/MatMul+/vision_tower/vision_model/encoder/layers.15/self_attn/q_proj/MatMul_myl0_170
0.0,21380,2,10690.0,10690.0,5019,16361,8020.0,myelin-exec:/layers.10/mlp/gateup_proj_8/MatMul_myl0_3413
0.0,21380,2,10690.0,10690.0,4389,16991,8911.0,myelin-exec:/vision_tower/vision_model/encoder/layers.21/self_attn/out_proj/MatMul_myl0_242
0.0,21352,2,10676.0,10676.0,5195,16157,7751.3,myelin-exec:/layers.10/self_attn/qk_matmul/MatMul_myl0_570
0.0,21352,2,10676.0,10676.0,5778,15574,6926.8,myelin-exec:/layers.11/mlp/gateup_proj_5/MatMul_myl0_2503
0.0,21333,2,10666.5,10666.5,6926,14407,5289.9,myelin-exec:/layers.2/mlp/gateup_proj_5/MatMul_myl0_2350
0.0,21325,2,10662.5,10662.5,6241,15084,6252.9,myelin-exec:/layers.13/mlp/gateup_proj_2/MatMul_myl0_1610
0.0,21305,2,10652.5,10652.5,6713,14592,5571.3,myelin-exec:/layers.0/mlp/gateup_proj_5/MatMul_myl0_2316
0.0,21297,2,10648.5,10648.5,6195,15102,6298.2,myelin-exec:/layers.16/mlp/gateup_proj_6/MatMul_myl0_2897
0.0,21288,2,10644.0,10644.0,3417,17871,10220.5,myelin-exec:/layers.7/self_attn_4/MatMul_myl0_1807
0.0,21268,2,10634.0,10634.0,5194,16074,7693.3,myelin-exec:/layers.4/mlp/gateup_proj_1/MatMul_myl0_1148
0.0,21241,2,10620.5,10620.5,6056,15185,6455.2,myelin-exec:/layers.9/mlp/gateup_proj_7/MatMul_myl0_3087
0.0,21241,2,10620.5,10620.5,4287,16954,8956.9,myelin-exec:/vision_tower/vision_model/encoder/layers.24/self_attn/v_proj/MatMul+/vision_tower/vision_model/encoder/layers.24/self_attn/k_proj/MatMul+/vision_tower/vision_model/encoder/layers.24/self_attn/q_proj/MatMul_myl0_269
0.0,21231,2,10615.5,10615.5,1157,20074,13376.3,myelin-exec:__myl_AddMulCastReshTran_myl0_1882
0.0,21194,2,10597.0,10597.0,5111,16083,7758.4,myelin-exec:/layers.16/mlp/gateup_proj_9/MatMul_myl0_3824
0.0,21167,2,10583.5,10583.5,9667,11500,1296.1,myelin-exec:__myl_Fc_myl0_3565
0.0,21166,2,10583.0,10583.0,4722,16444,8288.7,myelin-exec:/vision_tower/vision_model/encoder/layers.7/self_attn/v_proj/MatMul+/vision_tower/vision_model/encoder/layers.7/self_attn/k_proj/MatMul+/vision_tower/vision_model/encoder/layers.7/self_attn/q_proj/MatMul_myl0_82
0.0,21158,2,10579.0,10579.0,4972,16186,7929.5,myelin-exec:/vision_tower/vision_model/encoder/layers.3/mlp/fc1/MatMul_myl0_46
0.0,21157,2,10578.5,10578.5,4805,16352,8165.0,myelin-exec:/layers.1/self_attn_1/MatMul_1_myl0_780
0.0,21149,2,10574.5,10574.5,4482,16667,8616.1,myelin-exec:/vision_tower/vision_model/encoder/layers.16/self_attn/out_proj/MatMul_myl0_187
0.0,21148,2,10574.0,10574.0,5000,16148,7882.8,myelin-exec:/vision_tower/vision_model/encoder/layers.11/mlp/fc1/MatMul_myl0_134
0.0,21147,2,10573.5,10573.5,6425,14722,5866.9,myelin-exec:/layers.15/mlp/gateup_proj/MatMul_myl0_1023
0.0,21139,2,10569.5,10569.5,6982,14157,5073.5,myelin-exec:/layers.9/mlp/gateup_proj_1/MatMul_myl0_1233
0.0,21102,2,10551.0,10551.0,7796,13306,3896.2,myelin-exec:__myl_Fc_myl0_348
0.0,21093,2,10546.5,10546.5,4815,16278,8105.6,myelin-exec:/layers.12/mlp/gateup_proj_4/MatMul_myl0_2211
0.0,21074,2,10537.0,10537.0,8611,12463,2723.8,myelin-exec:__myl_Fc_myl0_329
0.0,21056,2,10528.0,10528.0,3973,17083,9270.2,myelin-exec:/vision_tower/vision_model/encoder/layers.20/mlp/fc1/MatMul_myl0_233
0.0,21055,2,10527.5,10527.5,6148,14907,6193.5,myelin-exec:__myl_Fc_myl0_704
0.0,21047,2,10523.5,10523.5,5259,15788,7445.1,myelin-exec:/layers.10/mlp/gateup_proj_1/MatMul_myl0_1250
0.0,21038,2,10519.0,10519.0,6834,14204,5211.4,myelin-exec:__myl_Fc_myl0_766
0.0,21027,2,10513.5,10513.5,4629,16398,8321.9,myelin-exec:/vision_tower/vision_model/encoder/layers.18/mlp/fc2/MatMul_myl0_212
0.0,21027,2,10513.5,10513.5,1065,19962,13362.2,myelin-exec:__myl_SlicReshTranSlicNegSlicConcMulMulAddCastMulCast_myl0_1704
0.0,21009,2,10504.5,10504.5,7305,13704,4524.8,myelin-exec:__myl_Fc_myl0_454
0.0,20991,2,10495.5,10495.5,6982,14009,4968.8,myelin-exec:/layers.15/mlp/gateup_proj_9/MatMul_myl0_3807
0.0,20982,2,10491.0,10491.0,9861,11121,891.0,myelin-exec:/layers.6/self_attn_6/MatMul_1_myl0_2413
0.0,20945,2,10472.5,10472.5,5834,15111,6559.8,myelin-exec:/layers.1/mlp/gateup_proj_4/MatMul_myl0_2024
0.0,20936,2,10468.0,10468.0,4075,16861,9041.1,myelin-exec:__mye4361220_myl0_6
0.0,20907,2,10453.5,10453.5,3407,17500,9965.3,myelin-exec:/layers.8/self_attn_6/MatMul_1_myl0_2447
0.0,20907,2,10453.5,10453.5,4120,16787,8956.9,myelin-exec:/vision_tower/vision_model/encoder/layers.21/self_attn/v_proj/MatMul+/vision_tower/vision_model/encoder/layers.21/self_attn/k_proj/MatMul+/vision_tower/vision_model/encoder/layers.21/self_attn/q_proj/MatMul_myl0_236
0.0,20889,2,10444.5,10444.5,8028,12861,3417.4,myelin-exec:__myl_Fc_myl0_415
0.0,20871,2,10435.5,10435.5,6593,14278,5434.1,myelin-exec:/layers.7/mlp/gateup_proj_3/MatMul_myl0_1817
0.0,20870,2,10435.0,10435.0,5416,15454,7097.9,myelin-exec:/layers.1/mlp/gateup_proj_5/MatMul_myl0_2333
0.0,20851,2,10425.5,10425.5,6851,14000,5055.1,myelin-exec:/layers.11/mlp/gateup_proj_9/MatMul_myl0_3739
0.0,20851,2,10425.5,10425.5,6592,14259,5421.4,myelin-exec:/layers.14/mlp/gateup_proj_3/MatMul_myl0_1936
0.0,20843,2,10421.5,10421.5,4278,16565,8688.2,myelin-exec:/layers.14/self_attn_1/MatMul_1_myl0_1001
0.0,20843,2,10421.5,10421.5,8306,12537,2991.8,myelin-exec:__myl_Fc_myl0_379
0.0,20842,2,10421.0,10421.0,5287,15555,7260.6,myelin-exec:/layers.12/mlp/gateup_proj_2/MatMul_myl0_1593
0.0,20834,2,10417.0,10417.0,4556,16278,8288.7,myelin-exec:/vision_tower/vision_model/encoder/layers.11/mlp/fc2/MatMul_myl0_135
0.0,20805,2,10402.5,10402.5,6398,14407,5663.2,myelin-exec:/layers.9/mlp/gateup_proj_9/MatMul_myl0_3705
0.0,20805,2,10402.5,10402.5,6305,14500,5794.7,myelin-exec:__myl_Fc_myl0_573
0.0,20797,2,10398.5,10398.5,4695,16102,8066.0,myelin-exec:/vision_tower/vision_model/encoder/layers.4/self_attn/v_proj/MatMul+/vision_tower/vision_model/encoder/layers.4/self_attn/k_proj/MatMul+/vision_tower/vision_model/encoder/layers.4/self_attn/q_proj/MatMul_myl0_49
0.0,20796,2,10398.0,10398.0,5713,15083,6625.6,myelin-exec:/layers.12/mlp/gateup_proj_5/MatMul_myl0_2520
0.0,20796,2,10398.0,10398.0,4722,16074,8027.1,myelin-exec:/layers.2/self_attn_1/MatMul_1_myl0_797
0.0,20787,2,10393.5,10393.5,4445,16342,8412.4,myelin-exec:/vision_tower/vision_model/encoder/layers.26/mlp/fc2/MatMul_myl0_300
0.0,20731,2,10365.5,10365.5,4731,16000,7968.4,myelin-exec:/layers.9/self_attn/qk_matmul/MatMul_myl0_545
0.0,20731,2,10365.5,10365.5,4768,15963,7916.1,myelin-exec:/vision_tower/vision_model/encoder/layers.11/self_attn/v_proj/MatMul+/vision_tower/vision_model/encoder/layers.11/self_attn/k_proj/MatMul+/vision_tower/vision_model/encoder/layers.11/self_attn/q_proj/MatMul_myl0_126
0.0,20723,2,10361.5,10361.5,7241,13482,4413.1,myelin-exec:__myl_Fc_myl0_523
0.0,20714,2,10357.0,10357.0,5399,15315,7011.7,myelin-exec:/layers.11/self_attn/av_matmul/MatMul_myl0_600
0.0,20695,2,10347.5,10347.5,4658,16037,8046.2,myelin-exec:/layers.7/self_attn_1/MatMul_1_myl0_882
0.0,20694,2,10347.0,10347.0,6352,14342,5649.8,myelin-exec:/layers.4/mlp/gateup_proj_4/MatMul_myl0_2075
0.0,20694,2,10347.0,10347.0,5277,15417,7170.1,myelin-exec:/layers.5/mlp/gateup_proj_5/MatMul_myl0_2401
0.0,20694,2,10347.0,10347.0,4259,16435,8609.7,myelin-exec:/vision_tower/vision_model/encoder/layers.25/mlp/fc1/MatMul_myl0_288
0.0,20685,2,10342.5,10342.5,5444,15241,6927.5,myelin-exec:/layers.3/mlp/gateup_proj_5/MatMul_myl0_2367
0.0,20668,2,10334.0,10334.0,4621,16047,8079.4,myelin-exec:/vision_tower/vision_model/encoder/layers.9/self_attn/v_proj/MatMul+/vision_tower/vision_model/encoder/layers.9/self_attn/k_proj/MatMul+/vision_tower/vision_model/encoder/layers.9/self_attn/q_proj/MatMul_myl0_104
0.0,20658,2,10329.0,10329.0,5454,15204,6894.3,myelin-exec:/layers.4/mlp/gateup_proj_9/MatMul_myl0_3620
0.0,20630,2,10315.0,10315.0,6565,14065,5303.3,myelin-exec:__myl_Fc_myl0_593
0.0,20629,2,10314.5,10314.5,4750,15879,7869.4,myelin-exec:/vision_tower/vision_model/encoder/layers.3/mlp/fc2/MatMul_myl0_47
0.0,20610,2,10305.0,10305.0,5740,14870,6455.9,myelin-exec:/layers.17/mlp/gateup_proj_1/MatMul_myl0_1369
0.0,20593,2,10296.5,10296.5,4991,15602,7503.1,myelin-exec:/layers.17/mlp/gateup_proj_6/MatMul_myl0_2914
0.0,20574,2,10287.0,10287.0,4398,16176,8328.3,myelin-exec:/vision_tower/vision_model/encoder/layers.15/mlp/fc2/MatMul_myl0_179
0.0,20547,2,10273.5,10273.5,3815,16732,9133.7,myelin-exec:/layers.17/self_attn_1/MatMul_myl0_1048
0.0,20547,2,10273.5,10273.5,6102,14445,5899.4,myelin-exec:/layers.2/mlp/gateup_proj_4/MatMul_myl0_2041
0.0,20529,2,10264.5,10264.5,5899,14630,6173.7,myelin-exec:__myl_Fc_myl0_995
0.0,20527,2,10263.5,10263.5,4342,16185,8374.3,myelin-exec:/vision_tower/vision_model/encoder/layers.13/mlp/fc1/MatMul_myl0_156
0.0,20519,2,10259.5,10259.5,5370,15149,6914.8,myelin-exec:/layers.2/mlp/gateup_proj_9/MatMul_myl0_3586
0.0,20518,2,10259.0,10259.0,4583,15935,8027.1,myelin-exec:/layers.14/self_attn_4/MatMul_myl0_1926
0.0,20491,2,10245.5,10245.5,5713,14778,6409.9,myelin-exec:/layers.8/mlp/gateup_proj_2/MatMul_myl0_1525
0.0,20481,2,10240.5,10240.5,5203,15278,7124.1,myelin-exec:/layers.10/mlp/gateup_proj_5/MatMul_myl0_2486
0.0,20481,2,10240.5,10240.5,5426,15055,6808.7,myelin-exec:/layers.2/mlp/gateup_proj_3/MatMul_myl0_1732
0.0,20434,2,10217.0,10217.0,6731,13703,4929.9,myelin-exec:/layers.1/mlp/gateup_proj_6/MatMul_myl0_2642
0.0,20370,2,10185.0,10185.0,5435,14935,6717.5,myelin-exec:__myl_Fc_myl0_698
0.0,20362,2,10181.0,10181.0,5084,15278,7208.2,myelin-exec:/layers.4/self_attn_1/MatMul_1_myl0_831
0.0,20361,2,10180.5,10180.5,3231,17130,9828.1,myelin-exec:/layers.1/self_attn_1/MatMul_myl0_776
0.0,20342,2,10171.0,10171.0,7694,12648,3503.0,myelin-exec:__myl_Fc_myl0_540
0.0,20333,2,10166.5,10166.5,6120,14213,5722.6,myelin-exec:/layers.13/mlp/gateup_proj_4/MatMul_myl0_2228
0.0,20323,2,10161.5,10161.5,5583,14740,6475.0,myelin-exec:/layers.14/mlp/gateup_proj_9/MatMul_myl0_3790
0.0,20316,2,10158.0,10158.0,3723,16593,9100.5,myelin-exec:__myl_Fc_myl0_1680
0.0,20241,2,10120.5,10120.5,5528,14713,6494.8,myelin-exec:/layers.0/mlp/gateup_proj_8/MatMul_myl0_3243
0.0,20241,2,10120.5,10120.5,5889,14352,5984.2,myelin-exec:/layers.7/mlp/gateup_proj_9/MatMul_myl0_3671
0.0,20204,2,10102.0,10102.0,2426,17778,10855.5,myelin-exec:__myl_AddMulCastReshTran_myl0_1865
0.0,20184,2,10092.0,10092.0,6842,13342,4596.2,myelin-exec:/layers.12/mlp/gateup_proj_3/MatMul_myl0_1902
0.0,20176,2,10088.0,10088.0,4371,15805,8085.1,myelin-exec:/vision_tower/vision_model/encoder/layers.21/mlp/fc1/MatMul_myl0_244
0.0,20130,2,10065.0,10065.0,7093,13037,4203.0,myelin-exec:__myl_Fc_myl0_579
0.0,20111,2,10055.5,10055.5,4259,15852,8197.5,myelin-exec:/vision_tower/vision_model/encoder/layers.21/mlp/fc2/MatMul_myl0_245
0.0,20110,2,10055.0,10055.0,5231,14879,6822.2,myelin-exec:/layers.10/mlp/gateup_proj_7/MatMul_myl0_3104
0.0,20102,2,10051.0,10051.0,6176,13926,5480.1,myelin-exec:/layers.4/mlp/gateup_proj_6/MatMul_myl0_2693
0.0,20101,2,10050.5,10050.5,5759,14342,6069.1,myelin-exec:/layers.13/mlp/gateup_proj_6/MatMul_myl0_2846
0.0,20093,2,10046.5,10046.5,3695,16398,8982.4,myelin-exec:/layers.0/self_attn_10/MatMul_1_myl0_3547
0.0,20093,2,10046.5,10046.5,5936,14157,5813.1,myelin-exec:/layers.7/mlp/gateup_proj_8/MatMul_myl0_3362
0.0,20083,2,10041.5,10041.5,4528,15555,7797.3,myelin-exec:/layers.15/mlp/gateup_proj_7/MatMul_myl0_3189
0.0,20083,2,10041.5,10041.5,7120,12963,4131.6,myelin-exec:__myl_Fc_myl0_429
0.0,20065,2,10032.5,10032.5,5444,14621,6489.1,myelin-exec:/layers.1/mlp/gateup_proj_9/MatMul_myl0_3569
0.0,20055,2,10027.5,10027.5,4740,15315,7477.7,myelin-exec:/vision_tower/vision_model/encoder/layers.13/self_attn/v_proj/MatMul+/vision_tower/vision_model/encoder/layers.13/self_attn/k_proj/MatMul+/vision_tower/vision_model/encoder/layers.13/self_attn/q_proj/MatMul_myl0_148
0.0,20037,2,10018.5,10018.5,5121,14916,6926.1,myelin-exec:/layers.6/mlp/gateup_proj_3/MatMul_myl0_1800
0.0,20018,2,10009.0,10009.0,6092,13926,5539.5,myelin-exec:/layers.17/mlp/gateup_proj_2/MatMul_myl0_1678
0.0,20000,2,10000.0,10000.0,1296,18704,12309.3,myelin-exec:__myl_AddMulCastReshTran_myl0_1658
0.0,19992,2,9996.0,9996.0,4732,15260,7444.4,myelin-exec:/vision_tower/vision_model/encoder/layers.9/mlp/fc1/MatMul_myl0_112
0.0,19991,2,9995.5,9995.5,6250,13741,5296.9,myelin-exec:/layers.5/mlp/gateup_proj_9/MatMul_myl0_3637
0.0,19990,2,9995.0,9995.0,7935,12055,2913.3,myelin-exec:__myl_Fc_myl0_404
0.0,19981,2,9990.5,9990.5,3037,16944,9833.7,myelin-exec:/layers.6/self_attn_7/MatMul_1_myl0_2722
0.0,19963,2,9981.5,9981.5,5815,14148,5892.3,myelin-exec:/layers.4/mlp/gateup_proj_8/MatMul_myl0_3311
0.0,19953,2,9976.5,9976.5,5092,14861,6907.7,myelin-exec:__myl_Fc_myl0_1646
0.0,19899,2,9949.5,9949.5,6241,13658,5244.6,myelin-exec:/layers.6/mlp/gateup_proj_6/MatMul_myl0_2727
0.0,19870,2,9935.0,9935.0,6787,13083,4451.9,myelin-exec:/layers.8/mlp/gateup_proj_6/MatMul_myl0_2761
0.0,19861,2,9930.5,9930.5,5333,14528,6501.8,myelin-exec:/layers.2/mlp/gateup_proj_8/MatMul_myl0_3277
0.0,19815,2,9907.5,9907.5,9732,10083,248.2,myelin-exec:/layers.5/self_attn_4/MatMul_myl0_1773
0.0,19815,2,9907.5,9907.5,4852,14963,7149.6,myelin-exec:/vision_tower/vision_model/encoder/layers.22/mlp/fc1/MatMul_myl0_255
0.0,19806,2,9903.0,9903.0,5454,14352,6291.8,myelin-exec:/layers.8/self_attn_1/MatMul_1_myl0_899
0.0,19796,2,9898.0,9898.0,5361,14435,6416.3,myelin-exec:/layers.5/self_attn/av_matmul/MatMul_myl0_450
0.0,19778,2,9889.0,9889.0,4296,15482,7909.7,myelin-exec:/vision_tower/vision_model/encoder/layers.24/mlp/fc2/MatMul_myl0_278
0.0,19778,2,9889.0,9889.0,4065,15713,8236.4,myelin-exec:/vision_tower/vision_model/encoder/layers.25/mlp/fc2/MatMul_myl0_289
0.0,19778,2,9889.0,9889.0,5055,14723,6836.3,myelin-exec:/vision_tower/vision_model/encoder/layers.25/self_attn/v_proj/MatMul+/vision_tower/vision_model/encoder/layers.25/self_attn/k_proj/MatMul+/vision_tower/vision_model/encoder/layers.25/self_attn/q_proj/MatMul_myl0_280
0.0,19778,2,9889.0,9889.0,6778,13000,4399.6,myelin-exec:__myl_Fc_myl0_368
0.0,19768,2,9884.0,9884.0,5972,13796,5532.4,myelin-exec:/layers.16/mlp/gateup_proj_3/MatMul_myl0_1970
0.0,19722,2,9861.0,9861.0,4213,15509,7987.5,myelin-exec:/layers.6/self_attn_2/MatMul_1_myl0_1177
0.0,19722,2,9861.0,9861.0,2000,17722,11117.1,myelin-exec:__myl_SlicSlicMulMulMulAddMulTanhAddMulMulMulMulCast_myl0_1733
0.0,19712,2,9856.0,9856.0,5925,13787,5559.3,myelin-exec:/layers.16/mlp/gateup_proj_5/MatMul_myl0_2588
0.0,19704,2,9852.0,9852.0,6176,13528,5198.6,myelin-exec:/layers.13/mlp/gateup_proj_5/MatMul_myl0_2537
0.0,19676,2,9838.0,9838.0,3944,15732,8335.4,myelin-exec:/vision_tower/vision_model/encoder/layers.22/mlp/fc2/MatMul_myl0_256
0.0,19676,2,9838.0,9838.0,4056,15620,8177.0,myelin-exec:/vision_tower/vision_model/encoder/layers.9/mlp/fc2/MatMul_myl0_113
0.0,19667,2,9833.5,9833.5,5694,13973,5854.1,myelin-exec:/layers.15/mlp/gateup_proj_3/MatMul_myl0_1953
0.0,19658,2,9829.0,9829.0,5602,14056,5977.9,myelin-exec:/layers.13/mlp/gateup_proj_3/MatMul_myl0_1919
0.0,19647,2,9823.5,9823.5,5416,14231,6233.1,myelin-exec:/layers.15/mlp/gateup_proj_6/MatMul_myl0_2880
0.0,19630,2,9815.0,9815.0,6111,13519,5238.2,myelin-exec:/layers.6/mlp/gateup_proj/MatMul_myl0_870
0.0,19630,2,9815.0,9815.0,7231,12399,3654.3,myelin-exec:__myl_Fc_myl0_618
0.0,19593,2,9796.5,9796.5,2000,17593,11025.9,myelin-exec:__myl_SlicSlicMulMulMulAddMulTanhAddMulMulMulMulCast_myl0_1835
0.0,19583,2,9791.5,9791.5,6083,13500,5244.6,myelin-exec:/layers.3/mlp/gateup_proj_9/MatMul_myl0_3603
0.0,19574,2,9787.0,9787.0,6269,13305,4975.2,myelin-exec:/layers.10/mlp/gateup_proj_6/MatMul_myl0_2795
0.0,19574,2,9787.0,9787.0,4870,14704,6953.7,myelin-exec:/vision_tower/vision_model/encoder/layers.18/self_attn/v_proj/MatMul+/vision_tower/vision_model/encoder/layers.18/self_attn/k_proj/MatMul+/vision_tower/vision_model/encoder/layers.18/self_attn/q_proj/MatMul_myl0_203
0.0,19574,2,9787.0,9787.0,6796,12778,4229.9,myelin-exec:__myl_Fc_myl0_754
0.0,19565,2,9782.5,9782.5,4426,15139,7575.2,myelin-exec:/vision_tower/vision_model/encoder/layers.19/mlp/fc1/MatMul_myl0_222
0.0,19547,2,9773.5,9773.5,3852,15695,8374.3,myelin-exec:/vision_tower/vision_model/encoder/layers.5/mlp/fc2/MatMul_myl0_69
0.0,19518,2,9759.0,9759.0,7185,12333,3640.2,myelin-exec:__myl_Fc_myl0_543
0.0,19491,2,9745.5,9745.5,4380,15111,7588.0,myelin-exec:/vision_tower/vision_model/encoder/layers.19/mlp/fc2/MatMul_myl0_223
0.0,19473,2,9736.5,9736.5,4473,15000,7443.7,myelin-exec:__myl_Fc_myl0_3517
0.0,19444,2,9722.0,9722.0,2815,16629,9768.0,myelin-exec:/layers.6/self_attn_4/MatMul_myl0_1790
0.0,19443,2,9721.5,9721.5,4240,15203,7752.0,myelin-exec:/layers.6/self_attn_1/MatMul_1_myl0_865
0.0,19435,2,9717.5,9717.5,7167,12268,3607.0,myelin-exec:__myl_Fc_myl0_423
0.0,19416,2,9708.0,9708.0,6194,13222,4969.5,myelin-exec:/layers.12/mlp/gateup_proj_6/MatMul_myl0_2829
0.0,19352,2,9676.0,9676.0,6000,13352,5198.6,myelin-exec:/layers.9/mlp/gateup_proj_8/MatMul_myl0_3396
0.0,19324,2,9662.0,9662.0,4148,15176,7798.0,myelin-exec:/layers.13/self_attn_4/MatMul_1_myl0_1914
0.0,19324,2,9662.0,9662.0,4185,15139,7745.6,myelin-exec:/vision_tower/vision_model/encoder/layers.10/mlp/fc1/MatMul_myl0_123
0.0,19314,2,9657.0,9657.0,3620,15694,8537.6,myelin-exec:/layers.3/self_attn_10/MatMul_myl0_3593
0.0,19297,2,9648.5,9648.5,4648,14649,7071.8,myelin-exec:/layers.17/mlp/gateup_proj_7/MatMul_myl0_3223
0.0,19259,2,9629.5,9629.5,5148,14111,6337.8,myelin-exec:/layers.0/mlp/gateup_proj_9/MatMul_myl0_3552
0.0,19259,2,9629.5,9629.5,5528,13731,5800.4,myelin-exec:/layers.17/mlp/gateup_proj_3/MatMul_myl0_1987
0.0,19250,2,9625.0,9625.0,6028,13222,5086.9,myelin-exec:__myl_Fc_myl0_598
0.0,19241,2,9620.5,9620.5,6982,12259,3731.4,myelin-exec:__myl_Fc_myl0_448
0.0,19231,2,9615.5,9615.5,4648,14583,7025.1,myelin-exec:/vision_tower/vision_model/encoder/layers.19/self_attn/v_proj/MatMul+/vision_tower/vision_model/encoder/layers.19/self_attn/k_proj/MatMul+/vision_tower/vision_model/encoder/layers.19/self_attn/q_proj/MatMul_myl0_214
0.0,19222,2,9611.0,9611.0,7093,12129,3561.0,myelin-exec:__myl_Fc_myl0_723
0.0,19195,2,9597.5,9597.5,4750,14445,6855.4,myelin-exec:/vision_tower/vision_model/encoder/layers.17/mlp/fc1/MatMul_myl0_200
0.0,19194,2,9597.0,9597.0,6333,12861,4616.0,myelin-exec:__myl_Fc_myl0_968
0.0,19139,2,9569.5,9569.5,6019,13120,5021.2,myelin-exec:/layers.17/mlp/gateup_proj_4/MatMul_myl0_2296
0.0,19121,2,9560.5,9560.5,5213,13908,6148.3,myelin-exec:/layers.2/mlp/gateup_proj_6/MatMul_myl0_2659
0.0,19101,2,9550.5,9550.5,5268,13833,6056.4,myelin-exec:/layers.6/mlp/gateup_proj_8/MatMul_myl0_3345
0.0,19092,2,9546.0,9546.0,4685,14407,6874.5,myelin-exec:__myl_Fc_myl0_2145
0.0,19055,2,9527.5,9527.5,6777,12278,3889.8,myelin-exec:__myl_Fc_myl0_2925
0.0,19047,2,9523.5,9523.5,3676,15371,8269.6,myelin-exec:/layers.12/self_attn_5/MatMul_1_myl0_2206
0.0,19037,2,9518.5,9518.5,5306,13731,5957.4,myelin-exec:/layers.3/self_attn/av_matmul/MatMul_myl0_400
0.0,18991,2,9495.5,9495.5,3667,15324,8242.7,myelin-exec:__myl_Fc_myl0_2337
0.0,18982,2,9491.0,9491.0,8176,10806,1859.7,myelin-exec:__myl_Fc_myl0_668
0.0,18907,2,9453.5,9453.5,7315,11592,3024.3,myelin-exec:__myl_Fc_myl0_418
0.0,18861,2,9430.5,9430.5,3083,15778,8976.7,myelin-exec:/layers.5/self_attn_2/MatMul_1_myl0_1160
0.0,18860,2,9430.0,9430.0,2194,16666,10233.2,myelin-exec:/layers.2/self_attn_9/MatMul_myl0_3267
0.0,18815,2,9407.5,9407.5,5380,13435,5695.7,myelin-exec:/layers.3/mlp/gateup_proj_6/MatMul_myl0_2676
0.0,18814,2,9407.0,9407.0,2416,16398,9886.8,myelin-exec:/layers.15/self_attn_5/MatMul_1_myl0_2257
0.0,18796,2,9398.0,9398.0,5213,13583,5918.5,myelin-exec:/layers.10/mlp/gateup_proj_9/MatMul_myl0_3722
0.0,18795,2,9397.5,9397.5,5333,13462,5748.1,myelin-exec:/layers.7/mlp/gateup_proj_6/MatMul_myl0_2744
0.0,18769,2,9384.5,9384.5,5241,13528,5859.8,myelin-exec:/layers.5/mlp/gateup_proj_4/MatMul_myl0_2092
0.0,18741,2,9370.5,9370.5,5213,13528,5879.6,myelin-exec:/layers.8/mlp/gateup_proj_3/MatMul_myl0_1834
0.0,18731,2,9365.5,9365.5,3657,15074,8073.0,myelin-exec:/layers.5/self_attn_2/MatMul_myl0_1155
0.0,18713,2,9356.5,9356.5,3009,15704,8976.7,myelin-exec:/layers.7/self_attn_10/MatMul_1_myl0_3666
0.0,18694,2,9347.0,9347.0,3240,15454,8636.6,myelin-exec:/layers.9/self_attn_9/MatMul_myl0_3386
0.0,18686,2,9343.0,9343.0,6639,12047,3824.0,myelin-exec:__myl_Fc_myl0_390
0.0,18685,2,9342.5,9342.5,3657,15028,8040.5,myelin-exec:/layers.11/self_attn_2/MatMul_1_myl0_1262
0.0,18685,2,9342.5,9342.5,4852,13833,6350.5,myelin-exec:__myl_Fc_myl0_764
0.0,18676,2,9338.0,9338.0,4389,14287,6998.9,myelin-exec:/vision_tower/vision_model/encoder/layers.16/mlp/fc1/MatMul_myl0_189
0.0,18648,2,9324.0,9324.0,5250,13398,5761.5,myelin-exec:/layers.15/mlp/gateup_proj_5/MatMul_myl0_2571
0.0,18640,2,9320.0,9320.0,6723,11917,3672.7,myelin-exec:__myl_Fc_myl0_648
0.0,18629,2,9314.5,9314.5,3703,14926,7935.9,myelin-exec:/layers.2/self_attn_10/MatMul_1_myl0_3581
0.0,18602,2,9301.0,9301.0,4389,14213,6946.6,myelin-exec:__myl_Fc_myl0_944
0.0,18601,2,9300.5,9300.5,3666,14935,7968.4,myelin-exec:/layers.17/self_attn_8/MatMul_1_myl0_3218
0.0,18574,2,9287.0,9287.0,4935,13639,6154.7,myelin-exec:/layers.6/mlp/gateup_proj_9/MatMul_myl0_3654
0.0,18564,2,9282.0,9282.0,3870,14694,7653.7,myelin-exec:/layers.1/self_attn_5/MatMul_myl0_2014
0.0,18536,2,9268.0,9268.0,5092,13444,5905.8,myelin-exec:__myl_Fc_myl0_3151
0.0,18518,2,9259.0,9259.0,4287,14231,7031.5,myelin-exec:/layers.12/self_attn_1/MatMul_1_myl0_967
0.0,18518,2,9259.0,9259.0,5083,13435,5905.8,myelin-exec:/layers.5/mlp/gateup_proj_6/MatMul_myl0_2710
0.0,18510,2,9255.0,9255.0,4519,13991,6697.7,myelin-exec:/layers.3/self_attn_3/MatMul_1_myl0_1435
0.0,18509,2,9254.5,9254.5,5352,13157,5519.0,myelin-exec:__myl_Fc_myl0_1723
0.0,18481,2,9240.5,9240.5,4880,13601,6166.7,myelin-exec:/layers.14/mlp/gateup_proj_4/MatMul_myl0_2245
0.0,18463,2,9231.5,9231.5,2982,15481,8838.1,myelin-exec:/layers.3/self_attn_4/MatMul_1_myl0_1744
0.0,18454,2,9227.0,9227.0,5046,13408,5912.8,myelin-exec:__myl_Fc_myl0_1002
0.0,18454,2,9227.0,9227.0,5287,13167,5572.0,myelin-exec:__myl_Fc_myl0_1606
0.0,18453,2,9226.5,9226.5,2805,15648,9081.4,myelin-exec:/layers.15/self_attn_6/MatMul_myl0_2561
0.0,18435,2,9217.5,9217.5,5315,13120,5519.0,myelin-exec:/layers.3/mlp/gateup_proj_4/MatMul_myl0_2058
0.0,18435,2,9217.5,9217.5,5361,13074,5453.9,myelin-exec:__myl_Fc_myl0_842
0.0,18434,2,9217.0,9217.0,4046,14388,7312.9,myelin-exec:/vision_tower/vision_model/encoder/layers.10/mlp/fc2/MatMul_myl0_124
0.0,18416,2,9208.0,9208.0,2722,15694,9172.6,myelin-exec:/layers.3/self_attn_5/MatMul_myl0_2048
0.0,18398,2,9199.0,9199.0,5092,13306,5808.2,myelin-exec:/layers.1/mlp/gateup_proj_2/MatMul_myl0_1406
0.0,18370,2,9185.0,9185.0,5740,12630,4872.0,myelin-exec:/layers.15/mlp/gateup_proj_4/MatMul_myl0_2262
0.0,18361,2,9180.5,9180.5,8213,10148,1368.3,myelin-exec:__myl_Fc_myl0_1133
0.0,18352,2,9176.0,9176.0,3704,14648,7738.6,myelin-exec:__myl_Fc_myl0_2878
0.0,18352,2,9176.0,9176.0,6315,12037,4046.1,myelin-exec:__myl_Fc_myl0_770
0.0,18343,2,9171.5,9171.5,5241,13102,5558.6,myelin-exec:/layers.11/mlp/gateup_proj_6/MatMul_myl0_2812
0.0,18343,2,9171.5,9171.5,4250,14093,6960.1,myelin-exec:/layers.4/self_attn_2/MatMul_1_myl0_1143
0.0,18325,2,9162.5,9162.5,5112,13213,5728.3,myelin-exec:/layers.10/self_attn_10/MatMul_1_myl0_3717
0.0,18324,2,9162.0,9162.0,3602,14722,7863.0,myelin-exec:/layers.4/self_attn_5/MatMul_myl0_2065
0.0,18315,2,9157.5,9157.5,3565,14750,7909.0,myelin-exec:/layers.14/self_attn_5/MatMul_1_myl0_2240
0.0,18305,2,9152.5,9152.5,4583,13722,6462.2,myelin-exec:__myl_Fc_myl0_1706
0.0,18297,2,9148.5,9148.5,2019,16278,10082.6,myelin-exec:__myl_Dyna_myl0_702
0.0,18287,2,9143.5,9143.5,4018,14269,7248.6,myelin-exec:/layers.8/self_attn_4/MatMul_1_myl0_1829
0.0,18278,2,9139.0,9139.0,4083,14195,7150.3,myelin-exec:/layers.16/self_attn_2/MatMul_myl0_1342
0.0,18269,2,9134.5,9134.5,3945,14324,7339.1,myelin-exec:/vision_tower/vision_model/encoder/layers.23/mlp/fc1/MatMul_myl0_266
0.0,18268,2,9134.0,9134.0,6148,12120,4222.8,myelin-exec:__myl_Fc_myl0_985
0.0,18195,2,9097.5,9097.5,6787,11408,3267.5,myelin-exec:__myl_Fc_myl0_615
0.0,18185,2,9092.5,9092.5,4954,13231,5852.7,myelin-exec:__myl_Fc_myl0_859
0.0,18176,2,9088.0,9088.0,5121,13055,5610.2,myelin-exec:/layers.8/mlp/gateup_proj_8/MatMul_myl0_3379
0.0,18176,2,9088.0,9088.0,5435,12741,5166.1,myelin-exec:__myl_Fc_myl0_1544
0.0,18130,2,9065.0,9065.0,6546,11584,3562.4,myelin-exec:/layers.5/self_attn_1/MatMul_1_myl0_848
0.0,18130,2,9065.0,9065.0,7074,11056,2815.7,myelin-exec:__myl_Fc_myl0_3309
0.0,18128,2,9064.0,9064.0,3212,14916,8276.0,myelin-exec:/layers.5/self_attn_10/MatMul_myl0_3627
0.0,18120,2,9060.0,9060.0,3268,14852,8191.1,myelin-exec:/layers.12/self_attn_1/MatMul_myl0_963
0.0,18055,2,9027.5,9027.5,5268,12787,5316.7,myelin-exec:__myl_Fc_myl0_893
0.0,18046,2,9023.0,9023.0,3305,14741,8086.5,myelin-exec:/layers.12/self_attn_6/MatMul_myl0_2510
0.0,18037,2,9018.5,9018.5,3806,14231,7371.6,myelin-exec:/layers.17/self_attn_4/MatMul_1_myl0_1982
0.0,18027,2,9013.5,9013.5,5944,12083,4340.9,myelin-exec:/layers.1/self_attn_2/MatMul_1_myl0_1092
0.0,18019,2,9009.5,9009.5,4065,13954,6992.6,myelin-exec:/layers.13/self_attn_2/MatMul_1_myl0_1296
0.0,18019,2,9009.5,9009.5,4852,13167,5879.6,myelin-exec:__myl_Fc_myl0_798
0.0,18019,2,9009.5,9009.5,2065,15954,9821.0,myelin-exec:__myl_MulCastAddMulCastAddConcMaxrSubExpSum_myl0_1602
0.0,18008,2,9004.0,9004.0,4888,13120,5820.9,myelin-exec:/layers.9/mlp/gateup_proj_6/MatMul_myl0_2778
0.0,17991,2,8995.5,8995.5,3306,14685,8046.2,myelin-exec:/layers.9/self_attn_10/MatMul_1_myl0_3700
0.0,17973,2,8986.5,8986.5,5028,12945,5598.2,myelin-exec:/layers.4/self_attn_10/MatMul_1_myl0_3615
0.0,17963,2,8981.5,8981.5,2963,15000,8511.4,myelin-exec:/layers.2/self_attn_6/MatMul_myl0_2340
0.0,17926,2,8963.0,8963.0,3565,14361,7633.9,myelin-exec:/layers.16/self_attn_5/MatMul_1_myl0_2274
0.0,17916,2,8958.0,8958.0,4805,13111,5873.2,myelin-exec:/layers.7/self_attn_3/MatMul_1_myl0_1503
0.0,17890,2,8945.0,8945.0,7093,10797,2619.1,myelin-exec:__myl_Fc_myl0_654
0.0,17889,2,8944.5,8944.5,4213,13676,6691.4,myelin-exec:/layers.15/self_attn_2/MatMul_1_myl0_1330
0.0,17834,2,8917.0,8917.0,4741,13093,5905.8,myelin-exec:__myl_Fc_myl0_2471
0.0,17824,2,8912.0,8912.0,3824,14000,7195.5,myelin-exec:/layers.13/self_attn_7/MatMul_1_myl0_2841
0.0,17823,2,8911.5,8911.5,3203,14620,8073.0,myelin-exec:/layers.7/self_attn_6/MatMul_myl0_2425
0.0,17806,2,8903.0,8903.0,1121,16685,11005.4,myelin-exec:__myl_AddCastMulMeanAddSqrtDivMulMulAddCastMulCast_myl0_1647
0.0,17795,2,8897.5,8897.5,2370,15425,9231.3,myelin-exec:/layers.0/self_attn_5/MatMul_myl0_1997
0.0,17795,2,8897.5,8897.5,5166,12629,5277.1,myelin-exec:/layers.16/mlp/gateup_proj_4/MatMul_myl0_2279
0.0,17770,2,8885.0,8885.0,4362,13408,6396.5,myelin-exec:__myl_Fc_myl0_791
0.0,17741,2,8870.5,8870.5,6000,11741,4059.5,myelin-exec:__myl_Fc_myl0_951
0.0,17733,2,8866.5,8866.5,4223,13510,6566.9,myelin-exec:__myl_Fc_myl0_1719
0.0,17705,2,8852.5,8852.5,4343,13362,6377.4,myelin-exec:__myl_Fc_myl0_756
0.0,17695,2,8847.5,8847.5,3463,14232,7614.8,myelin-exec:__myl_Fc_myl0_3281
0.0,17694,2,8847.0,8847.0,7046,10648,2547.0,myelin-exec:__myl_Fc_myl0_3839
0.0,17676,2,8838.0,8838.0,6491,11185,3319.2,myelin-exec:__myl_Fc_myl0_529
0.0,17658,2,8829.0,8829.0,4343,13315,6344.2,myelin-exec:/vision_tower/vision_model/encoder/layers.23/mlp/fc2/MatMul_myl0_267
0.0,17656,2,8828.0,8828.0,4527,13129,6082.5,myelin-exec:__myl_Fc_myl0_1728
0.0,17648,2,8824.0,8824.0,3593,14055,7397.8,myelin-exec:/layers.12/self_attn_10/MatMul_1_myl0_3751
0.0,17620,2,8810.0,8810.0,6065,11555,3882.0,myelin-exec:__myl_Fc_myl0_3157
0.0,17620,2,8810.0,8810.0,5231,12389,5061.5,myelin-exec:__myl_Fc_myl0_866
0.0,17611,2,8805.5,8805.5,6611,11000,3103.5,myelin-exec:__myl_Fc_myl0_2494
0.0,17593,2,8796.5,8796.5,3880,13713,6953.0,myelin-exec:/vision_tower/vision_model/encoder/layers.12/mlp/fc2/MatMul_myl0_146
0.0,17583,2,8791.5,8791.5,5426,12157,4759.5,myelin-exec:__myl_Fc_myl0_832
0.0,17574,2,8787.0,8787.0,4269,13305,6389.4,myelin-exec:/layers.12/self_attn_4/MatMul_1_myl0_1897
0.0,17564,2,8782.0,8782.0,3194,14370,7902.6,myelin-exec:/layers.1/self_attn_9/MatMul_myl0_3250
0.0,17555,2,8777.5,8777.5,6648,10907,3011.6,myelin-exec:__myl_Fc_myl0_568
0.0,17555,2,8777.5,8777.5,5879,11676,4099.1,myelin-exec:__myl_Fc_myl0_961
0.0,17528,2,8764.0,8764.0,6592,10936,3071.7,myelin-exec:__myl_Fc_myl0_3432
0.0,17518,2,8759.0,8759.0,5824,11694,4150.7,myelin-exec:__myl_Fc_myl0_978
0.0,17491,2,8745.5,8745.5,4954,12537,5362.0,myelin-exec:__myl_Fc_myl0_876
0.0,17463,2,8731.5,8731.5,2528,14935,8773.1,myelin-exec:/layers.5/self_attn_8/MatMul_1_myl0_3014
0.0,17462,2,8731.0,8731.0,3592,13870,7267.6,myelin-exec:/layers.14/self_attn_1/MatMul_myl0_997
0.0,17435,2,8717.5,8717.5,3139,14296,7889.2,myelin-exec:/layers.3/self_attn_2/MatMul_myl0_1121
0.0,17435,2,8717.5,8717.5,5472,11963,4589.8,myelin-exec:__myl_Fc_myl0_1516
0.0,17408,2,8704.0,8704.0,7158,10250,2186.4,myelin-exec:__myl_Fc_myl0_1578
0.0,17398,2,8699.0,8699.0,4083,13315,6528.0,myelin-exec:__myl_Fc_myl0_976
0.0,17389,2,8694.5,8694.5,3973,13416,6677.2,myelin-exec:/layers.0/self_attn_4/MatMul_1_myl0_1693
0.0,17381,2,8690.5,8690.5,4510,12871,5912.1,myelin-exec:/layers.3/self_attn_2/MatMul_1_myl0_1126
0.0,17380,2,8690.0,8690.0,2880,14500,8216.6,myelin-exec:/layers.4/self_attn_1/MatMul_myl0_827
0.0,17361,2,8680.5,8680.5,3130,14231,7849.6,myelin-exec:/layers.11/self_attn_8/MatMul_myl0_3111
0.0,17343,2,8671.5,8671.5,5556,11787,4406.0,myelin-exec:__myl_Fc_myl0_3449
0.0,17323,2,8661.5,8661.5,4203,13120,6305.3,myelin-exec:/layers.16/self_attn_6/MatMul_myl0_2578
0.0,17315,2,8657.5,8657.5,3639,13676,7097.2,myelin-exec:/layers.14/self_attn_2/MatMul_myl0_1308
0.0,17315,2,8657.5,8657.5,6056,11259,3679.1,myelin-exec:__myl_Fc_myl0_2352
0.0,17268,2,8634.0,8634.0,3333,13935,7496.7,myelin-exec:/layers.13/self_attn_1/MatMul_1_myl0_984
0.0,17268,2,8634.0,8634.0,3509,13759,7247.8,myelin-exec:__myl_Fc_myl0_2128
0.0,17260,2,8630.0,8630.0,2704,14556,8380.6,myelin-exec:/layers.12/self_attn_10/MatMul_myl0_3746
0.0,17260,2,8630.0,8630.0,4584,12676,5721.9,myelin-exec:__myl_Fc_myl0_2405
0.0,17259,2,8629.5,8629.5,1685,15574,9821.0,myelin-exec:__myl_SlicNegSlicConcMulMulAddCastMulCastTran_myl0_441
0.0,17241,2,8620.5,8620.5,2574,14667,8551.0,myelin-exec:/layers.10/self_attn_9/MatMul_myl0_3403
0.0,17231,2,8615.5,8615.5,4768,12463,5441.2,myelin-exec:__myl_Fc_myl0_1029
0.0,17231,2,8615.5,8615.5,4518,12713,5794.7,myelin-exec:__myl_Fc_myl0_1927
0.0,17194,2,8597.0,8597.0,4352,12842,6003.3,myelin-exec:/layers.5/self_attn_3/MatMul_1_myl0_1469
0.0,17176,2,8588.0,8588.0,2694,14482,8335.4,myelin-exec:/layers.4/self_attn_10/MatMul_myl0_3610
0.0,17167,2,8583.5,8583.5,5621,11546,4189.6,myelin-exec:__myl_Fc_myl0_1046
0.0,17148,2,8574.0,8574.0,5491,11657,4360.0,myelin-exec:__myl_Fc_myl0_934
0.0,17139,2,8569.5,8569.5,3315,13824,7431.0,myelin-exec:/layers.14/self_attn_6/MatMul_myl0_2544
0.0,17139,2,8569.5,8569.5,3657,13482,6947.3,myelin-exec:/layers.5/self_attn_9/MatMul_myl0_3318
0.0,17130,2,8565.0,8565.0,2287,14843,8878.4,myelin-exec:/layers.17/self_attn_7/MatMul_myl0_2904
0.0,17111,2,8555.5,8555.5,2583,14528,8446.4,myelin-exec:/layers.2/self_attn_5/MatMul_myl0_2031
0.0,17083,2,8541.5,8541.5,3509,13574,7117.0,myelin-exec:/layers.5/self_attn_3/MatMul_myl0_1464
0.0,17074,2,8537.0,8537.0,3500,13574,7123.4,myelin-exec:/layers.15/self_attn_7/MatMul_1_myl0_2875
0.0,17074,2,8537.0,8537.0,3759,13315,6757.1,myelin-exec:/layers.8/self_attn_1/MatMul_myl0_895
0.0,17056,2,8528.0,8528.0,4713,12343,5395.2,myelin-exec:__myl_Fc_myl0_959
0.0,17047,2,8523.5,8523.5,4426,12621,5794.7,myelin-exec:__myl_Fc_myl0_825
0.0,17046,2,8523.0,8523.0,4667,12379,5453.2,myelin-exec:/layers.12/self_attn_2/MatMul_myl0_1274
0.0,17028,2,8514.0,8514.0,5454,11574,4327.5,myelin-exec:__myl_Fc_myl0_1343
0.0,17010,2,8505.0,8505.0,5630,11380,4065.9,myelin-exec:__myl_Fc_myl0_3123
0.0,17009,2,8504.5,8504.5,3759,13250,6711.2,myelin-exec:/layers.7/self_attn_10/MatMul_myl0_3661
0.0,17009,2,8504.5,8504.5,6703,10306,2547.7,myelin-exec:__myl_Fc_myl0_2324
0.0,17001,2,8500.5,8500.5,4584,12417,5538.8,myelin-exec:__myl_Fc_myl0_815
0.0,16953,2,8476.5,8476.5,5148,11805,4707.2,myelin-exec:/layers.0/self_attn_2/MatMul_myl0_1070
0.0,16944,2,8472.0,8472.0,4157,12787,6102.3,myelin-exec:__myl_ReshTranGathAddReshCastMeanSubMulMean_myl0_3
0.0,16935,2,8467.5,8467.5,3500,13435,7025.1,myelin-exec:/layers.12/self_attn_2/MatMul_1_myl0_1279
0.0,16907,2,8453.5,8453.5,2815,14092,7974.0,myelin-exec:/layers.13/self_attn_5/MatMul_1_myl0_2223
0.0,16898,2,8449.0,8449.0,3398,13500,7143.2,myelin-exec:__myl_Fc_myl0_3417
0.0,16879,2,8439.5,8439.5,4194,12685,6004.0,myelin-exec:/layers.11/self_attn_1/MatMul_1_myl0_950
0.0,16871,2,8435.5,8435.5,4139,12732,6076.2,myelin-exec:/layers.4/self_attn_3/MatMul_myl0_1447
0.0,16871,2,8435.5,8435.5,8037,8834,563.6,myelin-exec:__myl_Fc_myl0_2541
0.0,16861,2,8430.5,8430.5,3260,13601,7312.2,myelin-exec:/layers.1/self_attn_10/MatMul_1_myl0_3564
0.0,16851,2,8425.5,8425.5,2101,14750,8944.2,myelin-exec:__myl_Dyna_myl0_477
0.0,16843,2,8421.5,8421.5,3370,13473,7143.9,myelin-exec:/layers.16/self_attn_1/MatMul_1_myl0_1035
0.0,16842,2,8421.0,8421.0,4176,12666,6003.3,myelin-exec:/layers.6/self_attn_3/MatMul_myl0_1481
0.0,16788,2,8394.0,8394.0,3519,13269,6894.3,myelin-exec:/layers.11/self_attn_10/MatMul_myl0_3729
0.0,16787,2,8393.5,8393.5,3074,13713,7522.9,myelin-exec:/layers.11/self_attn_6/MatMul_myl0_2493
0.0,16777,2,8388.5,8388.5,4102,12675,6062.0,myelin-exec:__myl_Fc_myl0_1934
0.0,16731,2,8365.5,8365.5,3638,13093,6685.7,myelin-exec:/layers.13/self_attn_8/MatMul_myl0_3145
0.0,16722,2,8361.0,8361.0,2954,13768,7646.7,myelin-exec:/layers.13/self_attn_1/MatMul_myl0_980
0.0,16722,2,8361.0,8361.0,5787,10935,3640.2,myelin-exec:__myl_Fc_myl0_3577
0.0,16704,2,8352.0,8352.0,3861,12843,6351.2,myelin-exec:/layers.16/self_attn_3/MatMul_myl0_1651
0.0,16703,2,8351.5,8351.5,3407,13296,6992.6,myelin-exec:/layers.0/self_attn_6/MatMul_myl0_2306
0.0,16703,2,8351.5,8351.5,3213,13490,7266.9,myelin-exec:/layers.5/self_attn_5/MatMul_myl0_2082
0.0,16686,2,8343.0,8343.0,4537,12149,5382.5,myelin-exec:__myl_Fc_myl0_874
0.0,16684,2,8342.0,8342.0,3138,13546,7359.6,myelin-exec:__myl_Fc_myl0_1631
0.0,16676,2,8338.0,8338.0,3907,12769,6266.4,myelin-exec:/layers.2/self_attn_2/MatMul_myl0_1104
0.0,16675,2,8337.5,8337.5,3231,13444,7221.7,myelin-exec:/layers.11/self_attn_1/MatMul_myl0_946
0.0,16666,2,8333.0,8333.0,4296,12370,5709.2,myelin-exec:__myl_Fc_myl0_3219
0.0,16657,2,8328.5,8328.5,3667,12990,6592.4,myelin-exec:/layers.0/self_attn_2/MatMul_1_myl0_1075
0.0,16639,2,8319.5,8319.5,3704,12935,6527.3,myelin-exec:/layers.1/self_attn_7/MatMul_myl0_2632
0.0,16629,2,8314.5,8314.5,3379,13250,6979.9,myelin-exec:__myl_Fc_myl0_3550
0.0,16621,2,8310.5,8310.5,3491,13130,6815.8,myelin-exec:/layers.7/self_attn_9/MatMul_myl0_3352
0.0,16620,2,8310.0,8310.0,3342,13278,7025.8,myelin-exec:/layers.4/self_attn_7/MatMul_myl0_2683
0.0,16610,2,8305.0,8305.0,2851,13759,7713.1,myelin-exec:/layers.8/self_attn_3/MatMul_myl0_1515
0.0,16610,2,8305.0,8305.0,6268,10342,2880.8,myelin-exec:__myl_Fc_myl0_2596
0.0,16593,2,8296.5,8296.5,4750,11843,5015.5,myelin-exec:__myl_Fc_myl0_3815
0.0,16593,2,8296.5,8296.5,1213,15380,10017.6,myelin-exec:__myl_Slic_myl0_1142
0.0,16565,2,8282.5,8282.5,5408,11157,4065.2,myelin-exec:/layers.6/self_attn_4/MatMul_1_myl0_1795
0.0,16556,2,8278.0,8278.0,5759,10797,3562.4,myelin-exec:__myl_Fc_myl0_1056
0.0,16555,2,8277.5,8277.5,5055,11500,4557.3,myelin-exec:__myl_Fc_myl0_1849
0.0,16537,2,8268.5,8268.5,4361,12176,5526.0,myelin-exec:__myl_Fc_myl0_1753
0.0,16491,2,8245.5,8245.5,2935,13556,7510.2,myelin-exec:/layers.13/self_attn_2/MatMul_myl0_1291
0.0,16482,2,8241.0,8241.0,5325,11157,4123.8,myelin-exec:__myl_Fc_myl0_2224
0.0,16482,2,8241.0,8241.0,4574,11908,5185.9,myelin-exec:__myl_Fc_myl0_808
0.0,16463,2,8231.5,8231.5,4778,11685,4884.0,myelin-exec:__myl_Fc_myl0_2015
0.0,16463,2,8231.5,8231.5,4362,12101,5472.3,myelin-exec:__myl_Fc_myl0_3204
0.0,16445,2,8222.5,8222.5,2602,13843,7948.6,myelin-exec:/layers.10/self_attn_10/MatMul_myl0_3712
0.0,16379,2,8189.5,8189.5,5481,10898,3830.4,myelin-exec:__myl_Fc_myl0_2192
0.0,16342,2,8171.0,8171.0,3426,12916,6710.4,myelin-exec:/layers.16/self_attn_10/MatMul_1_myl0_3819
0.0,16333,2,8166.5,8166.5,4185,12148,5630.7,myelin-exec:/layers.17/self_attn_2/MatMul_1_myl0_1364
0.0,16325,2,8162.5,8162.5,3945,12380,5964.4,myelin-exec:/layers.15/self_attn_8/MatMul_1_myl0_3184
0.0,16306,2,8153.0,8153.0,4380,11926,5335.8,myelin-exec:__myl_Fc_myl0_1623
0.0,16306,2,8153.0,8153.0,4028,12278,5833.6,myelin-exec:__myl_Fc_myl0_1866
0.0,16305,2,8152.5,8152.5,5213,11092,4157.1,myelin-exec:__myl_Fc_myl0_3021
0.0,16278,2,8139.0,8139.0,5519,10759,3705.2,myelin-exec:__myl_Fc_myl0_3771
0.0,16267,2,8133.5,8133.5,3092,13175,7129.8,myelin-exec:/layers.6/self_attn_6/MatMul_myl0_2408
0.0,16250,2,8125.0,8125.0,6148,10102,2795.9,myelin-exec:__myl_Fc_myl0_1036
0.0,16250,2,8125.0,8125.0,4741,11509,4785.7,myelin-exec:__myl_Fc_myl0_2066
0.0,16222,2,8111.0,8111.0,3333,12889,6757.1,myelin-exec:/layers.9/self_attn_3/MatMul_1_myl0_1537
0.0,16213,2,8106.5,8106.5,4389,11824,5257.3,myelin-exec:__myl_Fc_myl0_883
0.0,16204,2,8102.0,8102.0,6352,9852,2474.9,myelin-exec:__myl_Fc_myl0_1012
0.0,16204,2,8102.0,8102.0,5343,10861,3901.8,myelin-exec:__myl_Fc_myl0_3296
0.0,16194,2,8097.0,8097.0,3537,12657,6448.8,myelin-exec:/layers.17/self_attn_7/MatMul_1_myl0_2909
0.0,16166,2,8083.0,8083.0,5666,10500,3418.2,myelin-exec:__myl_Fc_myl0_1453
0.0,16148,2,8074.0,8074.0,5398,10750,3784.4,myelin-exec:__myl_Fc_myl0_3645
0.0,16139,2,8069.5,8069.5,5463,10676,3686.1,myelin-exec:__myl_Fc_myl0_3611
0.0,16129,2,8064.5,8064.5,3351,12778,6665.9,myelin-exec:/layers.14/self_attn_9/MatMul_myl0_3471
0.0,16121,2,8060.5,8060.5,3158,12963,6933.2,myelin-exec:/layers.14/self_attn_7/MatMul_myl0_2853
0.0,16111,2,8055.5,8055.5,4027,12084,5697.2,myelin-exec:/layers.17/self_attn_9/MatMul_1_myl0_3527
0.0,16102,2,8051.0,8051.0,3916,12186,5847.8,myelin-exec:/layers.14/self_attn_10/MatMul_1_myl0_3785
0.0,16102,2,8051.0,8051.0,3305,12797,6711.9,myelin-exec:/layers.5/self_attn_1/MatMul_myl0_844
0.0,16102,2,8051.0,8051.0,2982,13120,7168.6,myelin-exec:/layers.6/self_attn_5/MatMul_1_myl0_2104
0.0,16084,2,8042.0,8042.0,4010,12074,5702.1,myelin-exec:/layers.6/self_attn_10/MatMul_1_myl0_3649
0.0,16083,2,8041.5,8041.5,4676,11407,4759.5,myelin-exec:/layers.14/self_attn_8/MatMul_1_myl0_3167
0.0,16073,2,8036.5,8036.5,5490,10583,3601.3,myelin-exec:__myl_Fc_myl0_2769
0.0,16056,2,8028.0,8028.0,3676,12380,6154.7,myelin-exec:__myl_Fc_myl0_2936
0.0,16046,2,8023.0,8023.0,3620,12426,6226.8,myelin-exec:/layers.0/self_attn_9/MatMul_1_myl0_3238
0.0,16045,2,8022.5,8022.5,2481,13564,7836.9,myelin-exec:/layers.2/self_attn_7/MatMul_myl0_2649
0.0,16009,2,8004.5,8004.5,3916,12093,5782.0,myelin-exec:__myl_Fc_myl0_806
0.0,16001,2,8000.5,8000.5,3232,12769,6743.7,myelin-exec:/layers.13/self_attn_8/MatMul_1_myl0_3150
0.0,16000,2,8000.0,8000.0,4278,11722,5263.7,myelin-exec:__myl_Fc_myl0_1830
0.0,15991,2,7995.5,7995.5,5463,10528,3581.5,myelin-exec:__myl_Fc_myl0_758
0.0,15981,2,7990.5,7990.5,3630,12351,6166.7,myelin-exec:/layers.6/self_attn_3/MatMul_1_myl0_1486
0.0,15972,2,7986.0,7986.0,5389,10583,3672.7,myelin-exec:__myl_Fc_myl0_3038
0.0,15955,2,7977.5,7977.5,4945,11010,4288.6,myelin-exec:/layers.2/self_attn_8/MatMul_1_myl0_2963
0.0,15953,2,7976.5,7976.5,3602,12351,6186.5,myelin-exec:__myl_Fc_myl0_1512
0.0,15935,2,7967.5,7967.5,6722,9213,1761.4,myelin-exec:__myl_Fc_myl0_2556
0.0,15935,2,7967.5,7967.5,6361,9574,2271.9,myelin-exec:__myl_Fc_myl0_2983
0.0,15934,2,7967.0,7967.0,4092,11842,5480.1,myelin-exec:__myl_Fc_myl0_849
0.0,15917,2,7958.5,7958.5,4000,11917,5598.2,myelin-exec:/layers.7/self_attn_7/MatMul_1_myl0_2739
0.0,15898,2,7949.0,7949.0,2972,12926,7038.5,myelin-exec:/layers.7/self_attn_1/MatMul_myl0_878
0.0,15889,2,7944.5,7944.5,3149,12740,6781.9,myelin-exec:/layers.14/self_attn_2/MatMul_1_myl0_1313
0.0,15880,2,7940.0,7940.0,7389,8491,779.2,myelin-exec:__myl_Fc_myl0_1745
0.0,15880,2,7940.0,7940.0,5685,10195,3189.1,myelin-exec:__myl_Fc_myl0_2049
0.0,15870,2,7935.0,7935.0,2824,13046,7228.0,myelin-exec:/layers.1/self_attn_2/MatMul_myl0_1087
0.0,15861,2,7930.5,7930.5,4324,11537,5100.4,myelin-exec:__myl_Fc_myl0_3140
0.0,15851,2,7925.5,7925.5,6055,9796,2645.3,myelin-exec:__myl_Fc_myl0_3268
0.0,15842,2,7921.0,7921.0,4009,11833,5532.4,myelin-exec:/layers.2/self_attn_4/MatMul_1_myl0_1727
0.0,15824,2,7912.0,7912.0,4250,11574,5178.9,myelin-exec:__myl_Fc_myl0_1898
0.0,15815,2,7907.5,7907.5,3148,12667,6730.9,myelin-exec:/layers.3/self_attn_3/MatMul_myl0_1430
0.0,15814,2,7907.0,7907.0,4722,11092,4504.3,myelin-exec:/layers.10/self_attn_1/MatMul_1_myl0_933
0.0,15814,2,7907.0,7907.0,4824,10990,4360.0,myelin-exec:__myl_Fc_myl0_840
0.0,15806,2,7903.0,7903.0,4537,11269,4760.2,myelin-exec:/layers.0/self_attn_3/MatMul_1_myl0_1384
0.0,15806,2,7903.0,7903.0,3593,12213,6095.3,myelin-exec:/layers.10/self_attn_4/MatMul_1_myl0_1863
0.0,15796,2,7898.0,7898.0,2759,13037,7267.6,myelin-exec:/layers.6/self_attn_1/MatMul_myl0_861
0.0,15769,2,7884.5,7884.5,3519,12250,6173.7,myelin-exec:/layers.5/self_attn_5/MatMul_1_myl0_2087
0.0,15749,2,7874.5,7874.5,6777,8972,1552.1,myelin-exec:__myl_Fc_myl0_1538
0.0,15749,2,7874.5,7874.5,4648,11101,4563.0,myelin-exec:__myl_Fc_myl0_2175
0.0,15740,2,7870.0,7870.0,2407,13333,7725.8,myelin-exec:__myl_AddCastMulMeanAddSqrtDivMulMulAddCastMulCast_myl0_1681
0.0,15740,2,7870.0,7870.0,5120,10620,3889.1,myelin-exec:__myl_Fc_myl0_2437
0.0,15732,2,7866.0,7866.0,2713,13019,7287.4,myelin-exec:/layers.4/self_attn_7/MatMul_1_myl0_2688
0.0,15714,2,7857.0,7857.0,7334,8380,739.6,myelin-exec:__myl_Fc_myl0_2456
0.0,15713,2,7856.5,7856.5,3750,11963,5807.5,myelin-exec:/layers.1/self_attn_10/MatMul_myl0_3559
0.0,15704,2,7852.0,7852.0,2759,12945,7202.6,myelin-exec:/layers.17/self_attn_2/MatMul_myl0_1359
0.0,15704,2,7852.0,7852.0,5250,10454,3679.8,myelin-exec:__myl_Fc_myl0_1258
0.0,15703,2,7851.5,7851.5,2546,13157,7503.1,myelin-exec:/layers.17/self_attn_5/MatMul_myl0_2286
0.0,15695,2,7847.5,7847.5,3917,11778,5558.6,myelin-exec:__myl_Fc_myl0_823
0.0,15676,2,7838.0,7838.0,3028,12648,6802.4,myelin-exec:/layers.1/self_attn_6/MatMul_myl0_2323
0.0,15666,2,7833.0,7833.0,2805,12861,7110.7,myelin-exec:/layers.17/self_attn_5/MatMul_1_myl0_2291
0.0,15649,2,7824.5,7824.5,2741,12908,7189.2,myelin-exec:/layers.9/self_attn_4/MatMul_1_myl0_1846
0.0,15648,2,7824.0,7824.0,5574,10074,3182.0,myelin-exec:__myl_Fc_myl0_2953
0.0,15639,2,7819.5,7819.5,6370,9269,2049.9,myelin-exec:__myl_Fc_myl0_787
0.0,15638,2,7819.0,7819.0,2546,13092,7457.1,myelin-exec:/layers.14/self_attn_5/MatMul_myl0_2235
0.0,15630,2,7815.0,7815.0,4648,10982,4478.8,myelin-exec:__myl_Fc_myl0_1297
0.0,15630,2,7815.0,7815.0,5658,9972,3050.5,myelin-exec:__myl_Fc_myl0_2105
0.0,15629,2,7814.5,7814.5,3833,11796,5630.7,myelin-exec:/layers.17/self_attn_3/MatMul_1_myl0_1673
0.0,15622,2,7811.0,7811.0,3575,12047,5990.6,myelin-exec:/layers.11/self_attn_7/MatMul_1_myl0_2807
0.0,15621,2,7810.5,7810.5,3973,11648,5427.0,myelin-exec:/layers.2/self_attn_3/MatMul_myl0_1413
0.0,15611,2,7805.5,7805.5,3343,12268,6310.9,myelin-exec:__myl_Fc_myl0_942
0.0,15584,2,7792.0,7792.0,6519,9065,1800.3,myelin-exec:__myl_Fc_myl0_2270
0.0,15584,2,7792.0,7792.0,4389,11195,4812.6,myelin-exec:__myl_Fc_myl0_800
0.0,15574,2,7787.0,7787.0,5694,9880,2959.9,myelin-exec:__myl_Fc_myl0_2083
0.0,15556,2,7778.0,7778.0,5519,10037,3194.7,myelin-exec:__myl_Fc_myl0_2837
0.0,15537,2,7768.5,7768.5,4213,11324,5028.2,myelin-exec:/layers.9/self_attn_1/MatMul_1_myl0_916
0.0,15536,2,7768.0,7768.0,2814,12722,7006.0,myelin-exec:/layers.14/self_attn_10/MatMul_myl0_3780
0.0,15536,2,7768.0,7768.0,5231,10305,3587.9,myelin-exec:__myl_Fc_myl0_2354
0.0,15519,2,7759.5,7759.5,4102,11417,5172.5,myelin-exec:/layers.15/self_attn_1/MatMul_1_myl0_1018
0.0,15519,2,7759.5,7759.5,6213,9306,2187.1,myelin-exec:__myl_Fc_myl0_927
0.0,15510,2,7755.0,7755.0,2269,13241,7758.4,myelin-exec:/layers.8/self_attn_6/MatMul_myl0_2442
0.0,15510,2,7755.0,7755.0,1176,14334,9304.1,myelin-exec:__myl_DivMulCastCastMulCastReshReshSlicSlic_myl0_1603
0.0,15510,2,7755.0,7755.0,6639,8871,1578.3,myelin-exec:__myl_Fc_myl0_1813
0.0,15509,2,7754.5,7754.5,3074,12435,6619.2,myelin-exec:/layers.0/self_attn_3/MatMul_myl0_1379
0.0,15509,2,7754.5,7754.5,3426,12083,6121.4,myelin-exec:/layers.6/self_attn_2/MatMul_myl0_1172
0.0,15500,2,7750.0,7750.0,3064,12436,6627.0,myelin-exec:/layers.3/self_attn_1/MatMul_myl0_810
0.0,15472,2,7736.0,7736.0,2259,13213,7745.6,myelin-exec:/layers.0/self_attn_9/MatMul_myl0_3233
0.0,15472,2,7736.0,7736.0,2176,13296,7863.0,myelin-exec:__myl_AddCastMulMeanAddSqrtDivMulMulAddCastMulCast_myl0_1443
0.0,15463,2,7731.5,7731.5,5046,10417,3797.9,myelin-exec:/layers.8/self_attn_8/MatMul_1_myl0_3065
0.0,15463,2,7731.5,7731.5,5527,9936,3117.6,myelin-exec:__myl_Fc_myl0_2905
0.0,15454,2,7727.0,7727.0,5741,9713,2808.6,myelin-exec:__myl_Fc_myl0_1431
0.0,15454,2,7727.0,7727.0,5139,10315,3660.0,myelin-exec:__myl_Fc_myl0_1940
0.0,15435,2,7717.5,7717.5,2601,12834,7235.8,myelin-exec:/layers.9/self_attn_10/MatMul_myl0_3695
0.0,15434,2,7717.0,7717.0,3268,12166,6291.8,myelin-exec:/layers.8/self_attn_7/MatMul_myl0_2751
0.0,15416,2,7708.0,7708.0,5657,9759,2900.6,myelin-exec:__myl_Fc_myl0_1044
0.0,15408,2,7704.0,7704.0,3167,12241,6416.3,myelin-exec:/layers.16/self_attn_2/MatMul_1_myl0_1347
0.0,15408,2,7704.0,7704.0,3361,12047,6141.9,myelin-exec:/layers.4/self_attn_8/MatMul_1_myl0_2997
0.0,15408,2,7704.0,7704.0,3695,11713,5669.6,myelin-exec:__myl_Fc_myl0_857
0.0,15407,2,7703.5,7703.5,3620,11787,5774.9,myelin-exec:/layers.4/self_attn_3/MatMul_1_myl0_1452
0.0,15389,2,7694.5,7694.5,4574,10815,4413.1,myelin-exec:__myl_Fc_myl0_910
0.0,15380,2,7690.0,7690.0,3463,11917,5977.9,myelin-exec:/layers.3/self_attn_6/MatMul_1_myl0_2362
0.0,15380,2,7690.0,7690.0,4352,11028,4720.6,myelin-exec:/layers.5/self_attn_7/MatMul_1_myl0_2705
0.0,15371,2,7685.5,7685.5,6463,8908,1728.9,myelin-exec:__myl_Fc_myl0_1757
0.0,15370,2,7685.0,7685.0,6926,8444,1073.4,myelin-exec:__myl_Fc_myl0_3513
0.0,15362,2,7681.0,7681.0,2473,12889,7365.2,myelin-exec:/layers.1/self_attn_9/MatMul_1_myl0_3255
0.0,15361,2,7680.5,7680.5,2556,12805,7247.1,myelin-exec:/layers.5/self_attn_7/MatMul_myl0_2700
0.0,15343,2,7671.5,7671.5,3593,11750,5767.9,myelin-exec:/layers.10/self_attn_1/MatMul_myl0_929
0.0,15343,2,7671.5,7671.5,2611,12732,7156.6,myelin-exec:/layers.2/self_attn_10/MatMul_myl0_3576
0.0,15333,2,7666.5,7666.5,2787,12546,6900.7,myelin-exec:/layers.16/self_attn_3/MatMul_1_myl0_1656
0.0,15324,2,7662.0,7662.0,2537,12787,7247.8,myelin-exec:/layers.17/self_attn_4/MatMul_myl0_1977
0.0,15315,2,7657.5,7657.5,4371,10944,4647.8,myelin-exec:__myl_Fc_myl0_1883
0.0,15306,2,7653.0,7653.0,3547,11759,5806.8,myelin-exec:/layers.7/self_attn_8/MatMul_myl0_3043
0.0,15305,2,7652.5,7652.5,2944,12361,6658.8,myelin-exec:/layers.15/self_attn_4/MatMul_myl0_1943
0.0,15297,2,7648.5,7648.5,4843,10454,3967.6,myelin-exec:__myl_Fc_myl0_3843
0.0,15288,2,7644.0,7644.0,5769,9519,2651.7,myelin-exec:__myl_Fc_myl0_2938
0.0,15277,2,7638.5,7638.5,3453,11824,5919.2,myelin-exec:/layers.2/self_attn_3/MatMul_1_myl0_1418
0.0,15260,2,7630.0,7630.0,3584,11676,5721.9,myelin-exec:/layers.13/self_attn_9/MatMul_1_myl0_3459
0.0,15259,2,7629.5,7629.5,5537,9722,2959.2,myelin-exec:__myl_Fc_myl0_1207
0.0,15250,2,7625.0,7625.0,3861,11389,5323.1,myelin-exec:/layers.6/self_attn_8/MatMul_1_myl0_3031
0.0,15250,2,7625.0,7625.0,4908,10342,3842.4,myelin-exec:__myl_Fc_myl0_1983
0.0,15232,2,7616.0,7616.0,4260,10972,4746.1,myelin-exec:__myl_Fc_myl0_1787
0.0,15223,2,7611.5,7611.5,3797,11426,5394.5,myelin-exec:__myl_AddCastMeanSubMulMeanAddSqrtDivMulCastMulAddMulCast_myl0_15
0.0,15223,2,7611.5,7611.5,5574,9649,2881.5,myelin-exec:__myl_Fc_myl0_1064
0.0,15222,2,7611.0,7611.0,4944,10278,3771.7,myelin-exec:__myl_Fc_myl0_993
0.0,15212,2,7606.0,7606.0,3083,12129,6396.5,myelin-exec:/layers.9/self_attn_1/MatMul_myl0_912
0.0,15205,2,7602.5,7602.5,3195,12010,6233.1,myelin-exec:/layers.6/self_attn_7/MatMul_myl0_2717
0.0,15204,2,7602.0,7602.0,2583,12621,7097.9,myelin-exec:__myl_AddMulCastReshTran_myl0_1556
0.0,15204,2,7602.0,7602.0,4278,10926,4700.8,myelin-exec:__myl_Fc_myl0_2130
0.0,15204,2,7602.0,7602.0,4954,10250,3744.8,myelin-exec:__myl_Fc_myl0_925
0.0,15185,2,7592.5,7592.5,4102,11083,4936.3,myelin-exec:__myl_Fc_myl0_1900
0.0,15185,2,7592.5,7592.5,5426,9759,3063.9,myelin-exec:__myl_Fc_myl0_2226
0.0,15177,2,7588.5,7588.5,3445,11732,5859.8,myelin-exec:/layers.13/self_attn_10/MatMul_myl0_3763
0.0,15177,2,7588.5,7588.5,7065,8112,740.3,myelin-exec:__myl_Fc_myl0_1751
0.0,15156,2,7578.0,7578.0,4925,10231,3751.9,myelin-exec:__myl_Fc_myl0_3404
0.0,15148,2,7574.0,7574.0,3537,11611,5709.2,myelin-exec:/layers.11/self_attn_9/MatMul_myl0_3420
0.0,15139,2,7569.5,7569.5,3009,12130,6449.5,myelin-exec:/layers.12/self_attn_7/MatMul_myl0_2819
0.0,15130,2,7565.0,7565.0,3861,11269,5238.2,myelin-exec:/layers.7/self_attn_2/MatMul_myl0_1189
0.0,15129,2,7564.5,7564.5,4796,10333,3915.3,myelin-exec:/layers.4/self_attn_6/MatMul_myl0_2374
0.0,15121,2,7560.5,7560.5,2315,12806,7418.3,myelin-exec:/layers.17/self_attn_6/MatMul_myl0_2595
0.0,15120,2,7560.0,7560.0,5564,9556,2822.8,myelin-exec:__myl_Fc_myl0_1998
0.0,15103,2,7551.5,7551.5,4232,10871,4694.5,myelin-exec:/layers.1/self_attn_3/MatMul_1_myl0_1401
0.0,15101,2,7550.5,7550.5,5287,9814,3201.1,myelin-exec:__myl_Fc_myl0_2735
0.0,15084,2,7542.0,7542.0,2019,13065,7810.7,myelin-exec:__myl_AddCastMulMeanAddSqrtDivMulMulAddCastMulCast_myl0_1731
0.0,15074,2,7537.0,7537.0,2407,12667,7254.9,myelin-exec:/layers.8/self_attn_9/MatMul_myl0_3369
0.0,15074,2,7537.0,7537.0,4648,10426,4085.7,myelin-exec:__myl_Fc_myl0_3072
0.0,15074,2,7537.0,7537.0,4333,10741,4531.1,myelin-exec:__myl_Fc_myl0_3298
0.0,15074,2,7537.0,7537.0,5611,9463,2723.8,myelin-exec:__myl_Fc_myl0_991
0.0,15074,2,7537.0,7537.0,2343,12731,7345.4,myelin-exec:__myl_MulReshDyna_myl0_660
0.0,15038,2,7519.0,7519.0,5130,9908,3378.6,myelin-exec:__myl_Fc_myl0_2507
0.0,15037,2,7518.5,7518.5,2602,12435,6953.0,myelin-exec:/layers.0/self_attn_10/MatMul_myl0_3542
0.0,15037,2,7518.5,7518.5,5158,9879,3338.3,myelin-exec:__myl_Fc_myl0_2592
0.0,15028,2,7514.0,7514.0,5528,9500,2808.6,myelin-exec:__myl_Fc_myl0_3034
0.0,15019,2,7509.5,7509.5,6445,8574,1505.4,myelin-exec:__myl_Fc_myl0_2467
0.0,15009,2,7504.5,7504.5,6620,8389,1250.9,myelin-exec:__myl_Fc_myl0_868
0.0,15000,2,7500.0,7500.0,5676,9324,2579.5,myelin-exec:__myl_Fc_myl0_3214
0.0,14992,2,7496.0,7496.0,3899,11093,5086.9,myelin-exec:/layers.11/self_attn_2/MatMul_myl0_1257
0.0,14991,2,7495.5,7495.5,3759,11232,5284.2,myelin-exec:/layers.10/self_attn_6/MatMul_1_myl0_2481
0.0,14991,2,7495.5,7495.5,3491,11500,5663.2,myelin-exec:__myl_Fc_myl0_2369
0.0,14991,2,7495.5,7495.5,5824,9167,2363.9,myelin-exec:__myl_Fc_myl0_3820
0.0,14990,2,7495.0,7495.0,6120,8870,1944.5,myelin-exec:__myl_Fc_myl0_1893
0.0,14982,2,7491.0,7491.0,4611,10371,4072.9,myelin-exec:__myl_Fc_myl0_1122
0.0,14964,2,7482.0,7482.0,3223,11741,6023.1,myelin-exec:/layers.16/self_attn_7/MatMul_myl0_2887
0.0,14963,2,7481.5,7481.5,2315,12648,7306.5,myelin-exec:/layers.6/self_attn_10/MatMul_myl0_3644
0.0,14963,2,7481.5,7481.5,3703,11260,5343.6,myelin-exec:/layers.8/self_attn_10/MatMul_1_myl0_3683
0.0,14963,2,7481.5,7481.5,5148,9815,3300.1,myelin-exec:__myl_Fc_myl0_1076
0.0,14963,2,7481.5,7481.5,5362,9601,2997.4,myelin-exec:__myl_Fc_myl0_1139
0.0,14963,2,7481.5,7481.5,5389,9574,2959.2,myelin-exec:__myl_Fc_myl0_1292
0.0,14963,2,7481.5,7481.5,5537,9426,2749.9,myelin-exec:__myl_Fc_myl0_3701
0.0,14954,2,7477.0,7477.0,5278,9676,3109.9,myelin-exec:__myl_Fc_myl0_3202
0.0,14954,2,7477.0,7477.0,4843,10111,3725.0,myelin-exec:__myl_Fc_myl0_781
0.0,14953,2,7476.5,7476.5,6861,8092,870.4,myelin-exec:__myl_Fc_myl0_3330
0.0,14936,2,7468.0,7468.0,3732,11204,5283.5,myelin-exec:/layers.0/self_attn_5/MatMul_1_myl0_2002
0.0,14925,2,7462.5,7462.5,4407,10518,4321.1,myelin-exec:__myl_Fc_myl0_2876
0.0,14917,2,7458.5,7458.5,6084,8833,1943.8,myelin-exec:__myl_Fc_myl0_1326
0.0,14916,2,7458.0,7458.0,4916,10000,3594.9,myelin-exec:__myl_Fc_myl0_2562
0.0,14907,2,7453.5,7453.5,4870,10037,3653.6,myelin-exec:__myl_Fc_myl0_2723
0.0,14899,2,7449.5,7449.5,4612,10287,4012.8,myelin-exec:__myl_Fc_myl0_1093
0.0,14898,2,7449.0,7449.0,4454,10444,4235.6,myelin-exec:__myl_Fc_myl0_1214
0.0,14898,2,7449.0,7449.0,5657,9241,2534.3,myelin-exec:__myl_Fc_myl0_3747
0.0,14880,2,7440.0,7440.0,3667,11213,5335.8,myelin-exec:/layers.11/self_attn_5/MatMul_myl0_2184
0.0,14871,2,7435.5,7435.5,6797,8074,903.0,myelin-exec:__myl_Fc_myl0_2190
0.0,14870,2,7435.0,7435.0,3055,11815,6194.3,myelin-exec:/layers.3/self_attn_10/MatMul_1_myl0_3598
0.0,14870,2,7435.0,7435.0,5944,8926,2108.6,myelin-exec:__myl_Fc_myl0_1314
0.0,14852,2,7426.0,7426.0,2908,11944,6389.4,myelin-exec:/layers.11/self_attn_4/MatMul_1_myl0_1880
0.0,14851,2,7425.5,7425.5,5296,9555,3011.6,myelin-exec:__myl_Fc_myl0_834
0.0,14842,2,7421.0,7421.0,6379,8463,1473.6,myelin-exec:__myl_Fc_myl0_2292
0.0,14833,2,7416.5,7416.5,3389,11444,5695.7,myelin-exec:/layers.15/self_attn_10/MatMul_myl0_3797
0.0,14825,2,7412.5,7412.5,4676,10149,3870.0,myelin-exec:__myl_Fc_myl0_2307
0.0,14825,2,7412.5,7412.5,6408,8417,1420.6,myelin-exec:__myl_Fc_myl0_2473
0.0,14815,2,7407.5,7407.5,3046,11769,6168.1,myelin-exec:/layers.11/self_attn_10/MatMul_1_myl0_3734
0.0,14806,2,7403.0,7403.0,2556,12250,6854.7,myelin-exec:/layers.15/self_attn_2/MatMul_myl0_1325
0.0,14796,2,7398.0,7398.0,3296,11500,5801.1,myelin-exec:/layers.14/self_attn_6/MatMul_1_myl0_2549
0.0,14796,2,7398.0,7398.0,5685,9111,2422.5,myelin-exec:__myl_Fc_myl0_3085
0.0,14778,2,7389.0,7389.0,3352,11426,5709.2,myelin-exec:/layers.16/self_attn_4/MatMul_myl0_1960
0.0,14768,2,7384.0,7384.0,3185,11583,5938.3,myelin-exec:/layers.9/self_attn_6/MatMul_myl0_2459
0.0,14759,2,7379.5,7379.5,2898,11861,6337.8,myelin-exec:/layers.10/self_attn_2/MatMul_myl0_1240
0.0,14759,2,7379.5,7379.5,4574,10185,3967.6,myelin-exec:__myl_Fc_myl0_3106
0.0,14751,2,7375.5,7375.5,2473,12278,6933.2,myelin-exec:/layers.16/self_attn_1/MatMul_myl0_1031
0.0,14751,2,7375.5,7375.5,4954,9797,3424.5,myelin-exec:__myl_Fc_myl0_2646
0.0,14750,2,7375.0,7375.0,3768,10982,5101.1,myelin-exec:/layers.9/self_attn_2/MatMul_myl0_1223
0.0,14742,2,7371.0,7371.0,5547,9195,2579.5,myelin-exec:__myl_Fc_myl0_889
0.0,14741,2,7370.5,7370.5,3982,10759,4792.1,myelin-exec:/layers.10/self_attn_9/MatMul_1_myl0_3408
0.0,14732,2,7366.0,7366.0,3741,10991,5126.5,myelin-exec:/layers.10/self_attn_5/MatMul_1_myl0_2172
0.0,14722,2,7361.0,7361.0,4278,10444,4360.0,myelin-exec:__myl_Fc_myl0_1027
0.0,14713,2,7356.5,7356.5,5287,9426,2926.7,myelin-exec:__myl_Fc_myl0_1066
0.0,14713,2,7356.5,7356.5,5148,9565,3123.3,myelin-exec:__myl_Fc_myl0_3234
0.0,14704,2,7352.0,7352.0,2778,11926,6468.6,myelin-exec:/layers.16/self_attn_8/MatMul_1_myl0_3201
0.0,14704,2,7352.0,7352.0,4065,10639,4648.5,myelin-exec:__myl_Fc_myl0_2287
0.0,14694,2,7347.0,7347.0,5704,8990,2323.6,myelin-exec:__myl_Fc_myl0_2780
0.0,14694,2,7347.0,7347.0,6296,8398,1486.3,myelin-exec:__myl_Fc_myl0_3370
0.0,14685,2,7342.5,7342.5,3759,10926,5067.8,myelin-exec:/layers.2/self_attn_7/MatMul_1_myl0_2654
0.0,14684,2,7342.0,7342.0,2509,12175,6834.9,myelin-exec:/layers.3/self_attn_7/MatMul_1_myl0_2671
0.0,14677,2,7338.5,7338.5,3204,11473,5847.1,myelin-exec:/layers.4/self_attn_2/MatMul_myl0_1138
0.0,14676,2,7338.0,7338.0,3389,11287,5584.7,myelin-exec:/layers.11/self_attn_4/MatMul_myl0_1875
0.0,14676,2,7338.0,7338.0,3815,10861,4982.3,myelin-exec:/layers.15/self_attn_1/MatMul_myl0_1014
0.0,14676,2,7338.0,7338.0,6019,8657,1865.3,myelin-exec:__myl_Fc_myl0_1375
0.0,14667,2,7333.5,7333.5,4269,10398,4333.9,myelin-exec:__myl_Fc_myl0_789
0.0,14657,2,7328.5,7328.5,3639,11018,5217.7,myelin-exec:/layers.8/self_attn_5/MatMul_myl0_2133
0.0,14657,2,7328.5,7328.5,6018,8639,1853.3,myelin-exec:__myl_Fc_myl0_1476
0.0,14657,2,7328.5,7328.5,6065,8592,1786.9,myelin-exec:__myl_Fc_myl0_2882
0.0,14648,2,7324.0,7324.0,3852,10796,4910.1,myelin-exec:/layers.9/self_attn_3/MatMul_myl0_1532
0.0,14648,2,7324.0,7324.0,4583,10065,3876.4,myelin-exec:__myl_Fc_myl0_1910
0.0,14647,2,7323.5,7323.5,4601,10046,3850.2,myelin-exec:__myl_Fc_myl0_1180
0.0,14640,2,7320.0,7320.0,6445,8195,1237.4,myelin-exec:__myl_Fc_myl0_2535
0.0,14639,2,7319.5,7319.5,4852,9787,3489.6,myelin-exec:__myl_Fc_myl0_2518
0.0,14638,2,7319.0,7319.0,2416,12222,6933.9,myelin-exec:__myl_SlicReshSlicNegSlicConcMulMulAddTran_myl0_1703
0.0,14631,2,7315.5,7315.5,4297,10334,4268.8,myelin-exec:/layers.10/self_attn_2/MatMul_1_myl0_1245
0.0,14630,2,7315.0,7315.0,3685,10945,5133.6,myelin-exec:__myl_Fc_myl0_2611
0.0,14630,2,7315.0,7315.0,5648,8982,2357.5,myelin-exec:__myl_Fc_myl0_917
0.0,14621,2,7310.5,7310.5,5639,8982,2363.9,myelin-exec:__myl_Fc_myl0_1791
0.0,14620,2,7310.0,7310.0,2240,12380,7170.1,myelin-exec:/layers.9/self_attn_7/MatMul_myl0_2768
0.0,14602,2,7301.0,7301.0,1231,13371,8584.3,myelin-exec:__myl_SlicReshSlicNegSlicConcMulMulAddTran_myl0_1581
0.0,14592,2,7296.0,7296.0,4370,10222,4138.0,myelin-exec:__myl_Fc_myl0_3292
0.0,14583,2,7291.5,7291.5,2963,11620,6121.4,myelin-exec:/layers.7/self_attn_3/MatMul_myl0_1498
0.0,14574,2,7287.0,7287.0,6954,7620,470.9,myelin-exec:__myl_Fc_myl0_1785
0.0,14556,2,7278.0,7278.0,4583,9973,3811.3,myelin-exec:__myl_Fc_myl0_1019
0.0,14556,2,7278.0,7278.0,5287,9269,2815.7,myelin-exec:__myl_Fc_myl0_3017
0.0,14537,2,7268.5,7268.5,5333,9204,2737.2,myelin-exec:__myl_Fc_myl0_2763
0.0,14537,2,7268.5,7268.5,4241,10296,4281.5,myelin-exec:__myl_Fc_myl0_2808
0.0,14537,2,7268.5,7268.5,4593,9944,3783.7,myelin-exec:__myl_Fc_myl0_953
0.0,14528,2,7264.0,7264.0,5121,9407,3030.7,myelin-exec:__myl_Fc_myl0_1360
0.0,14528,2,7264.0,7264.0,4278,10250,4222.8,myelin-exec:__myl_Fc_myl0_2147
0.0,14519,2,7259.5,7259.5,3158,11361,5800.4,myelin-exec:/layers.7/self_attn_4/MatMul_1_myl0_1812
0.0,14518,2,7259.0,7259.0,2370,12148,6914.1,myelin-exec:/layers.3/self_attn_6/MatMul_myl0_2357
0.0,14518,2,7259.0,7259.0,3055,11463,5945.4,myelin-exec:__myl_AddSqrtDivMulCastMulAddMulCastReshTran_myl0_4
0.0,14508,2,7254.0,7254.0,3481,11027,5335.8,myelin-exec:__myl_Fc_myl0_2920
0.0,14500,2,7250.0,7250.0,4685,9815,3627.5,myelin-exec:__myl_Fc_myl0_3153
0.0,14483,2,7241.5,7241.5,3510,10973,5277.1,myelin-exec:/layers.2/self_attn_2/MatMul_1_myl0_1109
0.0,14481,2,7240.5,7240.5,4546,9935,3810.6,myelin-exec:/layers.15/self_attn_9/MatMul_1_myl0_3493
0.0,14463,2,7231.5,7231.5,2176,12287,7149.6,myelin-exec:/layers.13/self_attn_7/MatMul_myl0_2836
0.0,14463,2,7231.5,7231.5,2371,12092,6873.8,myelin-exec:/layers.15/self_attn_7/MatMul_myl0_2870
0.0,14463,2,7231.5,7231.5,5509,8954,2436.0,myelin-exec:__myl_Fc_myl0_891
0.0,14453,2,7226.5,7226.5,2824,11629,6226.1,myelin-exec:/layers.8/self_attn_2/MatMul_myl0_1206
0.0,14453,2,7226.5,7226.5,4796,9657,3437.2,myelin-exec:__myl_Fc_myl0_3805
0.0,14444,2,7222.0,7222.0,3074,11370,5866.2,myelin-exec:/layers.11/self_attn_3/MatMul_1_myl0_1571
0.0,14444,2,7222.0,7222.0,4194,10250,4282.2,myelin-exec:__myl_Fc_myl0_3718
0.0,14434,2,7217.0,7217.0,4629,9805,3660.0,myelin-exec:__myl_Fc_myl0_1265
0.0,14416,2,7208.0,7208.0,2935,11481,6042.9,myelin-exec:/layers.17/self_attn_10/MatMul_1_myl0_3836
0.0,14407,2,7203.5,7203.5,5490,8917,2423.3,myelin-exec:__myl_Fc_myl0_2871
0.0,14398,2,7199.0,7199.0,5426,8972,2507.4,myelin-exec:__myl_Fc_myl0_2590
0.0,14389,2,7194.5,7194.5,4926,9463,3208.1,myelin-exec:__myl_Fc_myl0_1510
0.0,14379,2,7189.5,7189.5,4407,9972,3935.0,myelin-exec:__myl_Fc_myl0_2786
0.0,14362,2,7181.0,7181.0,2019,12343,7300.2,myelin-exec:__myl_SlicReshTranSlicNegSlicConcMulMulAddCastMulCast_myl0_1548
0.0,14361,2,7180.5,7180.5,4426,9935,3895.5,myelin-exec:__myl_Fc_myl0_2650
0.0,14360,2,7180.0,7180.0,6805,7555,530.3,myelin-exec:__myl_Fc_myl0_3477
0.0,14352,2,7176.0,7176.0,5537,8815,2317.9,myelin-exec:__myl_Fc_myl0_1169
0.0,14352,2,7176.0,7176.0,5528,8824,2330.6,myelin-exec:__myl_Fc_myl0_1881
0.0,14342,2,7171.0,7171.0,3731,10611,4864.9,myelin-exec:__myl_Fc_myl0_2633
0.0,14333,2,7166.5,7166.5,4037,10296,4425.8,myelin-exec:/layers.15/self_attn_6/MatMul_1_myl0_2566
0.0,14325,2,7162.5,7162.5,3343,10982,5401.6,myelin-exec:/layers.3/self_attn_9/MatMul_myl0_3284
0.0,14324,2,7162.0,7162.0,3833,10491,4707.9,myelin-exec:/layers.0/self_attn_7/MatMul_1_myl0_2620
0.0,14324,2,7162.0,7162.0,2787,11537,6187.2,myelin-exec:/layers.11/self_attn_6/MatMul_1_myl0_2498
0.0,14324,2,7162.0,7162.0,4852,9472,3266.8,myelin-exec:__myl_Fc_myl0_2970
0.0,14315,2,7157.5,7157.5,5416,8899,2462.9,myelin-exec:__myl_Fc_myl0_1421
0.0,14314,2,7157.0,7157.0,6009,8305,1623.5,myelin-exec:__myl_Fc_myl0_1618
0.0,14306,2,7153.0,7153.0,2380,11926,6750.0,myelin-exec:/layers.5/self_attn_6/MatMul_myl0_2391
0.0,14306,2,7153.0,7153.0,4435,9871,3843.8,myelin-exec:__myl_Fc_myl0_2439
0.0,14305,2,7152.5,7152.5,3592,10713,5035.3,myelin-exec:__myl_Fc_myl0_3187
0.0,14297,2,7148.5,7148.5,3593,10704,5028.2,myelin-exec:__myl_Fc_myl0_2275
0.0,14278,2,7139.0,7139.0,2908,11370,5983.5,myelin-exec:/layers.13/self_attn_4/MatMul_myl0_1909
0.0,14277,2,7138.5,7138.5,3046,11231,5787.7,myelin-exec:/layers.1/self_attn_8/MatMul_1_myl0_2946
0.0,14277,2,7138.5,7138.5,3546,10731,5080.6,myelin-exec:/layers.4/self_attn_9/MatMul_1_myl0_3306
0.0,14260,2,7130.0,7130.0,4686,9574,3456.3,myelin-exec:__myl_Fc_myl0_1387
0.0,14260,2,7130.0,7130.0,5352,8908,2514.5,myelin-exec:__myl_Fc_myl0_3302
0.0,14250,2,7125.0,7125.0,4574,9676,3607.7,myelin-exec:__myl_Fc_myl0_804
0.0,14249,2,7124.5,7124.5,3018,11231,5807.5,myelin-exec:/layers.5/self_attn_10/MatMul_1_myl0_3632
0.0,14249,2,7124.5,7124.5,3333,10916,5362.0,myelin-exec:/layers.7/self_attn_2/MatMul_1_myl0_1194
0.0,14241,2,7120.5,7120.5,2713,11528,6233.1,myelin-exec:/layers.10/self_attn_7/MatMul_1_myl0_2790
0.0,14241,2,7120.5,7120.5,5741,8500,1950.9,myelin-exec:__myl_Fc_myl0_1825
0.0,14232,2,7116.0,7116.0,2259,11973,6868.8,myelin-exec:/layers.8/self_attn_10/MatMul_myl0_3678
0.0,14231,2,7115.5,7115.5,2065,12166,7142.5,myelin-exec:/layers.11/self_attn_7/MatMul_myl0_2802
0.0,14222,2,7111.0,7111.0,2305,11917,6796.7,myelin-exec:/layers.7/self_attn_7/MatMul_myl0_2734
0.0,14213,2,7106.5,7106.5,1963,12250,7274.0,myelin-exec:__myl_AddCastMulMeanAddSqrtDivMulMulAddCastMulCast_myl0_1677
0.0,14213,2,7106.5,7106.5,4547,9666,3619.7,myelin-exec:__myl_Fc_myl0_1331
0.0,14204,2,7102.0,7102.0,2630,11574,6324.4,myelin-exec:__myl_MulCastAddMaxrSubExpSumDivMulCastCastMulCast_myl0_346
0.0,14194,2,7097.0,7097.0,2713,11481,6199.9,myelin-exec:/layers.13/self_attn_6/MatMul_1_myl0_2532
0.0,14194,2,7097.0,7097.0,3574,10620,4982.3,myelin-exec:__myl_Fc_myl0_2752
0.0,14185,2,7092.5,7092.5,3389,10796,5237.5,myelin-exec:/layers.9/self_attn_2/MatMul_1_myl0_1228
0.0,14185,2,7092.5,7092.5,5611,8574,2095.2,myelin-exec:__myl_Fc_myl0_2382
0.0,14176,2,7088.0,7088.0,6324,7852,1080.5,myelin-exec:__myl_Fc_myl0_2026
0.0,14176,2,7088.0,7088.0,5250,8926,2599.3,myelin-exec:__myl_Fc_myl0_2899
0.0,14166,2,7083.0,7083.0,5027,9139,2907.6,myelin-exec:__myl_Fc_myl0_3051
0.0,14158,2,7079.0,7079.0,2028,12130,7143.2,myelin-exec:__myl_SlicSlicMulMulMulAddMulTanhAddMulMulMulMulCast_myl0_1560
0.0,14149,2,7074.5,7074.5,6686,7463,549.4,myelin-exec:__myl_Fc_myl0_2433
0.0,14121,2,7060.5,7060.5,4010,10111,4314.1,myelin-exec:__myl_Fc_myl0_2241
0.0,14112,2,7056.0,7056.0,3250,10862,5382.5,myelin-exec:/layers.10/self_attn_7/MatMul_myl0_2785
0.0,14111,2,7055.5,7055.5,2528,11583,6402.9,myelin-exec:/layers.12/self_attn_7/MatMul_1_myl0_2824
0.0,14111,2,7055.5,7055.5,4407,9704,3745.5,myelin-exec:__myl_Fc_myl0_3251
0.0,14110,2,7055.0,7055.0,2546,11564,6376.7,myelin-exec:/layers.0/self_attn_8/MatMul_myl0_2924
0.0,14102,2,7051.0,7051.0,3907,10195,4446.3,myelin-exec:/layers.9/self_attn_7/MatMul_1_myl0_2773
0.0,14093,2,7046.5,7046.5,4685,9408,3339.7,myelin-exec:__myl_Fc_myl0_1088
0.0,14084,2,7042.0,7042.0,2769,11315,6042.9,myelin-exec:/layers.1/self_attn_3/MatMul_myl0_1396
0.0,14084,2,7042.0,7042.0,4519,9565,3568.1,myelin-exec:__myl_Fc_myl0_2304
0.0,14083,2,7041.5,7041.5,4454,9629,3659.3,myelin-exec:__myl_Fc_myl0_3326
0.0,14074,2,7037.0,7037.0,3065,11009,5617.3,myelin-exec:/layers.13/self_attn_5/MatMul_myl0_2218
0.0,14074,2,7037.0,7037.0,6472,7602,799.0,myelin-exec:__myl_Fc_myl0_3673
0.0,14073,2,7036.5,7036.5,3592,10481,4871.3,myelin-exec:/layers.10/self_attn_8/MatMul_1_myl0_3099
0.0,14055,2,7027.5,7027.5,4546,9509,3509.4,myelin-exec:__myl_Fc_myl0_3560
0.0,14047,2,7023.5,7023.5,4991,9056,2874.4,myelin-exec:__myl_Fc_myl0_783
0.0,14046,2,7023.0,7023.0,3898,10148,4419.4,myelin-exec:/layers.16/self_attn_9/MatMul_myl0_3505
0.0,14046,2,7023.0,7023.0,6602,7444,595.4,myelin-exec:__myl_Fc_myl0_3208
0.0,14038,2,7019.0,7019.0,3630,10408,4792.8,myelin-exec:__myl_Fc_myl0_1436
0.0,14038,2,7019.0,7019.0,5963,8075,1493.4,myelin-exec:__myl_Fc_myl0_3451
0.0,14037,2,7018.5,7018.5,5731,8306,1820.8,myelin-exec:__myl_Fc_myl0_3737
0.0,14028,2,7014.0,7014.0,3454,10574,5034.6,myelin-exec:/layers.17/self_attn_10/MatMul_myl0_3831
0.0,14027,2,7013.5,7013.5,5407,8620,2271.9,myelin-exec:__myl_Fc_myl0_3089
0.0,14027,2,7013.5,7013.5,3981,10046,4288.6,myelin-exec:__myl_Slic_myl0_2704
0.0,14018,2,7009.0,7009.0,3620,10398,4792.8,myelin-exec:__myl_Fc_myl0_1923
0.0,14010,2,7005.0,7005.0,4602,9408,3398.4,myelin-exec:__myl_Fc_myl0_1038
0.0,14009,2,7004.5,7004.5,5241,8768,2494.0,myelin-exec:__myl_Fc_myl0_1482
0.0,14001,2,7000.5,7000.5,3121,10880,5486.4,myelin-exec:/layers.17/self_attn_3/MatMul_myl0_1668
0.0,14000,2,7000.0,7000.0,3037,10963,5604.5,myelin-exec:/layers.1/self_attn_4/MatMul_1_myl0_1710
0.0,14000,2,7000.0,7000.0,2194,11806,6796.7,myelin-exec:/layers.16/self_attn_5/MatMul_myl0_2269
0.0,14000,2,7000.0,7000.0,3333,10667,5185.9,myelin-exec:__myl_ConcMoveMul_myl0_752
0.0,14000,2,7000.0,7000.0,4666,9334,3300.8,myelin-exec:__myl_Fc_myl0_3822
0.0,13991,2,6995.5,6995.5,3111,10880,5493.5,myelin-exec:/layers.0/self_attn_8/MatMul_1_myl0_2929
0.0,13982,2,6991.0,6991.0,5889,8093,1558.5,myelin-exec:__myl_Fc_myl0_1499
0.0,13981,2,6990.5,6990.5,5185,8796,2553.4,myelin-exec:__myl_Fc_myl0_3656
0.0,13973,2,6986.5,6986.5,5195,8778,2533.6,myelin-exec:__myl_Fc_myl0_1118
0.0,13972,2,6986.0,6986.0,3176,10796,5388.2,myelin-exec:/layers.15/self_attn_5/MatMul_myl0_2252
0.0,13972,2,6986.0,6986.0,5194,8778,2534.3,myelin-exec:__myl_Fc_myl0_2689
0.0,13964,2,6982.0,6982.0,3417,10547,5041.7,myelin-exec:__myl_Fc_myl0_3221
0.0,13963,2,6981.5,6981.5,4241,9722,3875.7,myelin-exec:__myl_Fc_myl0_2545
0.0,13954,2,6977.0,6977.0,6130,7824,1197.8,myelin-exec:__myl_Fc_myl0_1112
0.0,13953,2,6976.5,6976.5,4407,9546,3633.8,myelin-exec:__myl_Fc_myl0_1774
0.0,13945,2,6972.5,6972.5,4611,9334,3339.7,myelin-exec:__myl_Fc_myl0_974
0.0,13944,2,6972.0,6972.0,3203,10741,5330.2,myelin-exec:/layers.9/self_attn_4/MatMul_myl0_1841
0.0,13944,2,6972.0,6972.0,5463,8481,2134.0,myelin-exec:__myl_Fc_myl0_2987
0.0,13936,2,6968.0,6968.0,3343,10593,5126.5,myelin-exec:/layers.5/self_attn_4/MatMul_1_myl0_1778
0.0,13936,2,6968.0,6968.0,5167,8769,2547.0,myelin-exec:__myl_Fc_myl0_1448
0.0,13935,2,6967.5,6967.5,4407,9528,3621.1,myelin-exec:__myl_Fc_myl0_1951
0.0,13935,2,6967.5,6967.5,5500,8435,2075.4,myelin-exec:__myl_Fc_myl0_3679
0.0,13917,2,6958.5,6958.5,5380,8537,2232.3,myelin-exec:__myl_Fc_myl0_2865
0.0,13917,2,6958.5,6958.5,4223,9694,3868.6,myelin-exec:__myl_Fc_myl0_3366
0.0,13908,2,6954.0,6954.0,2732,11176,5970.8,myelin-exec:/layers.16/self_attn_7/MatMul_1_myl0_2892
0.0,13908,2,6954.0,6954.0,4963,8945,2815.7,myelin-exec:__myl_Fc_myl0_1146
0.0,13907,2,6953.5,6953.5,3583,10324,4766.6,myelin-exec:/layers.1/self_attn_6/MatMul_1_myl0_2328
0.0,13907,2,6953.5,6953.5,4426,9481,3574.4,myelin-exec:__myl_Fc_myl0_2045
0.0,13898,2,6949.0,6949.0,2685,11213,6030.2,myelin-exec:/layers.1/self_attn_7/MatMul_1_myl0_2637
0.0,13898,2,6949.0,6949.0,3991,9907,4183.2,myelin-exec:__myl_Fc_myl0_2207
0.0,13898,2,6949.0,6949.0,5796,8102,1630.6,myelin-exec:__myl_Fc_myl0_2729
0.0,13898,2,6949.0,6949.0,4620,9278,3293.7,myelin-exec:__myl_Fc_myl0_3445
0.0,13890,2,6945.0,6945.0,3454,10436,4937.0,myelin-exec:/layers.13/self_attn_6/MatMul_myl0_2527
0.0,13890,2,6945.0,6945.0,2343,11547,6508.2,myelin-exec:/layers.6/self_attn_9/MatMul_myl0_3335
0.0,13889,2,6944.5,6944.5,4787,9102,3051.2,myelin-exec:__myl_Fc_myl0_2718
0.0,13889,2,6944.5,6944.5,4843,9046,2972.0,myelin-exec:__myl_Fc_myl0_2888
0.0,13889,2,6944.5,6944.5,5120,8769,2580.2,myelin-exec:__myl_Fc_myl0_2949
0.0,13880,2,6940.0,6940.0,2898,10982,5716.3,myelin-exec:/layers.16/self_attn_4/MatMul_1_myl0_1965
0.0,13880,2,6940.0,6940.0,5639,8241,1839.9,myelin-exec:__myl_Fc_myl0_2803
0.0,13871,2,6935.5,6935.5,4584,9287,3325.5,myelin-exec:__myl_Fc_myl0_1127
0.0,13870,2,6935.0,6935.0,3981,9889,4177.6,myelin-exec:__myl_Fc_myl0_1161
0.0,13861,2,6930.5,6930.5,4518,9343,3411.8,myelin-exec:__myl_Fc_myl0_2107
0.0,13852,2,6926.0,6926.0,3907,9945,4269.5,myelin-exec:__myl_Fc_myl0_3496
0.0,13851,2,6925.5,6925.5,5259,8592,2356.8,myelin-exec:__myl_Fc_myl0_3781
0.0,13844,2,6922.0,6922.0,4723,9121,3109.9,myelin-exec:__myl_Fc_myl0_3588
0.0,13843,2,6921.5,6921.5,5334,8509,2245.1,myelin-exec:__myl_Fc_myl0_2141
0.0,13842,2,6921.0,6921.0,4009,9833,4118.2,myelin-exec:/layers.12/self_attn_6/MatMul_1_myl0_2515
0.0,13842,2,6921.0,6921.0,4898,8944,2861.0,myelin-exec:__myl_Fc_myl0_2331
0.0,13842,2,6921.0,6921.0,5490,8352,2023.7,myelin-exec:__myl_Fc_myl0_2640
0.0,13833,2,6916.5,6916.5,5907,7926,1427.6,myelin-exec:__myl_Fc_myl0_3635
0.0,13797,2,6898.5,6898.5,5306,8491,2252.1,myelin-exec:__myl_Fc_myl0_838
0.0,13797,2,6898.5,6898.5,4352,9445,3601.3,myelin-exec:__myl_Fc_myl0_940
0.0,13795,2,6897.5,6897.5,2518,11277,6193.5,myelin-exec:/layers.4/self_attn_6/MatMul_1_myl0_2379
0.0,13788,2,6894.0,6894.0,5028,8760,2638.9,myelin-exec:__myl_Fc_myl0_1459
0.0,13787,2,6893.5,6893.5,5796,7991,1552.1,myelin-exec:__myl_Fc_myl0_1762
0.0,13787,2,6893.5,6893.5,5231,8556,2351.1,myelin-exec:__myl_Fc_myl0_2139
0.0,13786,2,6893.0,6893.0,4175,9611,3843.8,myelin-exec:__myl_Fc_myl0_817
0.0,13778,2,6889.0,6889.0,2639,11139,6010.4,myelin-exec:/layers.8/self_attn_4/MatMul_myl0_1824
0.0,13760,2,6880.0,6880.0,3649,10111,4569.3,myelin-exec:/layers.15/self_attn_4/MatMul_1_myl0_1948
0.0,13760,2,6880.0,6880.0,3565,10195,4688.1,myelin-exec:/layers.2/self_attn_9/MatMul_1_myl0_3272
0.0,13759,2,6879.5,6879.5,4981,8778,2684.9,myelin-exec:__myl_Fc_myl0_2579
0.0,13759,2,6879.5,6879.5,5694,8065,1676.6,myelin-exec:__myl_Fc_myl0_3639
0.0,13750,2,6875.0,6875.0,6278,7472,844.3,myelin-exec:__myl_Fc_myl0_2516
0.0,13741,2,6870.5,6870.5,3435,10306,4858.5,myelin-exec:/layers.16/self_attn_8/MatMul_myl0_3196
0.0,13740,2,6870.0,6870.0,4287,9453,3652.9,myelin-exec:__myl_Fc_myl0_3500
0.0,13731,2,6865.5,6865.5,4592,9139,3215.2,myelin-exec:__myl_Fc_myl0_2386
0.0,13723,2,6861.5,6861.5,4935,8788,2724.5,myelin-exec:__myl_Fc_myl0_2511
0.0,13722,2,6861.0,6861.0,3537,10185,4700.8,myelin-exec:/layers.8/self_attn_9/MatMul_1_myl0_3374
0.0,13722,2,6861.0,6861.0,5527,8195,1886.6,myelin-exec:__myl_Fc_myl0_3523
0.0,13713,2,6856.5,6856.5,3667,10046,4510.6,myelin-exec:/layers.17/self_attn_6/MatMul_1_myl0_2600
0.0,13704,2,6852.0,6852.0,3778,9926,4347.3,myelin-exec:__myl_Fc_myl0_1220
0.0,13704,2,6852.0,6852.0,5593,8111,1780.5,myelin-exec:__myl_Fc_myl0_1657
0.0,13703,2,6851.5,6851.5,4638,9065,3130.4,myelin-exec:__myl_Fc_myl0_1156
0.0,13703,2,6851.5,6851.5,3462,10241,4793.5,myelin-exec:__myl_Fc_myl0_2575
0.0,13695,2,6847.5,6847.5,2287,11408,6449.5,myelin-exec:/layers.17/self_attn_8/MatMul_myl0_3213
0.0,13686,2,6843.0,6843.0,5639,8047,1702.7,myelin-exec:__myl_Fc_myl0_1968
0.0,13685,2,6842.5,6842.5,3583,10102,4609.6,myelin-exec:/layers.7/self_attn_5/MatMul_1_myl0_2121
0.0,13685,2,6842.5,6842.5,5287,8398,2199.8,myelin-exec:__myl_Fc_myl0_1864
0.0,13685,2,6842.5,6842.5,4454,9231,3377.8,myelin-exec:__myl_Fc_myl0_2450
0.0,13684,2,6842.0,6842.0,5842,7842,1414.2,myelin-exec:__myl_Fc_myl0_1493
0.0,13676,2,6838.0,6838.0,3398,10278,4864.9,myelin-exec:/layers.6/self_attn_5/MatMul_myl0_2099
0.0,13676,2,6838.0,6838.0,4695,8981,3030.7,myelin-exec:__myl_Fc_myl0_1275
0.0,13676,2,6838.0,6838.0,6759,6917,111.7,myelin-exec:__myl_Fc_myl0_2629
0.0,13667,2,6833.5,6833.5,2574,11093,6023.8,myelin-exec:/layers.8/self_attn_7/MatMul_1_myl0_2756
0.0,13667,2,6833.5,6833.5,6093,7574,1047.2,myelin-exec:__myl_Fc_myl0_1859
0.0,13667,2,6833.5,6833.5,5408,8259,2016.0,myelin-exec:__myl_Fc_myl0_3125
0.0,13667,2,6833.5,6833.5,4704,8963,3011.6,myelin-exec:__myl_Fc_myl0_774
0.0,13666,2,6833.0,6833.0,4500,9166,3299.4,myelin-exec:__myl_Fc_myl0_1110
0.0,13658,2,6829.0,6829.0,4223,9435,3685.4,myelin-exec:__myl_Fc_myl0_987
0.0,13657,2,6828.5,6828.5,4352,9305,3502.3,myelin-exec:__myl_Fc_myl0_1246
0.0,13639,2,6819.5,6819.5,4232,9407,3659.3,myelin-exec:__myl_Fc_myl0_1694
0.0,13638,2,6819.0,6819.0,4361,9277,3476.1,myelin-exec:__myl_Fc_myl0_2422
0.0,13620,2,6810.0,6810.0,2657,10963,5873.2,myelin-exec:/layers.9/self_attn_5/MatMul_1_myl0_2155
0.0,13611,2,6805.5,6805.5,5259,8352,2187.1,myelin-exec:__myl_Fc_myl0_2077
0.0,13610,2,6805.0,6805.0,4833,8777,2788.8,myelin-exec:__myl_Fc_myl0_2365
0.0,13602,2,6801.0,6801.0,5231,8371,2220.3,myelin-exec:__myl_Fc_myl0_1847
0.0,13602,2,6801.0,6801.0,6269,7333,752.4,myelin-exec:__myl_Fc_myl0_3290
0.0,13601,2,6800.5,6800.5,4694,8907,2979.0,myelin-exec:__myl_Fc_myl0_1129
0.0,13593,2,6796.5,6796.5,5315,8278,2095.2,myelin-exec:__myl_Fc_myl0_1669
0.0,13592,2,6796.0,6796.0,5481,8111,1859.7,myelin-exec:__myl_Fc_myl0_1802
0.0,13584,2,6792.0,6792.0,5380,8204,1996.9,myelin-exec:__myl_Fc_myl0_1084
0.0,13583,2,6791.5,6791.5,5917,7666,1236.7,myelin-exec:__myl_Fc_myl0_1241
0.0,13574,2,6787.0,6787.0,4815,8759,2788.8,myelin-exec:__myl_Fc_myl0_1472
0.0,13574,2,6787.0,6787.0,4963,8611,2579.5,myelin-exec:__myl_Fc_myl0_1842
0.0,13574,2,6787.0,6787.0,4750,8824,2880.8,myelin-exec:__myl_Fc_myl0_2814
0.0,13574,2,6787.0,6787.0,5287,8287,2121.3,myelin-exec:__myl_Fc_myl0_3262
0.0,13566,2,6783.0,6783.0,3093,10473,5218.4,myelin-exec:/layers.9/self_attn_5/MatMul_myl0_2150
0.0,13566,2,6783.0,6783.0,3593,9973,4511.3,myelin-exec:__myl_Fc_myl0_1263
0.0,13564,2,6782.0,6782.0,3805,9759,4210.1,myelin-exec:/layers.3/self_attn_5/MatMul_1_myl0_2053
0.0,13564,2,6782.0,6782.0,5750,7814,1459.5,myelin-exec:__myl_Fc_myl0_2697
0.0,13546,2,6773.0,6773.0,3648,9898,4419.4,myelin-exec:/layers.5/self_attn_6/MatMul_1_myl0_2396
0.0,13546,2,6773.0,6773.0,4435,9111,3306.4,myelin-exec:__myl_Fc_myl0_1303
0.0,13546,2,6773.0,6773.0,5704,7842,1511.8,myelin-exec:__myl_Fc_myl0_2831
0.0,13537,2,6768.5,6768.5,3185,10352,5067.8,myelin-exec:/layers.16/self_attn_9/MatMul_1_myl0_3510
0.0,13529,2,6764.5,6764.5,3621,9908,4445.6,myelin-exec:__myl_Fc_myl0_3411
0.0,13528,2,6764.0,6764.0,5889,7639,1237.4,myelin-exec:__myl_Fc_myl0_2020
0.0,13528,2,6764.0,6764.0,5482,8046,1813.0,myelin-exec:__myl_Fc_myl0_906
0.0,13527,2,6763.5,6763.5,5703,7824,1499.8,myelin-exec:__myl_Fc_myl0_1197
0.0,13527,2,6763.5,6763.5,4472,9055,3240.7,myelin-exec:__myl_Fc_myl0_2158
0.0,13527,2,6763.5,6763.5,5648,7879,1577.6,myelin-exec:__myl_Fc_myl0_2552
0.0,13527,2,6763.5,6763.5,5314,8213,2049.9,myelin-exec:__myl_Fc_myl0_872
0.0,13519,2,6759.5,6759.5,3158,10361,5093.3,myelin-exec:/layers.3/self_attn_7/MatMul_myl0_2666
0.0,13519,2,6759.5,6759.5,4482,9037,3220.9,myelin-exec:__myl_Fc_myl0_2701
0.0,13519,2,6759.5,6759.5,2111,11408,6574.0,myelin-exec:__myl_SlicReshSlicNegSlicConcMulMulAddTran_myl0_1598
0.0,13518,2,6759.0,6759.0,4787,8731,2788.8,myelin-exec:__myl_Fc_myl0_2243
0.0,13509,2,6754.5,6754.5,2787,10722,5610.9,myelin-exec:/layers.5/self_attn_9/MatMul_1_myl0_3323
0.0,13509,2,6754.5,6754.5,4472,9037,3227.9,myelin-exec:__myl_Fc_myl0_3119
0.0,13509,2,6754.5,6754.5,3778,9731,4209.4,myelin-exec:__myl_Fc_myl0_3170
0.0,13509,2,6754.5,6754.5,5028,8481,2441.6,myelin-exec:__myl_Fc_myl0_3398
0.0,13500,2,6750.0,6750.0,2778,10722,5617.3,myelin-exec:/layers.12/self_attn_4/MatMul_myl0_1892
0.0,13500,2,6750.0,6750.0,5139,8361,2278.3,myelin-exec:__myl_Fc_myl0_3364
0.0,13500,2,6750.0,6750.0,2389,11111,6167.4,myelin-exec:__myl_ReplCastReshReshAndEqlLtOrAndReshSele_myl0_311
0.0,13491,2,6745.5,6745.5,2509,10982,5991.3,myelin-exec:/layers.10/self_attn_8/MatMul_myl0_3094
0.0,13491,2,6745.5,6745.5,3658,9833,4366.4,myelin-exec:__myl_Fc_myl0_3530
0.0,13483,2,6741.5,6741.5,5362,8121,1950.9,myelin-exec:__myl_Fc_myl0_1068
0.0,13482,2,6741.0,6741.0,3593,9889,4451.9,myelin-exec:/layers.6/self_attn_9/MatMul_1_myl0_3340
0.0,13482,2,6741.0,6741.0,5435,8047,1847.0,myelin-exec:__myl_Fc_myl0_3707
0.0,13481,2,6740.5,6740.5,5500,7981,1754.3,myelin-exec:__myl_Fc_myl0_3483
0.0,13473,2,6736.5,6736.5,3408,10065,4707.2,myelin-exec:/layers.5/self_attn_8/MatMul_myl0_3009
0.0,13473,2,6736.5,6736.5,4547,8926,3096.4,myelin-exec:__myl_Fc_myl0_2966
0.0,13464,2,6732.0,6732.0,3204,10260,4989.3,myelin-exec:__myl_Fc_myl0_1648
0.0,13463,2,6731.5,6731.5,5445,8018,1819.4,myelin-exec:__myl_Fc_myl0_3837
0.0,13455,2,6727.5,6727.5,4732,8723,2822.1,myelin-exec:__myl_Fc_myl0_3055
0.0,13445,2,6722.5,6722.5,2759,10686,5605.2,myelin-exec:/layers.7/self_attn_9/MatMul_1_myl0_3357
0.0,13444,2,6722.0,6722.0,4352,9092,3351.7,myelin-exec:__myl_Fc_myl0_2820
0.0,13436,2,6718.0,6718.0,5482,7954,1748.0,myelin-exec:__myl_Fc_myl0_1612
0.0,13435,2,6717.5,6717.5,4370,9065,3319.9,myelin-exec:__myl_Fc_myl0_3400
0.0,13427,2,6713.5,6713.5,5167,8260,2187.1,myelin-exec:__myl_Fc_myl0_2298
0.0,13426,2,6713.0,6713.0,4861,8565,2619.1,myelin-exec:__myl_Fc_myl0_1461
0.0,13417,2,6708.5,6708.5,2741,10676,5610.9,myelin-exec:/layers.16/self_attn_6/MatMul_1_myl0_2583
0.0,13417,2,6708.5,6708.5,6241,7176,661.1,myelin-exec:__myl_Fc_myl0_1354
0.0,13417,2,6708.5,6708.5,4426,8991,3227.9,myelin-exec:__myl_Fc_myl0_2524
0.0,13416,2,6708.0,6708.0,5463,7953,1760.7,myelin-exec:__myl_Fc_myl0_1779
0.0,13408,2,6704.0,6704.0,3593,9815,4399.6,myelin-exec:__myl_AddMulCastReshTran_myl0_2741
0.0,13407,2,6703.5,6703.5,5620,7787,1532.3,myelin-exec:__myl_Fc_myl0_3594
0.0,13398,2,6699.0,6699.0,4352,9046,3319.2,myelin-exec:__myl_Fc_myl0_2573
0.0,13398,2,6699.0,6699.0,5601,7797,1552.8,myelin-exec:__myl_Fc_myl0_2827
0.0,13398,2,6699.0,6699.0,5463,7935,1748.0,myelin-exec:__myl_Fc_myl0_2895
0.0,13398,2,6699.0,6699.0,1204,12194,7771.1,myelin-exec:__myl_MulCastAddMulCastAddConcMaxrSubExpSum_myl0_1619
0.0,13389,2,6694.5,6694.5,3889,9500,3967.6,myelin-exec:/layers.12/self_attn_8/MatMul_1_myl0_3133
0.0,13370,2,6685.0,6685.0,6490,6880,275.8,myelin-exec:__myl_Fc_myl0_1966
0.0,13361,2,6680.5,6680.5,3657,9704,4275.9,myelin-exec:__myl_Fc_myl0_2627
0.0,13352,2,6676.0,6676.0,2389,10963,6062.7,myelin-exec:/layers.7/self_attn_8/MatMul_1_myl0_3048
0.0,13351,2,6675.5,6675.5,5027,8324,2331.3,myelin-exec:__myl_Fc_myl0_2100
0.0,13342,2,6671.0,6671.0,5129,8213,2180.7,myelin-exec:__myl_Fc_myl0_1280
0.0,13342,2,6671.0,6671.0,4175,9167,3529.9,myelin-exec:__myl_Fc_myl0_3000
0.0,13342,2,6671.0,6671.0,5583,7759,1538.7,myelin-exec:__myl_Fc_myl0_3443
0.0,13334,2,6667.0,6667.0,4713,8621,2763.4,myelin-exec:__myl_Fc_myl0_2090
0.0,13334,2,6667.0,6667.0,4334,9000,3299.4,myelin-exec:__myl_Fc_myl0_2932
0.0,13324,2,6662.0,6662.0,5805,7519,1212.0,myelin-exec:__myl_Fc_myl0_1380
0.0,13315,2,6657.5,6657.5,4334,8981,3285.9,myelin-exec:__myl_Fc_myl0_1042
0.0,13315,2,6657.5,6657.5,6167,7148,693.7,myelin-exec:__myl_MulCastAddMulCastAddConcMaxrSubExpSum_myl0_1517
0.0,13314,2,6657.0,6657.0,3120,10194,5002.1,myelin-exec:/layers.3/self_attn_8/MatMul_myl0_2975
0.0,13314,2,6657.0,6657.0,2537,10777,5826.6,myelin-exec:/layers.9/self_attn_9/MatMul_1_myl0_3391
0.0,13306,2,6653.0,6653.0,4130,9176,3568.1,myelin-exec:__myl_Fc_myl0_3650
0.0,13305,2,6652.5,6652.5,2259,11046,6213.3,myelin-exec:/layers.4/self_attn_9/MatMul_myl0_3301
0.0,13297,2,6648.5,6648.5,2759,10538,5500.6,myelin-exec:/layers.9/self_attn_6/MatMul_1_myl0_2464
0.0,13297,2,6648.5,6648.5,5000,8297,2331.3,myelin-exec:__myl_Fc_myl0_3622
0.0,13296,2,6648.0,6648.0,3092,10204,5028.9,myelin-exec:/layers.14/self_attn_4/MatMul_1_myl0_1931
0.0,13287,2,6643.5,6643.5,4602,8685,2887.1,myelin-exec:__myl_Fc_myl0_3319
0.0,13287,2,6643.5,6643.5,4491,8796,3044.1,myelin-exec:__myl_Fc_myl0_3479
0.0,13278,2,6639.0,6639.0,5444,7834,1690.0,myelin-exec:__myl_Fc_myl0_3511
0.0,13268,2,6634.0,6634.0,2278,10990,6160.3,myelin-exec:/layers.10/self_attn_6/MatMul_myl0_2476
0.0,13268,2,6634.0,6634.0,4009,9259,3712.3,myelin-exec:__myl_Fc_myl0_2603
0.0,13260,2,6630.0,6630.0,4676,8584,2763.4,myelin-exec:__myl_Fc_myl0_3752
0.0,13259,2,6629.5,6629.5,5407,7852,1728.9,myelin-exec:__myl_Fc_myl0_1397
0.0,13251,2,6625.5,6625.5,2667,10584,5598.2,myelin-exec:/layers.12/self_attn_5/MatMul_myl0_2201
0.0,13251,2,6625.5,6625.5,4667,8584,2769.7,myelin-exec:__myl_Fc_myl0_3415
0.0,13250,2,6625.0,6625.0,2639,10611,5637.1,myelin-exec:/layers.11/self_attn_8/MatMul_1_myl0_3116
0.0,13250,2,6625.0,6625.0,3278,9972,4733.4,myelin-exec:__myl_Fc_myl0_1702
0.0,13242,2,6621.0,6621.0,1019,12223,7922.4,myelin-exec:__myl_Slic_myl0_1553
0.0,13241,2,6620.5,6620.5,5130,8111,2107.9,myelin-exec:__myl_Fc_myl0_1425
0.0,13240,2,6620.0,6620.0,3685,9555,4150.7,myelin-exec:__myl_Fc_myl0_1478
0.0,13240,2,6620.0,6620.0,6527,6713,131.5,myelin-exec:__myl_Fc_myl0_2638
0.0,13232,2,6616.0,6616.0,5500,7732,1578.3,myelin-exec:__myl_Fc_myl0_1978
0.0,13232,2,6616.0,6616.0,4399,8833,3135.3,myelin-exec:__myl_Fc_myl0_2111
0.0,13231,2,6615.5,6615.5,3000,10231,5113.1,myelin-exec:/layers.9/self_attn_8/MatMul_myl0_3077
0.0,13223,2,6611.5,6611.5,4213,9010,3392.0,myelin-exec:__myl_Fc_myl0_1095
0.0,13213,2,6606.5,6606.5,3657,9556,4171.2,myelin-exec:/layers.0/self_attn_6/MatMul_1_myl0_2311
0.0,13204,2,6602.0,6602.0,4991,8213,2278.3,myelin-exec:__myl_Fc_myl0_2346
0.0,13203,2,6601.5,6601.5,2759,10444,5434.1,myelin-exec:__myl_CastGathReshMulReshTranReshTranSlicReshSlicReshSlicReshConcCastMulMeanAddSqrtDivMulMulCast_myl0_303
0.0,13203,2,6601.5,6601.5,4259,8944,3312.8,myelin-exec:__myl_Fc_myl0_1938
0.0,13195,2,6597.5,6597.5,2713,10482,5493.5,myelin-exec:/layers.11/self_attn_9/MatMul_1_myl0_3425
0.0,13195,2,6597.5,6597.5,4611,8584,2809.3,myelin-exec:__myl_Fc_myl0_2833
0.0,13194,2,6597.0,6597.0,4037,9157,3620.4,myelin-exec:__myl_Fc_myl0_2209
0.0,13194,2,6597.0,6597.0,5852,7342,1053.6,myelin-exec:__myl_Fc_myl0_2757
0.0,13185,2,6592.5,6592.5,2870,10315,5264.4,myelin-exec:__myl_AddCastMulMeanAddSqrtDivMulMulCastReshDyna_myl0_488
0.0,13176,2,6588.0,6588.0,3130,10046,4890.4,myelin-exec:/layers.15/self_attn_10/MatMul_1_myl0_3802
0.0,13176,2,6588.0,6588.0,5537,7639,1486.3,myelin-exec:__myl_Fc_myl0_1391
0.0,13167,2,6583.5,6583.5,5481,7686,1559.2,myelin-exec:__myl_Fc_myl0_1489
0.0,13166,2,6583.0,6583.0,2203,10963,6194.3,myelin-exec:__myl_AddCastMulMeanAddSqrtDivMulMulAddCastMulCast_myl0_1769
0.0,13166,2,6583.0,6583.0,5064,8102,2148.2,myelin-exec:__myl_Fc_myl0_1163
0.0,13166,2,6583.0,6583.0,5676,7490,1282.7,myelin-exec:__myl_Fc_myl0_2501
0.0,13157,2,6578.5,6578.5,3500,9657,4353.7,myelin-exec:__myl_Fc_myl0_2062
0.0,13140,2,6570.0,6570.0,4945,8195,2298.1,myelin-exec:__myl_Fc_myl0_2586
0.0,13131,2,6565.5,6565.5,4047,9084,3561.7,myelin-exec:__myl_Fc_myl0_908
0.0,13121,2,6560.5,6560.5,4408,8713,3044.1,myelin-exec:__myl_Fc_myl0_1808
0.0,13120,2,6560.0,6560.0,3389,9731,4484.5,myelin-exec:__myl_Fc_myl0_2028
0.0,13120,2,6560.0,6560.0,3917,9203,3737.8,myelin-exec:__myl_Fc_myl0_2179
0.0,13112,2,6556.0,6556.0,4889,8223,2357.5,myelin-exec:__myl_Fc_myl0_3083
0.0,13111,2,6555.5,6555.5,4722,8389,2593.0,myelin-exec:__myl_Fc_myl0_1876
0.0,13111,2,6555.5,6555.5,5407,7704,1624.2,myelin-exec:__myl_Fc_myl0_2989
0.0,13093,2,6546.5,6546.5,5510,7583,1465.8,myelin-exec:__myl_Fc_myl0_1853
0.0,13093,2,6546.5,6546.5,4667,8426,2658.0,myelin-exec:__myl_Fc_myl0_2302
0.0,13093,2,6546.5,6546.5,4371,8722,3076.6,myelin-exec:__myl_Fc_myl0_3434
0.0,13083,2,6541.5,6541.5,3315,9768,4563.0,myelin-exec:__myl_Fc_myl0_2420
0.0,13074,2,6537.0,6537.0,4509,8565,2868.0,myelin-exec:__myl_Fc_myl0_1944
0.0,13074,2,6537.0,6537.0,4870,8204,2357.5,myelin-exec:__myl_Fc_myl0_2416
0.0,13074,2,6537.0,6537.0,5740,7334,1127.1,myelin-exec:__myl_Fc_myl0_3061
0.0,13065,2,6532.5,6532.5,2898,10167,5140.0,myelin-exec:/layers.13/self_attn_10/MatMul_1_myl0_3768
0.0,13064,2,6532.0,6532.0,4324,8740,3122.6,myelin-exec:__myl_Fc_myl0_1915
0.0,13056,2,6528.0,6528.0,5176,7880,1912.0,myelin-exec:__myl_AddMulCastReshTran_myl0_3821
0.0,13056,2,6528.0,6528.0,5537,7519,1401.5,myelin-exec:__myl_Fc_myl0_1465
0.0,13047,2,6523.5,6523.5,2778,10269,5296.9,myelin-exec:/layers.11/self_attn_5/MatMul_1_myl0_2189
0.0,13047,2,6523.5,6523.5,3380,9667,4445.6,myelin-exec:__myl_Fc_myl0_3468
0.0,13047,2,6523.5,6523.5,2398,10649,5834.3,myelin-exec:__myl_MoveReplConcReshReshMove_myl0_305
0.0,13036,2,6518.0,6518.0,2240,10796,6050.0,myelin-exec:__myl_DivMulCastCastMulCastReshReshSlicSlic_myl0_1467
0.0,13019,2,6509.5,6509.5,5936,7083,811.1,myelin-exec:__myl_Fc_myl0_2759
0.0,13019,2,6509.5,6509.5,3398,9621,4400.3,myelin-exec:__myl_Fc_myl0_3142
0.0,13009,2,6504.5,6504.5,2787,10222,5257.3,myelin-exec:__myl_AddCastMulMeanAddSqrtDivMulMulCastReshDyna_myl0_680
0.0,13009,2,6504.5,6504.5,4611,8398,2677.8,myelin-exec:__myl_AddMulCastReshTran_myl0_2843
0.0,13009,2,6504.5,6504.5,5796,7213,1002.0,myelin-exec:__myl_Fc_myl0_2318
0.0,13009,2,6504.5,6504.5,5620,7389,1250.9,myelin-exec:__myl_Fc_myl0_2392
0.0,13009,2,6504.5,6504.5,4676,8333,2585.9,myelin-exec:__myl_Fc_myl0_2708
0.0,13009,2,6504.5,6504.5,3972,9037,3581.5,myelin-exec:__myl_Fc_myl0_3758
0.0,13001,2,6500.5,6500.5,4130,8871,3352.4,myelin-exec:__myl_Fc_myl0_772
0.0,13000,2,6500.0,6500.0,5352,7648,1623.5,myelin-exec:__myl_Fc_myl0_2281
0.0,12999,2,6499.5,6499.5,4555,8444,2749.9,myelin-exec:__myl_Fc_myl0_2060
0.0,12991,2,6495.5,6495.5,4676,8315,2573.2,myelin-exec:__myl_Fc_myl0_1527
0.0,12982,2,6491.0,6491.0,4417,8565,2933.1,myelin-exec:__myl_Fc_myl0_2314
0.0,12982,2,6491.0,6491.0,5102,7880,1964.3,myelin-exec:__myl_Fc_myl0_2477
0.0,12981,2,6490.5,6490.5,5453,7528,1467.2,myelin-exec:__myl_Fc_myl0_2793
0.0,12980,2,6490.0,6490.0,2666,10314,5408.0,myelin-exec:/layers.7/self_attn_5/MatMul_myl0_2116
0.0,12972,2,6486.0,6486.0,5361,7611,1591.0,myelin-exec:__myl_Fc_myl0_3735
0.0,12972,2,6486.0,6486.0,3379,9593,4394.0,myelin-exec:__myl_Fc_myl0_970
0.0,12971,2,6485.5,6485.5,5027,7944,2062.6,myelin-exec:__myl_Fc_myl0_1058
0.0,12954,2,6477.0,6477.0,2287,10667,5925.6,myelin-exec:/layers.12/self_attn_8/MatMul_myl0_3128
0.0,12954,2,6477.0,6477.0,2741,10213,5283.5,myelin-exec:__myl_AddCastMulMeanAddSqrtDivMulMulCastReshDyna_myl0_730
0.0,12954,2,6477.0,6477.0,4167,8787,3266.8,myelin-exec:__myl_Fc_myl0_1008
0.0,12945,2,6472.5,6472.5,2954,9991,4975.9,myelin-exec:/layers.8/self_attn_5/MatMul_1_myl0_2138
0.0,12945,2,6472.5,6472.5,5565,7380,1283.4,myelin-exec:__myl_Fc_myl0_2198
0.0,12945,2,6472.5,6472.5,4676,8269,2540.6,myelin-exec:__myl_Fc_myl0_2539
0.0,12945,2,6472.5,6472.5,3037,9908,4858.5,myelin-exec:__myl_SlicSlicReplSlicSlicReplSlicSlicReplConcCastSumAddReshAddReshCast_myl0_313
0.0,12944,2,6472.0,6472.0,4204,8740,3207.4,myelin-exec:__myl_Fc_myl0_1288
0.0,12936,2,6468.0,6468.0,2834,10102,5139.3,myelin-exec:/layers.14/self_attn_9/MatMul_1_myl0_3476
0.0,12936,2,6468.0,6468.0,4584,8352,2664.4,myelin-exec:__myl_Fc_myl0_1601
0.0,12934,2,6467.0,6467.0,2703,10231,5323.1,myelin-exec:/layers.9/self_attn_8/MatMul_1_myl0_3082
0.0,12926,2,6463.0,6463.0,3500,9426,4190.3,myelin-exec:__myl_Fc_myl0_1271
0.0,12926,2,6463.0,6463.0,3556,9370,4111.1,myelin-exec:__myl_Fc_myl0_2005
0.0,12918,2,6459.0,6459.0,5621,7297,1185.1,myelin-exec:__myl_Fc_myl0_1150
0.0,12917,2,6458.5,6458.5,2593,10324,5466.6,myelin-exec:/layers.0/self_attn_7/MatMul_myl0_2615
0.0,12917,2,6458.5,6458.5,5565,7352,1263.6,myelin-exec:__myl_Fc_myl0_2260
0.0,12916,2,6458.0,6458.0,4861,8055,2258.5,myelin-exec:__myl_Fc_myl0_1487
0.0,12916,2,6458.0,6458.0,3518,9398,4157.8,myelin-exec:__myl_Fc_myl0_2124
0.0,12908,2,6454.0,6454.0,2315,10593,5853.4,myelin-exec:__myl_AddCastMulMeanAddSqrtDivMulMulCastReshDyna_myl0_580
0.0,12907,2,6453.5,6453.5,4546,8361,2697.6,myelin-exec:__myl_Fc_myl0_885
0.0,12898,2,6449.0,6449.0,4722,8176,2442.3,myelin-exec:__myl_Fc_myl0_1229
0.0,12898,2,6449.0,6449.0,5250,7648,1695.6,myelin-exec:__myl_Fc_myl0_1309
0.0,12898,2,6449.0,6449.0,4787,8111,2350.4,myelin-exec:__myl_Fc_myl0_2505
0.0,12889,2,6444.5,6444.5,5259,7630,1676.6,myelin-exec:__myl_Fc_myl0_1062
0.0,12889,2,6444.5,6444.5,4176,8713,3208.1,myelin-exec:__myl_Fc_myl0_2558
0.0,12880,2,6440.0,6440.0,4204,8676,3162.2,myelin-exec:__myl_Fc_myl0_3185
0.0,12880,2,6440.0,6440.0,5093,7787,1904.9,myelin-exec:__myl_Fc_myl0_3336
0.0,12880,2,6440.0,6440.0,5713,7167,1028.1,myelin-exec:__myl_Fc_myl0_3573
0.0,12871,2,6435.5,6435.5,4871,8000,2212.5,myelin-exec:__myl_Fc_myl0_1414
0.0,12870,2,6435.0,6435.0,2648,10222,5355.6,myelin-exec:/layers.17/self_attn_9/MatMul_myl0_3522
0.0,12870,2,6435.0,6435.0,3787,9083,3744.8,myelin-exec:__myl_Fc_myl0_1004
0.0,12861,2,6430.5,6430.5,3435,9426,4236.3,myelin-exec:__myl_Fc_myl0_1385
0.0,12861,2,6430.5,6430.5,3704,9157,3855.9,myelin-exec:__myl_Fc_myl0_2253
0.0,12861,2,6430.5,6430.5,3416,9445,4263.1,myelin-exec:__myl_SlicReshSlicNegSlicConcMulMulAddTran_myl0_877
0.0,12860,2,6430.0,6430.0,4777,8083,2337.7,myelin-exec:__myl_Fc_myl0_3285
0.0,12852,2,6426.0,6426.0,3083,9769,4727.7,myelin-exec:__myl_Fc_myl0_1299
0.0,12852,2,6426.0,6426.0,4639,8213,2527.2,myelin-exec:__myl_Fc_myl0_1781
0.0,12852,2,6426.0,6426.0,4315,8537,2985.4,myelin-exec:__myl_Fc_myl0_3100
0.0,12851,2,6425.5,6425.5,5009,7842,2003.2,myelin-exec:__myl_Fc_myl0_1286
0.0,12851,2,6425.5,6425.5,5435,7416,1400.8,myelin-exec:__myl_Fc_myl0_2859
0.0,12842,2,6421.0,6421.0,5250,7592,1656.0,myelin-exec:__myl_Fc_myl0_3180
0.0,12842,2,6421.0,6421.0,3500,9342,4130.9,myelin-exec:__myl_ReshTranReshAddCastMeanSubMulMeanAddSqrtDivMulCastMulAddMulCast_myl0_12
0.0,12833,2,6416.5,6416.5,2240,10593,5906.5,myelin-exec:/layers.2/self_attn_8/MatMul_myl0_2958
0.0,12833,2,6416.5,6416.5,5389,7444,1453.1,myelin-exec:__myl_Fc_myl0_1173
0.0,12825,2,6412.5,6412.5,2241,10584,5899.4,myelin-exec:/layers.15/self_attn_8/MatMul_myl0_3179
0.0,12824,2,6412.0,6412.0,2250,10574,5886.0,myelin-exec:/layers.10/self_attn_4/MatMul_myl0_1858
0.0,12815,2,6407.5,6407.5,4778,8037,2304.5,myelin-exec:__myl_Fc_myl0_1504
0.0,12815,2,6407.5,6407.5,4139,8676,3208.1,myelin-exec:__myl_Fc_myl0_3387
0.0,12815,2,6407.5,6407.5,4750,8065,2344.1,myelin-exec:__myl_Fc_myl0_3730
0.0,12806,2,6403.0,6403.0,5343,7463,1499.1,myelin-exec:__myl_Fc_myl0_1348
0.0,12796,2,6398.0,6398.0,4305,8491,2959.9,myelin-exec:__myl_Fc_myl0_851
0.0,12787,2,6393.5,6393.5,5463,7324,1315.9,myelin-exec:__myl_Fc_myl0_3599
0.0,12786,2,6393.0,6393.0,4518,8268,2651.7,myelin-exec:__myl_Fc_myl0_3741
0.0,12778,2,6389.0,6389.0,2973,9805,4831.0,myelin-exec:/layers.7/self_attn_6/MatMul_1_myl0_2430
0.0,12778,2,6389.0,6389.0,4936,7842,2054.9,myelin-exec:__myl_Fc_myl0_1224
0.0,12778,2,6389.0,6389.0,5306,7472,1531.6,myelin-exec:__myl_Fc_myl0_2380
0.0,12778,2,6389.0,6389.0,4194,8584,3104.2,myelin-exec:__myl_Fc_myl0_855
0.0,12777,2,6388.5,6388.5,2185,10592,5944.6,myelin-exec:__myl_AddCastMulMeanAddSqrtDivMulMulCastReshDyna_myl0_505
0.0,12777,2,6388.5,6388.5,4037,8740,3325.5,myelin-exec:__myl_Fc_myl0_919
0.0,12769,2,6384.5,6384.5,2491,10278,5506.2,myelin-exec:/layers.2/self_attn_6/MatMul_1_myl0_2345
0.0,12768,2,6384.0,6384.0,4657,8111,2442.3,myelin-exec:__myl_AddMulCastReshTran_myl0_2157
0.0,12768,2,6384.0,6384.0,5444,7324,1329.4,myelin-exec:__myl_Fc_myl0_2043
0.0,12768,2,6384.0,6384.0,4935,7833,2049.2,myelin-exec:__myl_Fc_myl0_3667
0.0,12768,2,6384.0,6384.0,5555,7213,1172.4,myelin-exec:__myl_Fc_myl0_3696
0.0,12760,2,6380.0,6380.0,5371,7389,1426.9,myelin-exec:__myl_Fc_myl0_2443
0.0,12759,2,6379.5,6379.5,5092,7667,1820.8,myelin-exec:__myl_Fc_myl0_2320
0.0,12759,2,6379.5,6379.5,3639,9120,3875.7,myelin-exec:__myl_Fc_myl0_3068
0.0,12759,2,6379.5,6379.5,4472,8287,2697.6,myelin-exec:__myl_Fc_myl0_3506
0.0,12751,2,6375.5,6375.5,5482,7269,1263.6,myelin-exec:__myl_Fc_myl0_2071
0.0,12750,2,6375.0,6375.0,2287,10463,5781.3,myelin-exec:/layers.14/self_attn_8/MatMul_myl0_3162
0.0,12750,2,6375.0,6375.0,4685,8065,2390.0,myelin-exec:__myl_Fc_myl0_1495
0.0,12750,2,6375.0,6375.0,5463,7287,1289.8,myelin-exec:__myl_Fc_myl0_3571
0.0,12741,2,6370.5,6370.5,3500,9241,4059.5,myelin-exec:__myl_Fc_myl0_1144
0.0,12741,2,6370.5,6370.5,5398,7343,1375.3,myelin-exec:__myl_Fc_myl0_3713
0.0,12740,2,6370.0,6370.0,5944,6796,602.5,myelin-exec:__myl_Fc_myl0_3392
0.0,12733,2,6366.5,6366.5,4862,7871,2127.7,myelin-exec:__myl_Fc_myl0_2644
0.0,12731,2,6365.5,6365.5,2870,9861,4943.4,myelin-exec:__myl_AddCastMulMeanAddSqrtDivMulMulCastReshDyna_myl0_455
0.0,12731,2,6365.5,6365.5,2046,10685,6108.7,myelin-exec:__myl_SlicSlicMulMulMulAddMulTanhAddMulMulMulMulCast_myl0_1594
0.0,12723,2,6361.5,6361.5,3732,8991,3718.7,myelin-exec:__myl_Fc_myl0_3764
0.0,12722,2,6361.0,6361.0,3574,9148,3941.4,myelin-exec:__myl_Fc_myl0_3313
0.0,12713,2,6356.5,6356.5,5315,7398,1472.9,myelin-exec:__myl_Fc_myl0_2431
0.0,12713,2,6356.5,6356.5,4611,8102,2468.5,myelin-exec:__myl_Fc_myl0_3669
0.0,12703,2,6351.5,6351.5,4259,8444,2959.2,myelin-exec:__myl_Fc_myl0_1529
0.0,12703,2,6351.5,6351.5,4018,8685,3300.1,myelin-exec:__myl_Fc_myl0_2613
0.0,12695,2,6347.5,6347.5,5630,7065,1014.7,myelin-exec:__myl_Fc_myl0_2691
0.0,12694,2,6347.0,6347.0,3787,8907,3620.4,myelin-exec:__myl_Fc_myl0_1444
0.0,12694,2,6347.0,6347.0,4935,7759,1996.9,myelin-exec:__myl_Fc_myl0_3256
0.0,12685,2,6342.5,6342.5,2759,9926,5067.8,myelin-exec:/layers.3/self_attn_8/MatMul_1_myl0_2980
0.0,12685,2,6342.5,6342.5,5398,7287,1335.7,myelin-exec:__myl_Fc_myl0_2088
0.0,12685,2,6342.5,6342.5,4546,8139,2540.6,myelin-exec:__myl_Fc_myl0_3641
0.0,12675,2,6337.5,6337.5,1222,11453,7234.4,myelin-exec:__myl_AddMulCastReshTran_myl0_1573
0.0,12667,2,6333.5,6333.5,5574,7093,1074.1,myelin-exec:__myl_Fc_myl0_2465
0.0,12657,2,6328.5,6328.5,2694,9963,5140.0,myelin-exec:/layers.2/self_attn_5/MatMul_1_myl0_2036
0.0,12657,2,6328.5,6328.5,4907,7750,2010.3,myelin-exec:__myl_Fc_myl0_1796
0.0,12657,2,6328.5,6328.5,5490,7167,1185.8,myelin-exec:__myl_Fc_myl0_2117
0.0,12657,2,6328.5,6328.5,3796,8861,3581.5,myelin-exec:__myl_Fc_myl0_2684
0.0,12657,2,6328.5,6328.5,2259,10398,5755.1,myelin-exec:__myl_MulReshDyna_myl0_610
0.0,12649,2,6324.5,6324.5,3315,9334,4256.1,myelin-exec:__myl_Fc_myl0_3040
0.0,12649,2,6324.5,6324.5,5149,7500,1662.4,myelin-exec:__myl_Fc_myl0_3543
0.0,12648,2,6324.0,6324.0,4444,8204,2658.7,myelin-exec:__myl_Fc_myl0_1190
0.0,12639,2,6319.5,6319.5,5083,7556,1748.7,myelin-exec:__myl_Fc_myl0_2981
0.0,12630,2,6315.0,6315.0,4324,8306,2815.7,myelin-exec:__myl_Fc_myl0_1356
0.0,12622,2,6311.0,6311.0,3973,8649,3306.4,myelin-exec:__myl_Fc_myl0_1373
0.0,12621,2,6310.5,6310.5,4482,8139,2585.9,myelin-exec:__myl_Fc_myl0_2300
0.0,12621,2,6310.5,6310.5,4334,8287,2795.2,myelin-exec:__myl_Fc_myl0_902
0.0,12612,2,6306.0,6306.0,4593,8019,2422.5,myelin-exec:__myl_Fc_myl0_1082
0.0,12611,2,6305.5,6305.5,5101,7510,1703.4,myelin-exec:__myl_Fc_myl0_3633
0.0,12611,2,6305.5,6305.5,5343,7268,1361.2,myelin-exec:__myl_Fc_myl0_3777
0.0,12603,2,6301.5,6301.5,5445,7158,1211.3,myelin-exec:__myl_Fc_myl0_3675
0.0,12602,2,6301.0,6301.0,4611,7991,2390.0,myelin-exec:__myl_Fc_myl0_3275
0.0,12601,2,6300.5,6300.5,4463,8138,2598.6,myelin-exec:__myl_Fc_myl0_2607
0.0,12593,2,6296.5,6296.5,3333,9260,4191.0,myelin-exec:__myl_AddCastMulMeanAddSqrtDivMulMulCastReshDyna_myl0_655
0.0,12593,2,6296.5,6296.5,3602,8991,3810.6,myelin-exec:__myl_Fc_myl0_2162
0.0,12593,2,6296.5,6296.5,4528,8065,2501.0,myelin-exec:__myl_Fc_myl0_2196
0.0,12584,2,6292.0,6292.0,5750,6834,766.5,myelin-exec:__myl_Fc_myl0_2312
0.0,12584,2,6292.0,6292.0,4269,8315,2861.0,myelin-exec:__myl_Fc_myl0_2854
0.0,12583,2,6291.5,6291.5,2574,10009,5257.3,myelin-exec:/layers.14/self_attn_7/MatMul_1_myl0_2858
0.0,12574,2,6287.0,6287.0,2629,9945,5173.2,myelin-exec:/layers.12/self_attn_9/MatMul_1_myl0_3442
0.0,12564,2,6282.0,6282.0,4657,7907,2298.1,myelin-exec:__myl_Fc_myl0_1105
0.0,12556,2,6278.0,6278.0,2241,10315,5709.2,myelin-exec:/layers.13/self_attn_9/MatMul_myl0_3454
0.0,12556,2,6278.0,6278.0,4213,8343,2920.4,myelin-exec:__myl_Fc_myl0_2236
0.0,12556,2,6278.0,6278.0,5454,7102,1165.3,myelin-exec:__myl_Fc_myl0_3605
0.0,12547,2,6273.5,6273.5,4482,8065,2533.6,myelin-exec:__myl_AddCastMulMeanAddSqrtDivMulMulAddCastMulCast_myl0_1005
0.0,12547,2,6273.5,6273.5,5630,6917,910.0,myelin-exec:__myl_Fc_myl0_2230
0.0,12546,2,6273.0,6273.0,5574,6972,988.5,myelin-exec:__myl_Fc_myl0_2725
0.0,12546,2,6273.0,6273.0,4491,8055,2520.1,myelin-exec:__myl_Fc_myl0_3775
0.0,12528,2,6264.0,6264.0,4186,8342,2938.7,myelin-exec:__myl_Fc_myl0_1269
0.0,12528,2,6264.0,6264.0,3241,9287,4275.2,myelin-exec:__myl_Fc_myl0_1995
0.0,12528,2,6264.0,6264.0,4528,8000,2455.1,myelin-exec:__myl_Fc_myl0_3174
0.0,12527,2,6263.5,6263.5,3703,8824,3621.1,myelin-exec:__myl_Fc_myl0_3136
0.0,12527,2,6263.5,6263.5,3129,9398,4432.9,myelin-exec:__myl_Fc_myl0_3315
0.0,12519,2,6259.5,6259.5,3945,8574,3273.2,myelin-exec:__myl_Fc_myl0_1316
0.0,12517,2,6258.5,6258.5,2527,9990,5277.1,myelin-exec:__myl_SlicNegSlicConcMulMulAddCastMulCastTran_myl0_341
0.0,12509,2,6254.5,6254.5,4574,7935,2376.6,myelin-exec:__myl_Fc_myl0_1337
0.0,12509,2,6254.5,6254.5,5287,7222,1368.3,myelin-exec:__myl_Fc_myl0_2959
0.0,12509,2,6254.5,6254.5,4398,8111,2625.5,myelin-exec:__myl_Fc_myl0_3381
0.0,12501,2,6250.5,6250.5,1112,11389,7266.9,myelin-exec:__myl_DivMulCastCastMulCastReshReshSlicSlic_myl0_1311
0.0,12482,2,6241.0,6241.0,3269,9213,4203.0,myelin-exec:__myl_Fc_myl0_3462
0.0,12482,2,6241.0,6241.0,3352,9130,4085.7,myelin-exec:__myl_Fc_myl0_936
0.0,12472,2,6236.0,6236.0,4713,7759,2153.8,myelin-exec:__myl_Fc_myl0_1917
0.0,12472,2,6236.0,6236.0,3472,9000,3908.9,myelin-exec:__myl_Fc_myl0_3724
0.0,12463,2,6231.5,6231.5,2639,9824,5080.6,myelin-exec:/layers.16/self_attn_10/MatMul_myl0_3814
0.0,12462,2,6231.0,6231.0,5666,6796,799.0,myelin-exec:__myl_Fc_myl0_1932
0.0,12453,2,6226.5,6226.5,1398,11055,6828.5,myelin-exec:__myl_CastMulCastResh_myl0_699
0.0,12453,2,6226.5,6226.5,3926,8527,3253.4,myelin-exec:__myl_Fc_myl0_2695
0.0,12445,2,6222.5,6222.5,4602,7843,2291.7,myelin-exec:__myl_Fc_myl0_2791
0.0,12445,2,6222.5,6222.5,6010,6435,300.5,myelin-exec:__myl_Fc_myl0_2993
0.0,12445,2,6222.5,6222.5,5769,6676,641.3,myelin-exec:__myl_SlicNegSlicConcMulMulAddCastMulCastTran_myl0_641
0.0,12444,2,6222.0,6222.0,4324,8120,2684.2,myelin-exec:__myl_Fc_myl0_2930
0.0,12436,2,6218.0,6218.0,4834,7602,1957.3,myelin-exec:__myl_Fc_myl0_2916
0.0,12435,2,6217.5,6217.5,4648,7787,2219.6,myelin-exec:__myl_Fc_myl0_1974
0.0,12435,2,6217.5,6217.5,4787,7648,2023.0,myelin-exec:__myl_Fc_myl0_2202
0.0,12435,2,6217.5,6217.5,5194,7241,1447.4,myelin-exec:__myl_Fc_myl0_3027
0.0,12434,2,6217.0,6217.0,5101,7333,1578.3,myelin-exec:__myl_Fc_myl0_3146
0.0,12426,2,6213.0,6213.0,2315,10111,5512.6,myelin-exec:/layers.6/self_attn_8/MatMul_myl0_3026
0.0,12426,2,6213.0,6213.0,5509,6917,995.6,myelin-exec:__myl_Fc_myl0_2151
0.0,12425,2,6212.5,6212.5,1138,11287,7176.4,myelin-exec:__myl_DivMulCastCastMulCastReshReshSlicSlic_myl0_1569
0.0,12425,2,6212.5,6212.5,4268,8157,2749.9,myelin-exec:__myl_Fc_myl0_3264
0.0,12417,2,6208.5,6208.5,5454,6963,1067.0,myelin-exec:__myl_Fc_myl0_3095
0.0,12416,2,6208.0,6208.0,4166,8250,2887.8,myelin-exec:__myl_Fc_myl0_3485
0.0,12407,2,6203.5,6203.5,4129,8278,2933.8,myelin-exec:__myl_Fc_myl0_3528
0.0,12398,2,6199.0,6199.0,4685,7713,2141.1,myelin-exec:__myl_Fc_myl0_1887
0.0,12398,2,6199.0,6199.0,4815,7583,1957.3,myelin-exec:__myl_MoveReplConcReshReshMove_myl0_392
0.0,12398,2,6199.0,6199.0,3453,8945,3883.4,myelin-exec:__myl_MulAddMulCast_myl0_1374
0.0,12389,2,6194.5,6194.5,4889,7500,1846.3,myelin-exec:__myl_Fc_myl0_2776
0.0,12389,2,6194.5,6194.5,4454,7935,2461.4,myelin-exec:__myl_Fc_myl0_3360
0.0,12380,2,6190.0,6190.0,4556,7824,2310.8,myelin-exec:__myl_Fc_myl0_2569
0.0,12379,2,6189.5,6189.5,5111,7268,1525.2,myelin-exec:__myl_Fc_myl0_1201
0.0,12379,2,6189.5,6189.5,5509,6870,962.4,myelin-exec:__myl_Fc_myl0_923
0.0,12371,2,6185.5,6185.5,2408,9963,5342.2,myelin-exec:/layers.3/self_attn_9/MatMul_1_myl0_3289
0.0,12371,2,6185.5,6185.5,4389,7982,2540.6,myelin-exec:__myl_Fc_myl0_1768
0.0,12371,2,6185.5,6185.5,3769,8602,3417.4,myelin-exec:__myl_Fc_myl0_3353
0.0,12370,2,6185.0,6185.0,4000,8370,3090.1,myelin-exec:__myl_Fc_myl0_1071
0.0,12370,2,6185.0,6185.0,4435,7935,2474.9,myelin-exec:__myl_Fc_myl0_1595
0.0,12361,2,6180.5,6180.5,5537,6824,910.0,myelin-exec:__myl_Fc_myl0_3023
0.0,12352,2,6176.0,6176.0,2870,9482,4675.4,myelin-exec:/layers.1/self_attn_5/MatMul_1_myl0_2019
0.0,12352,2,6176.0,6176.0,5278,7074,1270.0,myelin-exec:__myl_Fc_myl0_3129
0.0,12352,2,6176.0,6176.0,3926,8426,3182.0,myelin-exec:__myl_Fc_myl0_3332
0.0,12343,2,6171.5,6171.5,3574,8769,3673.4,myelin-exec:__myl_Fc_myl0_1339
0.0,12343,2,6171.5,6171.5,4769,7574,1983.4,myelin-exec:__myl_Fc_myl0_1972
0.0,12343,2,6171.5,6171.5,5306,7037,1224.0,myelin-exec:__myl_Fc_myl0_2294
0.0,12342,2,6171.0,6171.0,4046,8296,3005.2,myelin-exec:__myl_Fc_myl0_1442
0.0,12333,2,6166.5,6166.5,2759,9574,4818.9,myelin-exec:/layers.10/self_attn_5/MatMul_myl0_2167
0.0,12333,2,6166.5,6166.5,1120,11213,7136.8,myelin-exec:__myl_Slic_myl0_3682
0.0,12325,2,6162.5,6162.5,3084,9241,4353.7,myelin-exec:__myl_Fc_myl0_1305
0.0,12324,2,6162.0,6162.0,4713,7611,2049.2,myelin-exec:__myl_Fc_myl0_1218
0.0,12315,2,6157.5,6157.5,5537,6778,877.5,myelin-exec:__myl_Fc_myl0_2264
0.0,12306,2,6153.0,6153.0,4500,7806,2337.7,myelin-exec:__myl_Fc_myl0_2156
0.0,12305,2,6152.5,6152.5,3694,8611,3476.8,myelin-exec:__myl_Fc_myl0_1393
0.0,12305,2,6152.5,6152.5,3546,8759,3686.1,myelin-exec:__myl_Fc_myl0_2918
0.0,12305,2,6152.5,6152.5,4398,7907,2481.2,myelin-exec:__myl_Fc_myl0_3112
0.0,12305,2,6152.5,6152.5,5833,6472,451.8,myelin-exec:__myl_Fc_myl0_3845
0.0,12296,2,6148.0,6148.0,5555,6741,838.6,myelin-exec:__myl_Fc_myl0_2533
0.0,12287,2,6143.5,6143.5,5037,7250,1564.8,myelin-exec:__myl_Fc_myl0_3703
0.0,12278,2,6139.0,6139.0,4315,7963,2579.5,myelin-exec:__myl_DivMulCastCastMulCastReshReshSlicSlic_myl0_2669
0.0,12269,2,6134.5,6134.5,5185,7084,1342.8,myelin-exec:__myl_Fc_myl0_1320
0.0,12268,2,6134.0,6134.0,4509,7759,2298.1,myelin-exec:__myl_Fc_myl0_1099
0.0,12259,2,6129.5,6129.5,4426,7833,2409.1,myelin-exec:__myl_Fc_myl0_1836
0.0,12258,2,6129.0,6129.0,4203,8055,2723.8,myelin-exec:__myl_Fc_myl0_3066
0.0,12250,2,6125.0,6125.0,2528,9722,5086.9,myelin-exec:__myl_ConcSinCosSlicReshSlicNegSlicConcSlicReshTranSlicNegSlicConcCastReshMulMulCastReshMulAddEtc_myl0_757
0.0,12242,2,6121.0,6121.0,3797,8445,3286.6,myelin-exec:__myl_Fc_myl0_2740
0.0,12241,2,6120.5,6120.5,4037,8204,2946.5,myelin-exec:__myl_Fc_myl0_2825
0.0,12233,2,6116.5,6116.5,4686,7547,2023.0,myelin-exec:__myl_Fc_myl0_1167
0.0,12204,2,6102.0,6102.0,4676,7528,2016.7,myelin-exec:__myl_Fc_myl0_3601
0.0,12186,2,6093.0,6093.0,4889,7297,1702.7,myelin-exec:__myl_Fc_myl0_2657
0.0,12185,2,6092.5,6092.5,3491,8694,3679.1,myelin-exec:__myl_Fc_myl0_1696
0.0,12185,2,6092.5,6092.5,3537,8648,3614.0,myelin-exec:__myl_Fc_myl0_1921
0.0,12185,2,6092.5,6092.5,5398,6787,982.2,myelin-exec:__myl_Fc_myl0_3163
0.0,12184,2,6092.0,6092.0,4444,7740,2330.6,myelin-exec:__myl_Fc_myl0_1371
0.0,12177,2,6088.5,6088.5,3260,8917,4000.1,myelin-exec:__myl_Fc_myl0_2011
0.0,12176,2,6088.0,6088.0,2241,9935,5440.5,myelin-exec:/layers.8/self_attn_8/MatMul_myl0_3060
0.0,12176,2,6088.0,6088.0,4852,7324,1748.0,myelin-exec:__myl_Fc_myl0_1523
0.0,12176,2,6088.0,6088.0,4537,7639,2193.4,myelin-exec:__myl_Fc_myl0_3347
0.0,12166,2,6083.0,6083.0,5314,6852,1087.5,myelin-exec:__myl_Fc_myl0_957
0.0,12158,2,6079.0,6079.0,5463,6695,871.2,myelin-exec:__myl_Fc_myl0_2584
0.0,12158,2,6079.0,6079.0,3482,8676,3672.7,myelin-exec:__myl_Fc_myl0_2609
0.0,12157,2,6078.5,6078.5,4537,7620,2180.0,myelin-exec:__myl_Fc_myl0_3004
0.0,12157,2,6078.5,6078.5,5389,6768,975.1,myelin-exec:__myl_Fc_myl0_3044
0.0,12149,2,6074.5,6074.5,2269,9880,5381.8,myelin-exec:/layers.4/self_attn_8/MatMul_myl0_2992
0.0,12139,2,6069.5,6069.5,2463,9676,5100.4,myelin-exec:/layers.15/self_attn_9/MatMul_myl0_3488
0.0,12139,2,6069.5,6069.5,3926,8213,3031.4,myelin-exec:__myl_Fc_myl0_2774
0.0,12138,2,6069.0,6069.0,4824,7314,1760.7,myelin-exec:__myl_Fc_myl0_2122
0.0,12130,2,6065.0,6065.0,4574,7556,2108.6,myelin-exec:__myl_Fc_myl0_2399
0.0,12129,2,6064.5,6064.5,4277,7852,2527.9,myelin-exec:__myl_Fc_myl0_2173
0.0,12129,2,6064.5,6064.5,5259,6870,1139.1,myelin-exec:__myl_Fc_myl0_3426
0.0,12111,2,6055.5,6055.5,4898,7213,1637.0,myelin-exec:__myl_Fc_myl0_1652
0.0,12111,2,6055.5,6055.5,3917,8194,3024.3,myelin-exec:__myl_Fc_myl0_3343
0.0,12110,2,6055.0,6055.0,5314,6796,1047.9,myelin-exec:__myl_Fc_myl0_3455
0.0,12103,2,6051.5,6051.5,5445,6658,857.7,myelin-exec:__myl_Fc_myl0_3472
0.0,12103,2,6051.5,6051.5,4556,7547,2115.0,myelin-exec:__myl_Fc_myl0_3720
0.0,12101,2,6050.5,6050.5,4435,7666,2284.7,myelin-exec:__myl_Fc_myl0_1798
0.0,12094,2,6047.0,6047.0,4945,7149,1558.5,myelin-exec:__myl_Fc_myl0_2742
0.0,12093,2,6046.5,6046.5,4602,7491,2042.8,myelin-exec:__myl_Fc_myl0_1906
0.0,12093,2,6046.5,6046.5,5324,6769,1021.8,myelin-exec:__myl_Fc_myl0_3258
0.0,12092,2,6046.0,6046.0,4111,7981,2736.5,myelin-exec:__myl_Fc_myl0_1350
0.0,12084,2,6042.0,6042.0,2519,9565,4982.3,myelin-exec:__myl_AddCastMulMeanAddSqrtDivMulMulCastReshDyna_myl0_588
0.0,12084,2,6042.0,6042.0,3676,8408,3346.0,myelin-exec:__myl_Fc_myl0_2842
0.0,12083,2,6041.5,6041.5,4176,7907,2638.2,myelin-exec:__myl_Fc_myl0_3628
0.0,12075,2,6037.5,6037.5,4584,7491,2055.6,myelin-exec:__myl_Fc_myl0_1282
0.0,12073,2,6036.5,6036.5,3703,8370,3300.1,myelin-exec:__myl_Fc_myl0_2454
0.0,12073,2,6036.5,6036.5,5166,6907,1231.1,myelin-exec:__myl_Fc_myl0_3798
0.0,12055,2,6027.5,6027.5,4435,7620,2252.1,myelin-exec:__myl_Fc_myl0_3788
0.0,12047,2,6023.5,6023.5,3556,8491,3489.6,myelin-exec:__myl_Fc_myl0_1470
0.0,12029,2,6014.5,6014.5,4695,7334,1866.1,myelin-exec:__myl_Fc_myl0_2032
0.0,12028,2,6014.0,6014.0,5009,7019,1421.3,myelin-exec:__myl_Fc_myl0_2037
0.0,12028,2,6014.0,6014.0,4574,7454,2036.5,myelin-exec:__myl_Fc_myl0_3394
0.0,12027,2,6013.5,6013.5,4601,7426,1997.6,myelin-exec:__myl_Fc_myl0_1404
0.0,12019,2,6009.5,6009.5,4982,7037,1453.1,myelin-exec:__myl_AddCastMulMeanAddSqrtDivMulMulAddCastMulCast_myl0_3623
0.0,12019,2,6009.5,6009.5,3796,8223,3130.4,myelin-exec:__myl_Fc_myl0_1333
0.0,12017,2,6008.5,6008.5,4564,7453,2042.8,myelin-exec:__myl_Fc_myl0_3225
0.0,12009,2,6004.5,6004.5,4833,7176,1656.8,myelin-exec:__myl_Fc_myl0_2712
0.0,12008,2,6004.0,6004.0,4425,7583,2233.0,myelin-exec:__myl_Fc_myl0_3760
0.0,12000,2,6000.0,6000.0,5408,6592,837.2,myelin-exec:__myl_Fc_myl0_3803
0.0,11991,2,5995.5,5995.5,5176,6815,1158.9,myelin-exec:__myl_Fc_myl0_1078
0.0,11991,2,5995.5,5995.5,5241,6750,1067.0,myelin-exec:__myl_Fc_myl0_1231
0.0,11991,2,5995.5,5995.5,3926,8065,2926.7,myelin-exec:__myl_Fc_myl0_3607
0.0,11991,2,5995.5,5995.5,3991,8000,2834.8,myelin-exec:__myl_Fc_myl0_3662
0.0,11991,2,5995.5,5995.5,5287,6704,1002.0,myelin-exec:__myl_Fc_myl0_3769
0.0,11990,2,5995.0,5995.0,3629,8361,3346.0,myelin-exec:__myl_Fc_myl0_1152
0.0,11983,2,5991.5,5991.5,4121,7862,2645.3,myelin-exec:__myl_Fc_myl0_1961
0.0,11981,2,5990.5,5990.5,4639,7342,1911.3,myelin-exec:__myl_Fc_myl0_3428
0.0,11973,2,5986.5,5986.5,4491,7482,2115.0,myelin-exec:__myl_Fc_myl0_2499
0.0,11973,2,5986.5,5986.5,4630,7343,1918.4,myelin-exec:__myl_Fc_myl0_2844
0.0,11972,2,5986.0,5986.0,1185,10787,6789.6,myelin-exec:__myl_AddCastMulMeanAddSqrtDivMulMulAddCastMulCast_myl0_3259
0.0,11972,2,5986.0,5986.0,4370,7602,2285.4,myelin-exec:__myl_Fc_myl0_2623
0.0,11972,2,5986.0,5986.0,4861,7111,1591.0,myelin-exec:__myl_Fc_myl0_2674
0.0,11972,2,5986.0,5986.0,4944,7028,1473.6,myelin-exec:__myl_Fc_myl0_3324
0.0,11963,2,5981.5,5981.5,3269,8694,3836.1,myelin-exec:__myl_Fc_myl0_1021
0.0,11963,2,5981.5,5981.5,4760,7203,1727.5,myelin-exec:__myl_Fc_myl0_3117
0.0,11962,2,5981.0,5981.0,5629,6333,497.8,myelin-exec:__myl_SlicReplReshSeleMulCastAddMulCastAddConcMaxrSubExpSum_myl0_3235
0.0,11953,2,5976.5,5976.5,4268,7685,2416.2,myelin-exec:__myl_Fc_myl0_2022
0.0,11953,2,5976.5,5976.5,4694,7259,1813.7,myelin-exec:__myl_Fc_myl0_2861
0.0,11953,2,5976.5,5976.5,4453,7500,2154.6,myelin-exec:__myl_Fc_myl0_3548
0.0,11953,2,5976.5,5976.5,2278,9675,5230.5,myelin-exec:__myl_Slic_myl0_762
0.0,11945,2,5972.5,5972.5,2195,9750,5342.2,myelin-exec:__myl_DivMulCastCastMulCastReshReshSlicSlic_myl0_1552
0.0,11943,2,5971.5,5971.5,4129,7814,2605.7,myelin-exec:__myl_Fc_myl0_2134
0.0,11943,2,5971.5,5971.5,5740,6203,327.4,myelin-exec:__myl_Fc_myl0_2947
0.0,11935,2,5967.5,5967.5,3148,8787,3987.4,myelin-exec:__myl_Fc_myl0_2884
0.0,11927,2,5963.5,5963.5,3917,8010,2894.2,myelin-exec:__myl_Fc_myl0_1557
0.0,11917,2,5958.5,5958.5,4000,7917,2769.7,myelin-exec:__myl_Fc_myl0_2910
0.0,11917,2,5958.5,5958.5,4120,7797,2600.0,myelin-exec:__myl_Fc_myl0_3168
0.0,11917,2,5958.5,5958.5,4315,7602,2324.3,myelin-exec:__myl_Fc_myl0_3239
0.0,11916,2,5958.0,5958.0,4814,7102,1617.9,myelin-exec:__myl_Fc_myl0_1540
0.0,11908,2,5954.0,5954.0,3546,8362,3405.4,myelin-exec:__myl_Fc_myl0_1506
0.0,11907,2,5953.5,5953.5,4537,7370,2003.2,myelin-exec:__myl_Fc_myl0_2348
0.0,11907,2,5953.5,5953.5,3722,8185,3155.8,myelin-exec:__myl_Fc_myl0_2746
0.0,11898,2,5949.0,5949.0,4250,7648,2402.7,myelin-exec:__myl_Fc_myl0_1438
0.0,11898,2,5949.0,5949.0,4537,7361,1996.9,myelin-exec:__myl_Fc_myl0_2168
0.0,11898,2,5949.0,5949.0,4231,7667,2429.6,myelin-exec:__myl_Fc_myl0_2522
0.0,11881,2,5940.5,5940.5,4297,7584,2324.3,myelin-exec:__myl_SlicSlicMulMulMulAddMulTanhAddMulMulMulMulCast_myl0_1645
0.0,11879,2,5939.5,5939.5,4139,7740,2546.3,myelin-exec:__myl_Fc_myl0_2661
0.0,11871,2,5935.5,5935.5,4686,7185,1767.1,myelin-exec:__myl_Fc_myl0_3438
0.0,11871,2,5935.5,5935.5,1945,9926,5643.4,myelin-exec:__myl_MulReshDyna_myl0_460
0.0,11870,2,5935.0,5935.0,2296,9574,5146.3,myelin-exec:__myl_AddCastMulMeanAddSqrtDivMulMulCastReshDyna_myl0_463
0.0,11861,2,5930.5,5930.5,3370,8491,3621.1,myelin-exec:__myl_Fc_myl0_2009
0.0,11861,2,5930.5,5930.5,4787,7074,1617.2,myelin-exec:__myl_Fc_myl0_2748
0.0,11861,2,5930.5,5930.5,2120,9741,5388.9,myelin-exec:__myl_MoveReplConcReshReshMove_myl0_336
0.0,11824,2,5912.0,5912.0,4296,7528,2285.4,myelin-exec:__myl_AddCastMulMeanAddSqrtDivMulMulAddCastMulCast_myl0_1901
0.0,11824,2,5912.0,5912.0,4750,7074,1643.3,myelin-exec:__myl_Fc_myl0_3538
0.0,11823,2,5911.5,5911.5,4120,7703,2533.6,myelin-exec:__myl_Fc_myl0_1365
0.0,11823,2,5911.5,5911.5,4129,7694,2520.8,myelin-exec:__myl_Fc_myl0_2922
0.0,11815,2,5907.5,5907.5,2250,9565,5172.5,myelin-exec:__myl_Dyna_myl0_727
0.0,11815,2,5907.5,5907.5,4361,7454,2187.1,myelin-exec:__myl_Fc_myl0_2765
0.0,11815,2,5907.5,5907.5,2935,8880,4203.7,myelin-exec:__myl_MulReshDyna_myl0_335
0.0,11814,2,5907.0,5907.0,4351,7463,2200.5,myelin-exec:__myl_Fc_myl0_1419
0.0,11814,2,5907.0,5907.0,4527,7287,1951.6,myelin-exec:__myl_Fc_myl0_1635
0.0,11806,2,5903.0,5903.0,2685,9121,4550.9,myelin-exec:__myl_AddCastMulMeanAddSqrtDivMulMulCastReshDyna_myl0_363
0.0,11796,2,5898.0,5898.0,4296,7500,2265.6,myelin-exec:__myl_SlicReshSlicNegSlicConcMulMulAddTran_myl0_2029
0.0,11778,2,5889.0,5889.0,2139,9639,5303.3,myelin-exec:__myl_Dyna_myl0_502
0.0,11769,2,5884.5,5884.5,4130,7639,2481.2,myelin-exec:__myl_Fc_myl0_3197
0.0,11769,2,5884.5,5884.5,3362,8407,3567.4,myelin-exec:__myl_Fc_myl0_3466
0.0,11768,2,5884.0,5884.0,4139,7629,2467.8,myelin-exec:__myl_Fc_myl0_3015
0.0,11759,2,5879.5,5879.5,4343,7416,2172.9,myelin-exec:__myl_Fc_myl0_3191
0.0,11749,2,5874.5,5874.5,3759,7990,2991.8,myelin-exec:__myl_Fc_myl0_3102
0.0,11741,2,5870.5,5870.5,5500,6241,524.0,myelin-exec:__myl_Fc_myl0_1252
0.0,11741,2,5870.5,5870.5,4065,7676,2553.4,myelin-exec:__myl_Fc_myl0_2371
0.0,11732,2,5866.0,5866.0,3509,8223,3333.3,myelin-exec:__myl_Fc_myl0_1101
0.0,11731,2,5865.5,5865.5,2963,8768,4104.8,myelin-exec:__myl_MulCastAddMulCastAddConcMaxrSubExpSum_myl0_1568
0.0,11723,2,5861.5,5861.5,4454,7269,1990.5,myelin-exec:__myl_Fc_myl0_2484
0.0,11704,2,5852.0,5852.0,4973,6731,1243.1,myelin-exec:__myl_Fc_myl0_1533
0.0,11703,2,5851.5,5851.5,1129,10574,6678.6,myelin-exec:__myl_AddCastMulMeanAddSqrtDivMulMulAddCastMulCast_myl0_1748
0.0,11676,2,5838.0,5838.0,4676,7000,1643.3,myelin-exec:__myl_Fc_myl0_2731
0.0,11675,2,5837.5,5837.5,3898,7777,2742.9,myelin-exec:__myl_Fc_myl0_1682
0.0,11667,2,5833.5,5833.5,4667,7000,1649.7,myelin-exec:__myl_Fc_myl0_2848
0.0,11648,2,5824.0,5824.0,1750,9898,5761.5,myelin-exec:__myl_Dyna_myl0_304
0.0,11648,2,5824.0,5824.0,4500,7148,1872.4,myelin-exec:__myl_Fc_myl0_1408
0.0,11639,2,5819.5,5819.5,4602,7037,1721.8,myelin-exec:__myl_Fc_myl0_2901
0.0,11631,2,5815.5,5815.5,4436,7195,1950.9,myelin-exec:__myl_Fc_myl0_2329
0.0,11622,2,5811.0,5811.0,3547,8075,3201.8,myelin-exec:__myl_Fc_myl0_3540
0.0,11620,2,5810.0,5810.0,4000,7620,2559.7,myelin-exec:__myl_Fc_myl0_3792
0.0,11611,2,5805.5,5805.5,1991,9620,5394.5,myelin-exec:__myl_AddCastMulMeanAddSqrtDivMulMulAddCastMulCast_myl0_1867
0.0,11610,2,5805.0,5805.0,1166,10444,6560.5,myelin-exec:__myl_AddCastMulMeanAddSqrtDivMulMulAddCastMulCast_myl0_1752
0.0,11603,2,5801.5,5801.5,4473,7130,1878.8,myelin-exec:__myl_Fc_myl0_2616
0.0,11603,2,5801.5,5801.5,4019,7584,2520.8,myelin-exec:__myl_Fc_myl0_3078
0.0,11601,2,5800.5,5800.5,4472,7129,1878.8,myelin-exec:__myl_Fc_myl0_3010
0.0,11593,2,5796.5,5796.5,4519,7074,1806.7,myelin-exec:__myl_Fc_myl0_2893
0.0,11592,2,5796.0,5796.0,2342,9250,4884.7,myelin-exec:__myl_AddCastMulMeanAddSqrtDivMulMulCastReshDyna_myl0_438
0.0,11584,2,5792.0,5792.0,2019,9565,5335.8,myelin-exec:__myl_SlicReshTranSlicNegSlicConcMulMulAddCastMulCast_myl0_773
0.0,11574,2,5787.0,5787.0,4148,7426,2317.9,myelin-exec:__myl_Fc_myl0_2079
0.0,11565,2,5782.5,5782.5,3778,7787,2834.8,myelin-exec:__myl_Fc_myl0_3567
0.0,11556,2,5778.0,5778.0,3528,8028,3182.0,myelin-exec:__myl_Fc_myl0_2912
0.0,11556,2,5778.0,5778.0,4204,7352,2226.0,myelin-exec:__myl_Slic_myl0_1261
0.0,11546,2,5773.0,5773.0,4611,6935,1643.3,myelin-exec:__myl_Fc_myl0_1815
0.0,11537,2,5768.5,5768.5,4204,7333,2212.5,myelin-exec:__myl_Fc_myl0_2249
0.0,11527,2,5763.5,5763.5,4250,7277,2140.4,myelin-exec:__myl_Fc_myl0_2397
0.0,11527,2,5763.5,5763.5,4064,7463,2403.5,myelin-exec:__myl_SlicReshSlicNegSlicConcMulMulAddTran_myl0_3693
0.0,11518,2,5759.0,5759.0,4231,7287,2160.9,myelin-exec:__myl_Fc_myl0_2039
0.0,11509,2,5754.5,5754.5,4342,7167,1997.6,myelin-exec:__myl_Fc_myl0_3279
0.0,11500,2,5750.0,5750.0,4787,6713,1361.9,myelin-exec:__myl_Fc_myl0_2054
0.0,11500,2,5750.0,5750.0,5185,6315,799.0,myelin-exec:__myl_Fc_myl0_2680
0.0,11500,2,5750.0,5750.0,4287,7213,2069.0,myelin-exec:__myl_Fc_myl0_2706
0.0,11491,2,5745.5,5745.5,4880,6611,1224.0,myelin-exec:__myl_Fc_myl0_3358
0.0,11491,2,5745.5,5745.5,4158,7333,2245.1,myelin-exec:__myl_Fc_myl0_3584
0.0,11472,2,5736.0,5736.0,3796,7676,2743.6,myelin-exec:__myl_Fc_myl0_3652
0.0,11463,2,5731.5,5731.5,4112,7351,2290.3,myelin-exec:__myl_Fc_myl0_1455
0.0,11463,2,5731.5,5731.5,3870,7593,2632.6,myelin-exec:__myl_Fc_myl0_3686
0.0,11454,2,5727.0,5727.0,4306,7148,2009.6,myelin-exec:__myl_Fc_myl0_2283
0.0,11453,2,5726.5,5726.5,4472,6981,1774.1,myelin-exec:__myl_Fc_myl0_2073
0.0,11445,2,5722.5,5722.5,4176,7269,2187.1,myelin-exec:__myl_Fc_myl0_3049
0.0,11444,2,5722.0,5722.0,4769,6675,1347.7,myelin-exec:__myl_Fc_myl0_2550
0.0,11435,2,5717.5,5717.5,3444,7991,3215.2,myelin-exec:__myl_Fc_myl0_2714
0.0,11408,2,5704.0,5704.0,3898,7510,2554.1,myelin-exec:__myl_MulCastAddMulCastAddConcMaxrSubExpSum_myl0_2067
0.0,11407,2,5703.5,5703.5,4139,7268,2212.5,myelin-exec:__myl_Fc_myl0_2277
0.0,11407,2,5703.5,5703.5,4213,7194,2107.9,myelin-exec:__myl_Fc_myl0_2482
0.0,11398,2,5699.0,5699.0,4639,6759,1499.1,myelin-exec:__myl_Fc_myl0_1819
0.0,11389,2,5694.5,5694.5,4139,7250,2199.8,myelin-exec:__myl_Fc_myl0_1322
0.0,11380,2,5690.0,5690.0,2639,8741,4314.8,myelin-exec:__myl_AddCastMulMeanAddSqrtDivMulMulCastReshDyna_myl0_555
0.0,11379,2,5689.5,5689.5,5157,6222,753.1,myelin-exec:__myl_Fc_myl0_1235
0.0,11379,2,5689.5,5689.5,4037,7342,2337.0,myelin-exec:__myl_Fc_myl0_3134
0.0,11371,2,5685.5,5685.5,4287,7084,1977.8,myelin-exec:__myl_Fc_myl0_1116
0.0,11371,2,5685.5,5685.5,4750,6621,1323.0,myelin-exec:__myl_Fc_myl0_3460
0.0,11371,2,5685.5,5685.5,4482,6889,1702.0,myelin-exec:__myl_Fc_myl0_3554
0.0,11370,2,5685.0,5685.0,4657,6713,1453.8,myelin-exec:__myl_Fc_myl0_2976
0.0,11343,2,5671.5,5671.5,3130,8213,3594.2,myelin-exec:__myl_Fc_myl0_1135
0.0,11343,2,5671.5,5671.5,3352,7991,3280.3,myelin-exec:__myl_Fc_myl0_2528
0.0,11343,2,5671.5,5671.5,4241,7102,2023.0,myelin-exec:__myl_SlicReshTranSlicNegSlicConcMulMulAddCastMulCast_myl0_2285
0.0,11342,2,5671.0,5671.0,3916,7426,2481.9,myelin-exec:__myl_Fc_myl0_3709
0.0,11333,2,5666.5,5666.5,2713,8620,4176.9,myelin-exec:__myl_AddCastMulMeanAddSqrtDivMulMulCastReshDyna_myl0_713
0.0,11332,2,5666.0,5666.0,3240,8092,3430.9,myelin-exec:__myl_Fc_myl0_3590
0.0,11324,2,5662.0,5662.0,4018,7306,2325.0,myelin-exec:__myl_AddCastMulMeanAddSqrtDivMulMulCastReshDyna_myl0_338
0.0,11324,2,5662.0,5662.0,4463,6861,1695.6,myelin-exec:__myl_Fc_myl0_2358
0.0,11316,2,5658.0,5658.0,2732,8584,4138.0,myelin-exec:__myl_Dyna_myl0_677
0.0,11315,2,5657.5,5657.5,3537,7778,2998.8,myelin-exec:__myl_Fc_myl0_1676
0.0,11315,2,5657.5,5657.5,4333,6982,1873.1,myelin-exec:__myl_Fc_myl0_2621
0.0,11315,2,5657.5,5657.5,4584,6731,1518.2,myelin-exec:__myl_Fc_myl0_2655
0.0,11314,2,5657.0,5657.0,4055,7259,2265.6,myelin-exec:__myl_Fc_myl0_3684
0.0,11306,2,5653.0,5653.0,4139,7167,2141.1,myelin-exec:__myl_Fc_myl0_2341
0.0,11297,2,5648.5,5648.5,3945,7352,2409.1,myelin-exec:__myl_Fc_myl0_3754
0.0,11296,2,5648.0,5648.0,4787,6509,1217.6,myelin-exec:__myl_Fc_myl0_2164
0.0,11287,2,5643.5,5643.5,3426,7861,3136.0,myelin-exec:__myl_Fc_myl0_2219
0.0,11287,2,5643.5,5643.5,4630,6657,1433.3,myelin-exec:__myl_Fc_myl0_2488
0.0,11279,2,5639.5,5639.5,4871,6408,1086.8,myelin-exec:__myl_Fc_myl0_3828
0.0,11277,2,5638.5,5638.5,3740,7537,2684.9,myelin-exec:__myl_Fc_myl0_1186
0.0,11277,2,5638.5,5638.5,4092,7185,2187.1,myelin-exec:__myl_Fc_myl0_3241
0.0,11277,2,5638.5,5638.5,2851,8426,3942.1,myelin-exec:__myl_MoveMoveMulConcSinCosCastMoveReshCastMoveReshMulSlicNegSlicConcMulAddCastMulCastTranTranMulEtc_myl0_317
0.0,11260,2,5630.0,5630.0,4232,7028,1977.1,myelin-exec:__myl_Fc_myl0_3494
0.0,11259,2,5629.5,5629.5,4222,7037,1990.5,myelin-exec:__myl_Fc_myl0_2113
0.0,11259,2,5629.5,5629.5,3157,8102,3496.6,myelin-exec:__myl_Fc_myl0_2490
0.0,11259,2,5629.5,5629.5,4722,6537,1283.4,myelin-exec:__myl_Fc_myl0_3489
0.0,11250,2,5625.0,5625.0,2546,8704,4354.4,myelin-exec:__myl_MulCastAddMulCastAddConcMaxrSubExpSum_myl0_777
0.0,11249,2,5624.5,5624.5,4314,6935,1853.3,myelin-exec:__myl_Fc_myl0_3245
0.0,11241,2,5620.5,5620.5,4852,6389,1086.8,myelin-exec:__myl_Fc_myl0_1904
0.0,11241,2,5620.5,5620.5,4102,7139,2147.5,myelin-exec:__myl_Fc_myl0_1949
0.0,11214,2,5607.0,5607.0,4130,7084,2088.8,myelin-exec:__myl_Fc_myl0_3229
0.0,11213,2,5606.5,5606.5,2000,9213,5100.4,myelin-exec:__myl_CastMulCastResh_myl0_324
0.0,11204,2,5602.0,5602.0,3584,7620,2853.9,myelin-exec:__myl_Fc_myl0_3377
0.0,11203,2,5601.5,5601.5,3972,7231,2304.5,myelin-exec:__myl_Fc_myl0_3743
0.0,11185,2,5592.5,5592.5,2482,8703,4398.9,myelin-exec:__myl_AddCastMulMeanAddSqrtDivMulMulCastReshDyna_myl0_630
0.0,11177,2,5588.5,5588.5,4649,6528,1328.7,myelin-exec:__myl_Fc_myl0_1889
0.0,11177,2,5588.5,5588.5,4232,6945,1918.4,myelin-exec:__myl_Fc_myl0_1957
0.0,11176,2,5588.0,5588.0,4389,6787,1695.6,myelin-exec:__myl_Fc_myl0_2213
0.0,11166,2,5583.0,5583.0,2926,8240,3757.6,myelin-exec:__myl_AddCastMulMeanAddSqrtDivMulMulCastReshDyna_myl0_513
0.0,11166,2,5583.0,5583.0,4842,6324,1047.9,myelin-exec:__myl_Fc_myl0_3811
0.0,11147,2,5573.5,5573.5,4268,6879,1846.3,myelin-exec:__myl_Fc_myl0_3786
0.0,11140,2,5570.0,5570.0,3510,7630,2913.3,myelin-exec:__myl_SlicSlicMulMulMulAddMulTanhAddMulMulMulMulCast_myl0_3003
0.0,11139,2,5569.5,5569.5,3982,7157,2245.1,myelin-exec:__myl_Fc_myl0_1203
0.0,11139,2,5569.5,5569.5,2380,8759,4510.6,myelin-exec:__myl_Repl_myl0_316
0.0,11130,2,5565.0,5565.0,3408,7722,3050.5,myelin-exec:__myl_Fc_myl0_2335
0.0,11130,2,5565.0,5565.0,3722,7408,2606.4,myelin-exec:__myl_Fc_myl0_3690
0.0,11112,2,5556.0,5556.0,4399,6713,1636.2,myelin-exec:__myl_Fc_myl0_1237
0.0,11111,2,5555.5,5555.5,3454,7657,2972.0,myelin-exec:__myl_Fc_myl0_2782
0.0,11102,2,5551.0,5551.0,2750,8352,3961.2,myelin-exec:__myl_AddCastMulMeanAddSqrtDivMulMulCastReshDyna_myl0_480
0.0,11102,2,5551.0,5551.0,3037,8065,3555.3,myelin-exec:__myl_AddReshCast_myl0_315
0.0,11093,2,5546.5,5546.5,4445,6648,1557.8,myelin-exec:__myl_Fc_myl0_1546
0.0,11083,2,5541.5,5541.5,3148,7935,3384.9,myelin-exec:__myl_Fc_myl0_1212
0.0,11083,2,5541.5,5541.5,3064,8019,3503.7,myelin-exec:__myl_Fc_myl0_3502
0.0,11074,2,5537.0,5537.0,2046,9028,4937.0,myelin-exec:__myl_AddCastMulMeanAddSqrtDivMulMulCastReshDyna_myl0_638
0.0,11074,2,5537.0,5537.0,4870,6204,943.3,myelin-exec:__myl_AddMulCastReshTran_myl0_1916
0.0,11074,2,5537.0,5537.0,3445,7629,2958.5,myelin-exec:__myl_Fc_myl0_1872
0.0,11056,2,5528.0,5528.0,3639,7417,2671.4,myelin-exec:__myl_Fc_myl0_2247
0.0,11056,2,5528.0,5528.0,4371,6685,1636.2,myelin-exec:__myl_Fc_myl0_3809
0.0,11046,2,5523.0,5523.0,3620,7426,2691.2,myelin-exec:__myl_Fc_myl0_1025
0.0,11046,2,5523.0,5523.0,4055,6991,2076.1,myelin-exec:__myl_Fc_myl0_2388
0.0,11027,2,5513.5,5513.5,3787,7240,2441.6,myelin-exec:__myl_Fc_myl0_1832
0.0,11019,2,5509.5,5509.5,4482,6537,1453.1,myelin-exec:__myl_Fc_myl0_2003
0.0,11019,2,5509.5,5509.5,3482,7537,2867.3,myelin-exec:__myl_Fc_myl0_3247
0.0,11000,2,5500.0,5500.0,3528,7472,2788.8,myelin-exec:__myl_Fc_myl0_3534
0.0,10999,2,5499.5,5499.5,4342,6657,1637.0,myelin-exec:__myl_Fc_myl0_3159
0.0,10990,2,5495.0,5495.0,3592,7398,2691.2,myelin-exec:__myl_Fc_myl0_2998
0.0,10990,2,5495.0,5495.0,4222,6768,1800.3,myelin-exec:__myl_Fc_myl0_3582
0.0,10982,2,5491.0,5491.0,3028,7954,3483.2,myelin-exec:__myl_Fc_myl0_3349
0.0,10981,2,5490.5,5490.5,4074,6907,2003.2,myelin-exec:__myl_Fc_myl0_1184
0.0,10981,2,5490.5,5490.5,3843,7138,2329.9,myelin-exec:__myl_Fc_myl0_1402
0.0,10981,2,5490.5,5490.5,4537,6444,1348.5,myelin-exec:__myl_Fc_myl0_2363
0.0,10973,2,5486.5,5486.5,2473,8500,4261.7,myelin-exec:__myl_MulReshDyna_myl0_435
0.0,10972,2,5486.0,5486.0,4055,6917,2023.7,myelin-exec:__myl_Fc_myl0_2181
0.0,10972,2,5486.0,5486.0,4166,6806,1866.8,myelin-exec:__myl_Fc_myl0_3091
0.0,10972,2,5486.0,5486.0,3083,7889,3398.4,myelin-exec:__myl_Fc_myl0_3108
0.0,10971,2,5485.5,5485.5,4083,6888,1983.4,myelin-exec:__myl_Fc_myl0_3307
0.0,10962,2,5481.0,5481.0,4055,6907,2016.7,myelin-exec:__myl_Fc_myl0_2667
0.0,10953,2,5476.5,5476.5,3574,7379,2690.5,myelin-exec:__myl_Fc_myl0_3832
0.0,10918,2,5459.0,5459.0,2195,8723,4616.0,myelin-exec:__myl_TranSlicNegSlicConcMulMulAddCastMulCast_myl0_344
0.0,10898,2,5449.0,5449.0,2213,8685,4576.4,myelin-exec:__myl_AddCastMulMeanAddSqrtDivMulMulCastReshDyna_myl0_563
0.0,10897,2,5448.5,5448.5,3435,7462,2847.5,myelin-exec:__myl_Fc_myl0_2185
0.0,10890,2,5445.0,5445.0,3593,7297,2619.1,myelin-exec:__myl_Fc_myl0_1870
0.0,10889,2,5444.5,5444.5,4945,5944,706.4,myelin-exec:__myl_Fc_myl0_1991
0.0,10889,2,5444.5,5444.5,3315,7574,3011.6,myelin-exec:__myl_Fc_myl0_2672
0.0,10889,2,5444.5,5444.5,3315,7574,3011.6,myelin-exec:__myl_Fc_myl0_3227
0.0,10889,2,5444.5,5444.5,2139,8750,4674.7,myelin-exec:__myl_MulReshDyna_myl0_585
0.0,10880,2,5440.0,5440.0,2685,8195,3896.2,myelin-exec:__myl_AddCastMeanSubMulMeanAddSqrtDivMulCastMulAddMulCast_myl0_301
0.0,10880,2,5440.0,5440.0,4611,6269,1172.4,myelin-exec:__myl_Fc_myl0_1427
0.0,10880,2,5440.0,5440.0,4510,6370,1315.2,myelin-exec:__myl_Fc_myl0_3210
0.0,10870,2,5435.0,5435.0,4537,6333,1270.0,myelin-exec:__myl_Fc_myl0_2867
0.0,10869,2,5434.5,5434.5,2166,8703,4622.4,myelin-exec:__myl_MulReshDyna_myl0_710
0.0,10860,2,5430.0,5430.0,2166,8694,4616.0,myelin-exec:__myl_Dyna_myl0_352
0.0,10843,2,5421.5,5421.5,2584,8259,4012.8,myelin-exec:__myl_Dyna_myl0_552
0.0,10842,2,5421.0,5421.0,3361,7481,2913.3,myelin-exec:__myl_Fc_myl0_1838
0.0,10833,2,5416.5,5416.5,3268,7565,3038.4,myelin-exec:__myl_Fc_myl0_1993
0.0,10833,2,5416.5,5416.5,2703,8130,3837.5,myelin-exec:__myl_MulReshDyna_myl0_360
0.0,10814,2,5407.0,5407.0,4240,6574,1650.4,myelin-exec:__myl_Fc_myl0_2955
0.0,10797,2,5398.5,5398.5,3324,7473,2933.8,myelin-exec:__myl_Fc_myl0_2816
0.0,10787,2,5393.5,5393.5,4380,6407,1433.3,myelin-exec:__myl_Fc_myl0_1985
0.0,10769,2,5384.5,5384.5,3658,7111,2441.6,myelin-exec:__myl_Fc_myl0_2810
0.0,10759,2,5379.5,5379.5,4463,6296,1296.1,myelin-exec:__myl_Fc_myl0_3616
0.0,10750,2,5375.0,5375.0,3879,6871,2115.7,myelin-exec:__myl_Fc_myl0_2567
0.0,10741,2,5370.5,5370.5,3537,7204,2593.0,myelin-exec:__myl_Fc_myl0_3826
0.0,10731,2,5365.5,5365.5,4240,6491,1591.7,myelin-exec:__myl_Fc_myl0_1195
0.0,10731,2,5365.5,5365.5,4018,6713,1905.7,myelin-exec:__myl_Fc_myl0_3409
0.0,10703,2,5351.5,5351.5,1055,9648,6076.2,myelin-exec:__myl_AddCastMulMeanAddSqrtDivMulMulAddCastMulCast_myl0_1884
0.0,10694,2,5347.0,5347.0,3750,6944,2258.5,myelin-exec:__myl_Fc_myl0_2094
0.0,10677,2,5338.5,5338.5,4473,6204,1224.0,myelin-exec:__myl_Fc_myl0_2414
0.0,10676,2,5338.0,5338.0,4204,6472,1603.7,myelin-exec:__myl_Fc_myl0_2375
0.0,10676,2,5338.0,5338.0,2509,8167,4000.8,myelin-exec:__myl_MulReshAddMulCast_myl0_1065
0.0,10667,2,5333.5,5333.5,3861,6806,2082.4,myelin-exec:__myl_Fc_myl0_3536
0.0,10649,2,5324.5,5324.5,3473,7176,2618.4,myelin-exec:__myl_Fc_myl0_2403
0.0,10630,2,5315.0,5315.0,2389,8241,4138.0,myelin-exec:__myl_DivMulCastCastMulCastReshReshSlicSlic_myl0_1671
0.0,10629,2,5314.5,5314.5,2231,8398,4360.7,myelin-exec:__myl_AddCastMulMeanAddSqrtDivMulMulCastReshDyna_myl0_380
0.0,10629,2,5314.5,5314.5,2213,8416,4386.2,myelin-exec:__myl_SlicReplReshSeleMulCastAddMulCastAddConcMaxrSubExpSum_myl0_760
0.0,10620,2,5310.0,5310.0,3639,6981,2363.2,myelin-exec:__myl_Fc_myl0_3618
0.0,10593,2,5296.5,5296.5,4185,6408,1571.9,myelin-exec:__myl_Fc_myl0_2663
0.0,10584,2,5292.0,5292.0,2343,8241,4170.5,myelin-exec:__myl_AddCastMulMeanAddSqrtDivMulMulCastReshDyna_myl0_705
0.0,10583,2,5291.5,5291.5,3815,6768,2088.1,myelin-exec:__myl_Fc_myl0_1178
0.0,10575,2,5287.5,5287.5,4269,6306,1440.4,myelin-exec:__myl_Fc_myl0_3519
0.0,10556,2,5278.0,5278.0,2306,8250,4203.0,myelin-exec:__myl_Dyna_myl0_577
0.0,10556,2,5278.0,5278.0,4074,6482,1702.7,myelin-exec:__myl_Fc_myl0_3421
0.0,10538,2,5269.0,5269.0,3297,7241,2788.8,myelin-exec:__myl_Fc_myl0_2409
0.0,10537,2,5268.5,5268.5,2963,7574,3260.5,myelin-exec:__myl_Fc_myl0_2448
0.0,10528,2,5264.0,5264.0,3491,7037,2507.4,myelin-exec:__myl_Fc_myl0_1367
0.0,10519,2,5259.5,5259.5,3630,6889,2304.5,myelin-exec:__myl_Fc_myl0_1377
0.0,10510,2,5255.0,5255.0,3148,7362,2979.7,myelin-exec:__myl_Fc_myl0_3074
0.0,10491,2,5245.5,5245.5,2463,8028,3935.0,myelin-exec:__myl_MoveMulCast_myl0_753
0.0,10482,2,5241.0,5241.0,3278,7204,2776.1,myelin-exec:__myl_Fc_myl0_3057
0.0,10463,2,5231.5,5231.5,4176,6287,1492.7,myelin-exec:__myl_Fc_myl0_1821
0.0,10463,2,5231.5,5231.5,4509,5954,1021.8,myelin-exec:__myl_Fc_myl0_2232
0.0,10454,2,5227.0,5227.0,1278,9176,5584.7,myelin-exec:__myl_AddMulCastReshTran_myl0_1848
0.0,10454,2,5227.0,5227.0,3371,7083,2624.8,myelin-exec:__myl_Fc_myl0_2850
0.0,10444,2,5222.0,5222.0,3777,6667,2043.5,myelin-exec:__myl_Fc_myl0_2942
0.0,10436,2,5218.0,5218.0,3102,7334,2992.5,myelin-exec:__myl_Fc_myl0_1770
0.0,10426,2,5213.0,5213.0,2269,8157,4163.4,myelin-exec:__myl_AddMulCastReshTran_myl0_765
0.0,10416,2,5208.0,5208.0,3129,7287,2940.1,myelin-exec:__myl_Fc_myl0_3726
0.0,10398,2,5199.0,5199.0,3435,6963,2494.7,myelin-exec:__myl_Fc_myl0_2601
0.0,10398,2,5199.0,5199.0,2102,8296,4379.8,myelin-exec:__myl_SlicReshSlicNegSlicConcMulMulAddTran_myl0_2491
0.0,10389,2,5194.5,5194.5,2435,7954,3902.5,myelin-exec:__myl_MulReshDyna_myl0_635
0.0,10370,2,5185.0,5185.0,3740,6630,2043.5,myelin-exec:__myl_Fc_myl0_1989
0.0,10361,2,5180.5,5180.5,2454,7907,3855.9,myelin-exec:__myl_Dyna_myl0_427
0.0,10352,2,5176.0,5176.0,2037,8315,4439.2,myelin-exec:__myl_Cums_myl0_310
0.0,10343,2,5171.5,5171.5,1926,8417,4589.8,myelin-exec:__myl_MulReshDyna_myl0_535
0.0,10315,2,5157.5,5157.5,4000,6315,1637.0,myelin-exec:__myl_Fc_myl0_3375
0.0,10306,2,5153.0,5153.0,3593,6713,2206.2,myelin-exec:__myl_Fc_myl0_3692
0.0,10304,2,5152.0,5152.0,2564,7740,3660.0,myelin-exec:__myl_ConcSinCosCastReshCastReshSlicReshSlicNegSlicConcMulMulAddTranSlicReshTranSlicNegSlicConcEtc_myl0_1687
0.0,10296,2,5148.0,5148.0,3482,6814,2356.1,myelin-exec:__myl_Fc_myl0_3032
0.0,10278,2,5139.0,5139.0,2361,7917,3928.7,myelin-exec:__myl_AddCastMulMeanAddSqrtDivMulMulCastReshDyna_myl0_388
0.0,10278,2,5139.0,5139.0,4065,6213,1518.9,myelin-exec:__myl_Fc_myl0_2266
0.0,10259,2,5129.5,5129.5,2120,8139,4256.1,myelin-exec:__myl_MulReshDyna_myl0_685
0.0,10259,2,5129.5,5129.5,2009,8250,4413.1,myelin-exec:__myl_SlicReshTranSlicNegSlicConcMulMulAddCastMulCast_myl0_1582
0.0,10251,2,5125.5,5125.5,3445,6806,2376.6,myelin-exec:__myl_Fc_myl0_2972
0.0,10241,2,5120.5,5120.5,3324,6917,2540.6,myelin-exec:__myl_Fc_myl0_2678
0.0,10241,2,5120.5,5120.5,3315,6926,2553.4,myelin-exec:__myl_Fc_myl0_3383
0.0,10223,2,5111.5,5111.5,2195,8028,4124.6,myelin-exec:__myl_MulReshDyna_myl0_485
0.0,10204,2,5102.0,5102.0,2843,7361,3194.7,myelin-exec:__myl_AddCastMulMeanAddSqrtDivMulMulCastReshDyna_myl0_663
0.0,10195,2,5097.5,5097.5,1130,9065,5610.9,myelin-exec:__myl_AddCastMulMeanAddSqrtDivMulMulAddCastMulCast_myl0_1850
0.0,10186,2,5093.0,5093.0,3232,6954,2631.9,myelin-exec:__myl_Fc_myl0_2964
0.0,10158,2,5079.0,5079.0,3704,6454,1944.5,myelin-exec:__myl_AddCastMulMeanAddSqrtDivMulMulCastReshDyna_myl0_413
0.0,10158,2,5079.0,5079.0,4010,6148,1511.8,myelin-exec:__myl_MulCastAddMulCastAddConcMaxrSubExpSum_myl0_3181
0.0,10148,2,5074.0,5074.0,2352,7796,3849.5,myelin-exec:__myl_AddCastMulMeanAddSqrtDivMulMulCastReshDyna_myl0_605
0.0,10140,2,5070.0,5070.0,2917,7223,3044.8,myelin-exec:__myl_AddCastMulMeanAddSqrtDivMulMulAddCastMulCast_myl0_1562
0.0,10130,2,5065.0,5065.0,2639,7491,3430.9,myelin-exec:__myl_AddCastMulMeanAddSqrtDivMulMulCastReshDyna_myl0_355
0.0,10120,2,5060.0,5060.0,3240,6880,2573.9,myelin-exec:__myl_Fc_myl0_1955
0.0,10103,2,5051.5,5051.5,3084,7019,2782.5,myelin-exec:__myl_EqlLtOrReshAndAndReshSeleMulCastAddMaxrSubExpSumDivMulCastCastMulCast_myl0_321
0.0,10102,2,5051.0,5051.0,2824,7278,3149.5,myelin-exec:__myl_ConcSinCosCastReshCastReshSlicReshSlicNegSlicConcMulMulAddTranSlicReshTranSlicNegSlicConcEtc_myl0_1996
0.0,10102,2,5051.0,5051.0,3315,6787,2455.1,myelin-exec:__myl_Fc_myl0_2460
0.0,10093,2,5046.5,5046.5,4056,6037,1400.8,myelin-exec:__myl_Fc_myl0_1855
0.0,10093,2,5046.5,5046.5,3176,6917,2645.3,myelin-exec:__myl_Fc_myl0_3624
0.0,10092,2,5046.0,5046.0,2268,7824,3928.7,myelin-exec:__myl_ConcSinCosCastReshCastReshSlicReshSlicNegSlicConcMulMulAddTranSlicReshTranSlicNegSlicConcEtc_myl0_1069
0.0,10083,2,5041.5,5041.5,3250,6833,2533.6,myelin-exec:__myl_Fc_myl0_2056
0.0,10047,2,5023.5,5023.5,3510,6537,2140.4,myelin-exec:__myl_Fc_myl0_1410
0.0,10037,2,5018.5,5018.5,2407,7630,3693.2,myelin-exec:__myl_Cums_myl0_312
0.0,10036,2,5018.0,5018.0,3583,6453,2029.4,myelin-exec:__myl_Fc_myl0_1248
0.0,10028,2,5014.0,5014.0,1834,8194,4497.2,myelin-exec:__myl_Dyna_myl0_627
0.0,10009,2,5004.5,5004.5,3222,6787,2520.8,myelin-exec:__myl_Fc_myl0_3006
0.0,9991,2,4995.5,4995.5,3426,6565,2219.6,myelin-exec:__myl_Fc_myl0_3176
0.0,9991,2,4995.5,4995.5,1991,8000,4249.0,myelin-exec:__myl_Slic_myl0_1743
0.0,9972,2,4986.0,4986.0,3074,6898,2704.0,myelin-exec:__myl_Fc_myl0_3658
0.0,9971,2,4985.5,4985.5,3046,6925,2742.9,myelin-exec:__myl_Fc_myl0_2426
0.0,9925,2,4962.5,4962.5,3666,6259,1833.5,myelin-exec:__myl_Fc_myl0_3556
0.0,9879,2,4939.5,4939.5,2083,7796,4039.7,myelin-exec:__myl_DivMulCastCastMulCastReshReshSlicSlic_myl0_761
0.0,9871,2,4935.5,4935.5,3028,6843,2697.6,myelin-exec:__myl_Fc_myl0_3273
0.0,9862,2,4931.0,4931.0,3121,6741,2559.7,myelin-exec:__myl_Fc_myl0_2799
0.0,9842,2,4921.0,4921.0,2305,7537,3699.6,myelin-exec:__myl_Dyna_myl0_602
0.0,9806,2,4903.0,4903.0,3028,6778,2651.7,myelin-exec:__myl_Fc_myl0_1254
0.0,9805,2,4902.5,4902.5,3759,6046,1617.2,myelin-exec:__myl_Fc_myl0_3341
0.0,9796,2,4898.0,4898.0,2296,7500,3679.8,myelin-exec:__myl_Dyna_myl0_377
0.0,9786,2,4893.0,4893.0,2592,7194,3254.1,myelin-exec:__myl_MulAdd_myl0_3846
0.0,9778,2,4889.0,4889.0,2232,7546,3757.6,myelin-exec:__myl_Dyna_myl0_452
0.0,9723,2,4861.5,4861.5,2824,6899,2881.5,myelin-exec:__myl_Fc_myl0_3231
0.0,9713,2,4856.5,4856.5,2528,7185,3293.0,myelin-exec:__myl_AddCastMulMeanAddSqrtDivMulMulAddCastMulCast_myl0_767
0.0,9713,2,4856.5,4856.5,3056,6657,2546.3,myelin-exec:__myl_Fc_myl0_3193
0.0,9675,2,4837.5,4837.5,1953,7722,4079.3,myelin-exec:__myl_AddCastMulMeanAddSqrtDivMulMulAddCastMulCast_myl0_1701
0.0,9639,2,4819.5,4819.5,2176,7463,3738.5,myelin-exec:__myl_SlicSlicMulMulMulAddMulTanhAddMulMulMulMulCast_myl0_769
0.0,9602,2,4801.0,4801.0,2565,7037,3162.2,myelin-exec:__myl_AddCastMulMeanAddSqrtDivMulMulCastReshDyna_myl0_530
0.0,9592,2,4796.0,4796.0,2240,7352,3614.7,myelin-exec:__myl_Dyna_myl0_652
0.0,9547,2,4773.5,4773.5,2806,6741,2782.5,myelin-exec:__myl_Fc_myl0_2215
0.0,9472,2,4736.0,4736.0,3231,6241,2128.4,myelin-exec:__myl_Fc_myl0_1804
0.0,9435,2,4717.5,4717.5,3167,6268,2192.7,myelin-exec:__myl_SlicReshTranSlicNegSlicConcMulMulAddCastMulCast_myl0_1721
0.0,9407,2,4703.5,4703.5,1843,7564,4045.4,myelin-exec:__myl_MulReshDyna_myl0_560
0.0,9389,2,4694.5,4694.5,2333,7056,3339.7,myelin-exec:__myl_AddCastMulMeanAddSqrtDivMulMulCastReshDyna_myl0_613
0.0,9380,2,4690.0,4690.0,2019,7361,3777.4,myelin-exec:__myl_SlicSlicMulMulMulAddMulTanhAddMulMulMulMulCast_myl0_1628
0.0,9352,2,4676.0,4676.0,2130,7222,3600.6,myelin-exec:__myl_Cums_myl0_314
0.0,9259,2,4629.5,4629.5,2944,6315,2383.7,myelin-exec:__myl_AddCastMulMeanAddSqrtDivMulMulCastReshDyna_myl0_430
0.0,9242,2,4621.0,4621.0,3695,5547,1309.6,myelin-exec:__myl_ConcSinCosCastReshCastReshSlicReshSlicNegSlicConcMulMulAddTranSlicReshTranSlicNegSlicConcEtc_myl0_2923
0.0,9232,2,4616.0,4616.0,2352,6880,3201.8,myelin-exec:__myl_AddCastMulMeanAddSqrtDivMulMulCastReshDyna_myl0_405
0.0,9232,2,4616.0,4616.0,3463,5769,1630.6,myelin-exec:__myl_MulCastAddMulCastAddConcMaxrSubExpSum_myl0_2821
0.0,9204,2,4602.0,4602.0,2407,6797,3104.2,myelin-exec:__myl_TranResh_myl0_326
0.0,9194,2,4597.0,4597.0,3129,6065,2076.1,myelin-exec:__myl_Fc_myl0_3794
0.0,9185,2,4592.5,4592.5,2426,6759,3063.9,myelin-exec:__myl_MulReshDyna_myl0_410
0.0,9129,2,4564.5,4564.5,2027,7102,3588.6,myelin-exec:__myl_CastMulMeanAddSqrtDivMulMulAddCastMulCast_myl0_755
0.0,9111,2,4555.5,4555.5,2417,6694,3024.3,myelin-exec:__myl_Dyna_myl0_402
0.0,9092,2,4546.0,4546.0,1907,7185,3732.1,myelin-exec:__myl_ConcSinCosCastReshCastReshSlicReshSlicNegSlicConcMulMulAddTranSlicReshTranSlicNegSlicConcEtc_myl0_2305
0.0,9074,2,4537.0,4537.0,2018,7056,3562.4,myelin-exec:__myl_AddCastMulMeanAddSqrtDivMulMulCastReshDyna_myl0_688
0.0,9046,2,4523.0,4523.0,1870,7176,3751.9,myelin-exec:__myl_SlicReplReshSeleMulCastAddMulCastAddConcMaxrSubExpSum_myl0_1381
0.0,9028,2,4514.0,4514.0,2204,6824,3266.8,myelin-exec:__myl_Repl_myl0_309
0.0,8981,2,4490.5,4490.5,1796,7185,3810.6,myelin-exec:__myl_AddCastMulMeanAddSqrtDivMulMulAddCastMulCast_myl0_1063
0.0,8981,2,4490.5,4490.5,1129,7852,4753.9,myelin-exec:__myl_MulCastAddMulCastAddConcMaxrSubExpSum_myl0_1979
0.0,8981,2,4490.5,4490.5,2222,6759,3208.1,myelin-exec:__myl_MulReshDyna_myl0_385
0.0,8972,2,4486.0,4486.0,2287,6685,3109.9,myelin-exec:__myl_AddCastMulMeanAddSqrtDivMulMulCastReshDyna_myl0_538
0.0,8963,2,4481.5,4481.5,3269,5694,1714.7,myelin-exec:__myl_SlicReshTranSlicNegSlicConcMulMulAddCastMulCast_myl0_1028
0.0,8934,2,4467.0,4467.0,2268,6666,3109.9,myelin-exec:__myl_SlicReshTranSlicNegSlicConcMulMulAddCastMulCast_myl0_2509
0.0,8907,2,4453.5,4453.5,3111,5796,1898.6,myelin-exec:__myl_Fc_myl0_2096
0.0,8897,2,4448.5,4448.5,1268,7629,4497.9,myelin-exec:__myl_Slic_myl0_1621
0.0,8888,2,4444.0,4444.0,2120,6768,3286.6,myelin-exec:__myl_Dyna_myl0_527
0.0,8862,2,4431.0,4431.0,2213,6649,3136.7,myelin-exec:__myl_AddCastMulMeanAddSqrtDivMulMulCastReshDyna_myl0_738
0.0,8824,2,4412.0,4412.0,2129,6695,3228.6,myelin-exec:__myl_SlicReshSlicNegSlicConcMulMulAddTran_myl0_1737
0.0,8815,2,4407.5,4407.5,1158,7657,4595.5,myelin-exec:__myl_MulCastAddMulCastAddConcMaxrSubExpSum_myl0_1551
0.0,8805,2,4402.5,4402.5,2028,6777,3358.1,myelin-exec:__myl_AddCastMulMeanAddSqrtDivMulMulAddCastMulCast_myl0_3171
0.0,8797,2,4398.5,4398.5,2769,6028,2304.5,myelin-exec:__myl_Repl_myl0_319
0.0,8760,2,4380.0,4380.0,1732,7028,3744.8,myelin-exec:__myl_SlicNegSlicConcMulMulAddCastMulCastTran_myl0_491
0.0,8723,2,4361.5,4361.5,3880,4843,680.9,myelin-exec:__myl_DivMulCastCastMulCastReshReshSlicSlic_myl0_1050
0.0,8722,2,4361.0,4361.0,2148,6574,3129.7,myelin-exec:__myl_MulReshDyna_myl0_510
0.0,8713,2,4356.5,4356.5,1083,7630,4629.4,myelin-exec:__myl_DivMulCastCastMulCastReshReshSlicSlic_myl0_1637
0.0,8704,2,4352.0,4352.0,2981,5723,1938.9,myelin-exec:__myl_ConcSinCosCastReshCastReshSlicReshSlicNegSlicConcMulMulAddTranSlicReshTranSlicNegSlicConcEtc_myl0_1378
0.0,8685,2,4342.5,4342.5,2120,6565,3143.1,myelin-exec:__myl_AddCastMulMeanAddSqrtDivMulMulAddCastMulCast_myl0_2747
0.0,8667,2,4333.5,4333.5,3537,5130,1126.4,myelin-exec:__myl_SlicSlicMulMulMulAddMulTanhAddMulMulMulMulCast_myl0_3553
0.0,8657,2,4328.5,4328.5,1963,6694,3345.3,myelin-exec:__myl_MulCastAddMaxrSubExpSumDivMulCastCastMulCast_myl0_471
0.0,8638,2,4319.0,4319.0,3601,5037,1015.4,myelin-exec:__myl_SlicReshSlicNegSlicConcMulMulAddTran_myl0_2576
0.0,8584,2,4292.0,4292.0,2945,5639,1904.9,myelin-exec:__myl_ConcSinCosCastReshCastReshSlicReshSlicNegSlicConcMulMulAddTranSlicReshTranSlicNegSlicConcEtc_myl0_3232
0.0,8528,2,4264.0,4264.0,2065,6463,3109.9,myelin-exec:__myl_SlicNegSlicConcMulMulAddCastMulCastTran_myl0_516
0.0,8527,2,4263.5,4263.5,1842,6685,3424.5,myelin-exec:__myl_SlicNegSlicConcMulMulAddCastMulCastTran_myl0_466
0.0,8500,2,4250.0,4250.0,2102,6398,3037.7,myelin-exec:__myl_MulReshDyna_myl0_735
0.0,8491,2,4245.5,4245.5,3417,5074,1171.7,myelin-exec:__myl_AddMulCastReshTran_myl0_1213
0.0,8453,2,4226.5,4226.5,2065,6388,3056.8,myelin-exec:__myl_MulCastAddMulCastAddConcMaxrSubExpSum_myl0_1344
0.0,8445,2,4222.5,4222.5,3482,4963,1047.2,myelin-exec:__myl_AddMulCastReshTran_myl0_1437
0.0,8444,2,4222.0,4222.0,1556,6888,3770.3,myelin-exec:__myl_CastMulCastResh_myl0_574
0.0,8417,2,4208.5,4208.5,3500,4917,1002.0,myelin-exec:__myl_MulCastAddMulCastAddConcMaxrSubExpSum_myl0_2719
0.0,8416,2,4208.0,4208.0,2907,5509,1839.9,myelin-exec:__myl_SlicReshSlicNegSlicConcMulMulAddTran_myl0_2939
0.0,8371,2,4185.5,4185.5,1936,6435,3181.3,myelin-exec:__myl_SlicReshTranSlicNegSlicConcMulMulAddCastMulCast_myl0_2648
0.0,8343,2,4171.5,4171.5,2333,6010,2600.0,myelin-exec:__myl_SlicReshTranSlicNegSlicConcMulMulAddCastMulCast_myl0_3609
0.0,8334,2,4167.0,4167.0,2500,5834,2357.5,myelin-exec:cast_hvar^4361216i64_myl0_7
0.0,8333,2,4166.5,4166.5,1870,6463,3247.7,myelin-exec:__myl_SlicNegSlicConcMulMulAddCastMulCastTran_myl0_666
0.0,8315,2,4157.5,4157.5,1500,6815,3758.3,myelin-exec:__myl_AddCastMeanSubMulMeanAddSqrtDivMulCastMulAddMulCast_myl0_23
0.0,8315,2,4157.5,4157.5,1481,6834,3785.1,myelin-exec:__myl_MulCastAddMulCastAddConcMaxrSubExpSum_myl0_794
0.0,8297,2,4148.5,4148.5,2158,6139,2815.0,myelin-exec:__myl_SlicNegSlicConcMulMulAddCastMulCastTran_myl0_391
0.0,8288,2,4144.0,4144.0,2149,6139,2821.4,myelin-exec:__myl_AddCastMulMeanAddSqrtDivMulMulAddCastMulCast_myl0_1596
0.0,8287,2,4143.5,4143.5,2185,6102,2769.7,myelin-exec:__myl_MulCastAddMulCastAddConcMaxrSubExpSum_myl0_1653
0.0,8279,2,4139.5,4139.5,1945,6334,3103.5,myelin-exec:__myl_TranResh_myl0_376
0.0,8279,2,4139.5,4139.5,1871,6408,3208.1,myelin-exec:__myl_TranSlicNegSlicConcMulMulAddCastMulCast_myl0_394
0.0,8260,2,4130.0,4130.0,2417,5843,2422.5,myelin-exec:__myl_MulCastAddMulCastAddConcMaxrSubExpSum_myl0_3561
0.0,8204,2,4102.0,4102.0,1352,6852,3889.1,myelin-exec:__myl_MulCastAddMulCastAddConcMaxrSubExpSum_myl0_1049
0.0,8195,2,4097.5,4097.5,1954,6241,3031.4,myelin-exec:__myl_SlicReshTranSlicNegSlicConcMulMulAddCastMulCast_myl0_3402
0.0,8185,2,4092.5,4092.5,3889,4296,287.8,myelin-exec:__myl_SlicReshTranSlicNegSlicConcMulMulAddCastMulCast_myl0_1497
0.0,8167,2,4083.5,4083.5,1815,6352,3208.1,myelin-exec:__myl_MulCastAddMaxrSubExpSumDivMulCastCastMulCast_myl0_521
0.0,8166,2,4083.0,4083.0,1694,6472,3378.6,myelin-exec:__myl_AddCastMeanSubMulMeanAddSqrtDivMulCastMulAddMulCast_myl0_26
0.0,8158,2,4079.0,4079.0,2195,5963,2664.4,myelin-exec:__myl_AddCastMulMeanAddSqrtDivMulMulAddCastMulCast_myl0_971
0.0,8148,2,4074.0,4074.0,2500,5648,2226.0,myelin-exec:__myl_MulCastAddMulCastAddConcMaxrSubExpSum_myl0_3731
0.0,8139,2,4069.5,4069.5,1148,6991,4131.6,myelin-exec:__myl_SlicReshTranSlicNegSlicConcMulMulAddCastMulCast_myl0_2013
0.0,8130,2,4065.0,4065.0,2250,5880,2566.8,myelin-exec:__myl_SlicReshTranSlicNegSlicConcMulMulAddCastMulCast_myl0_3711
0.0,8120,2,4060.0,4060.0,1981,6139,2940.1,myelin-exec:__myl_CastMulCastResh_myl0_599
0.0,8112,2,4056.0,4056.0,2075,6037,2801.6,myelin-exec:__myl_SlicSlicMulMulMulAddMulTanhAddMulMulMulMulCast_myl0_1869
0.0,8092,2,4046.0,4046.0,2065,6027,2801.6,myelin-exec:__myl_SlicReshSlicNegSlicConcMulMulAddTran_myl0_1632
0.0,8084,2,4042.0,4042.0,1704,6380,3306.4,myelin-exec:__myl_TranResh_myl0_501
0.0,8074,2,4037.0,4037.0,2287,5787,2474.9,myelin-exec:__myl_SlicReshTranSlicNegSlicConcMulMulAddCastMulCast_myl0_3745
0.0,8074,2,4037.0,4037.0,1954,6120,2945.8,myelin-exec:__myl_TranResh_myl0_476
0.0,8055,2,4027.5,4027.5,2926,5129,1557.8,myelin-exec:__myl_SlicReplReshSeleMulCastAddMulCastAddConcMaxrSubExpSum_myl0_1072
0.0,8046,2,4023.0,4023.0,3417,4629,857.0,myelin-exec:__myl_AddCastMulMeanAddSqrtDivMulMulAddCastMulCast_myl0_2658
0.0,8046,2,4023.0,4023.0,1972,6074,2900.6,myelin-exec:__myl_SlicNegSlicConcMulMulAddCastMulCastTran_myl0_541
0.0,8037,2,4018.5,4018.5,1713,6324,3260.5,myelin-exec:__myl_AddMulCastReshTran_myl0_799
0.0,8037,2,4018.5,4018.5,1898,6139,2998.8,myelin-exec:__myl_MulCastAddMaxrSubExpSumDivMulCastCastMulCast_myl0_396
0.0,8028,2,4014.0,4014.0,2037,5991,2795.9,myelin-exec:__myl_MulCastAddMulCastAddConcMaxrSubExpSum_myl0_1707
0.0,8019,2,4009.5,4009.5,2065,5954,2749.9,myelin-exec:__myl_SlicSlicMulMulMulAddMulTanhAddMulMulMulMulCast_myl0_939
0.0,8009,2,4004.5,4004.5,2259,5750,2468.5,myelin-exec:__myl_Dyna_myl0_327
0.0,7982,2,3991.0,3991.0,2463,5519,2160.9,myelin-exec:__myl_MulCastAddMulCastAddConcMaxrSubExpSum_myl0_3697
0.0,7981,2,3990.5,3990.5,2287,5694,2409.1,myelin-exec:__myl_AddMulCastReshTran_myl0_1386
0.0,7981,2,3990.5,3990.5,3787,4194,287.8,myelin-exec:__myl_MulCastAddMulCastAddConcMaxrSubExpSum_myl0_2943
0.0,7971,2,3985.5,3985.5,1703,6268,3227.9,myelin-exec:__myl_MulCastAddMaxrSubExpSumDivMulCastCastMulCast_myl0_421
0.0,7962,2,3981.0,3981.0,2472,5490,2134.0,myelin-exec:__myl_AddMulCastReshTran_myl0_3220
0.0,7955,2,3977.5,3977.5,1538,6417,3450.0,myelin-exec:__myl_CastMulMeanAddSqrtDivMulMulAddCastMulCast_myl0_2303
0.0,7935,2,3967.5,3967.5,3324,4611,910.0,myelin-exec:__myl_SlicReshTranSlicNegSlicConcMulMulAddCastMulCast_myl0_2047
0.0,7917,2,3958.5,3958.5,2334,5583,2297.4,myelin-exec:__myl_AddMulCastReshTran_myl0_1831
0.0,7916,2,3958.0,3958.0,2388,5528,2220.3,myelin-exec:__myl_AddCastMulMeanAddSqrtDivMulMulAddCastMulCast_myl0_3793
0.0,7908,2,3954.0,3954.0,2380,5528,2226.0,myelin-exec:__myl_CastMulMeanAddSqrtDivMulMulAddCastMulCast_myl0_1685
0.0,7899,2,3949.5,3949.5,2621,5278,1878.8,myelin-exec:__myl_AddMulCastReshTran_myl0_1020
0.0,7889,2,3944.5,3944.5,1491,6398,3469.8,myelin-exec:__myl_CastMulMeanAddSqrtDivMulMulAddCastMulCast_myl0_1067
0.0,7880,2,3940.0,3940.0,3426,4454,726.9,myelin-exec:__myl_SlicReshTranSlicNegSlicConcMulMulAddCastMulCast_myl0_2149
0.0,7880,2,3940.0,3940.0,2056,5824,2664.4,myelin-exec:__myl_Slic_myl0_2721
0.0,7871,2,3935.5,3935.5,2574,5297,1925.5,myelin-exec:__myl_AddMulCastReshTran_myl0_850
0.0,7870,2,3935.0,3935.0,2074,5796,2631.9,myelin-exec:__myl_DivMulCastCastMulCastReshReshSlicSlic_myl0_2805
0.0,7842,2,3921.0,3921.0,3222,4620,988.5,myelin-exec:__myl_SlicSlicMulMulMulAddMulTanhAddMulMulMulMulCast_myl0_3105
0.0,7825,2,3912.5,3912.5,3343,4482,805.4,myelin-exec:__myl_MulCastAddMulCastAddConcMaxrSubExpSum_myl0_1415
0.0,7815,2,3907.5,3907.5,1852,5963,2906.9,myelin-exec:__myl_TranSlicNegSlicConcMulMulAddCastMulCast_myl0_519
0.0,7806,2,3903.0,3903.0,2167,5639,2455.1,myelin-exec:__myl_DivMulCastCastMulCastReshReshSlicSlic_myl0_2907
0.0,7805,2,3902.5,3902.5,3389,4416,726.2,myelin-exec:__myl_AddMulCastReshTran_myl0_1797
0.0,7788,2,3894.0,3894.0,2093,5695,2547.0,myelin-exec:__myl_SlicNegSlicConcMulMulAddCastMulCastTran_myl0_366
0.0,7786,2,3893.0,3893.0,1435,6351,3476.1,myelin-exec:__myl_AddCastMeanSubMulMeanAddSqrtDivMulCastMulAddMulCast_myl0_78
0.0,7778,2,3889.0,3889.0,2019,5759,2644.6,myelin-exec:__myl_SlicReshTranSlicNegSlicConcMulMulAddCastMulCast_myl0_2356
0.0,7759,2,3879.5,3879.5,2000,5759,2658.0,myelin-exec:__myl_CastMulCastResh_myl0_349
0.0,7750,2,3875.0,3875.0,1750,6000,3005.2,myelin-exec:__myl_CastMulCastResh_myl0_399
0.0,7731,2,3865.5,3865.5,2592,5139,1801.0,myelin-exec:__myl_AddMulCastReshTran_myl0_969
0.0,7731,2,3865.5,3865.5,1185,6546,3790.8,myelin-exec:__myl_SlicSlicMulMulMulAddMulTanhAddMulMulMulMulCast_myl0_1543
0.0,7730,2,3865.0,3865.0,2851,4879,1434.0,myelin-exec:__myl_AddCastMulMeanAddSqrtDivMulMulAddCastMulCast_myl0_3535
0.0,7703,2,3851.5,3851.5,2268,5435,2239.4,myelin-exec:__myl_SlicReplReshSeleMulCastAddMulCastAddConcMaxrSubExpSum_myl0_3544
0.0,7695,2,3847.5,3847.5,1547,6148,3253.4,myelin-exec:__myl_CastMulCastResh_myl0_499
0.0,7695,2,3847.5,3847.5,1528,6167,3280.3,myelin-exec:__myl_Cums_myl0_320
0.0,7695,2,3847.5,3847.5,1695,6000,3044.1,myelin-exec:__myl_DivMulCastCastMulCastReshReshSlicSlic_myl0_3562
0.0,7695,2,3847.5,3847.5,2056,5639,2533.6,myelin-exec:__myl_SlicSlicMulMulMulAddMulTanhAddMulMulMulMulCast_myl0_2969
0.0,7694,2,3847.0,3847.0,2759,4935,1538.7,myelin-exec:__myl_MulCastAddMulCastAddConcMaxrSubExpSum_myl0_3799
0.0,7686,2,3843.0,3843.0,3417,4269,602.5,myelin-exec:__myl_SlicReshSlicNegSlicConcMulMulAddTran_myl0_3350
0.0,7667,2,3833.5,3833.5,1722,5945,2986.1,myelin-exec:__myl_MoveReplConcReshReshMove_myl0_1053
0.0,7658,2,3829.0,3829.0,3352,4306,674.6,myelin-exec:__myl_AddCastMulMeanAddSqrtDivMulMulAddCastMulCast_myl0_3188
0.0,7658,2,3829.0,3829.0,1750,5908,2940.1,myelin-exec:__myl_MulCastAddMaxrSubExpSumDivMulCastCastMulCast_myl0_571
0.0,7658,2,3829.0,3829.0,1213,6445,3699.6,myelin-exec:__myl_SlicReshSlicNegSlicConcMulMulAddTran_myl0_1720
0.0,7648,2,3824.0,3824.0,2222,5426,2265.6,myelin-exec:__myl_AddMulCastReshTran_myl0_2707
0.0,7648,2,3824.0,3824.0,2370,5278,2056.3,myelin-exec:__myl_SlicReshSlicNegSlicConcMulMulAddTran_myl0_3591
0.0,7629,2,3814.5,3814.5,1064,6565,3889.8,myelin-exec:__myl_Slic_myl0_1913
0.0,7611,2,3805.5,3805.5,1620,5991,3090.8,myelin-exec:__myl_SlicNegSlicConcMulMulAddCastMulCastTran_myl0_691
0.0,7611,2,3805.5,3805.5,3185,4426,877.5,myelin-exec:__myl_SlicSlicMulMulMulAddMulTanhAddMulMulMulMulCast_myl0_3655
0.0,7601,2,3800.5,3800.5,1694,5907,2979.0,myelin-exec:__myl_MoveReplConcReshReshMove_myl0_489
0.0,7592,2,3796.0,3796.0,2213,5379,2238.7,myelin-exec:__myl_DivMulCastCastMulCastReshReshSlicSlic_myl0_3545
0.0,7584,2,3792.0,3792.0,2241,5343,2193.4,myelin-exec:__myl_AddMulCastReshTran_myl0_1332
0.0,7583,2,3791.5,3791.5,2305,5278,2102.2,myelin-exec:__myl_AddCastMulMeanAddSqrtDivMulMulAddCastMulCast_myl0_975
0.0,7583,2,3791.5,3791.5,2167,5416,2297.4,myelin-exec:__myl_AddMulCastReshTran_myl0_2999
0.0,7583,2,3791.5,3791.5,2241,5342,2192.7,myelin-exec:__myl_CastMulMeanAddSqrtDivMulMulAddCastMulCast_myl0_2921
0.0,7556,2,3778.0,3778.0,3333,4223,629.3,myelin-exec:__myl_AddCastMulMeanAddSqrtDivMulMulAddCastMulCast_myl0_2332
0.0,7555,2,3777.5,3777.5,2259,5296,2147.5,myelin-exec:__myl_SlicReshTranSlicNegSlicConcMulMulAddCastMulCast_myl0_3779
0.0,7547,2,3773.5,3773.5,2454,5093,1866.1,myelin-exec:__myl_AddMulCastReshTran_myl0_1505
0.0,7546,2,3773.0,3773.0,2111,5435,2350.4,myelin-exec:__myl_AddCastMulMeanAddSqrtDivMulMulAddCastMulCast_myl0_3497
0.0,7537,2,3768.5,3768.5,3546,3991,314.7,myelin-exec:__myl_AddCastMulMeanAddSqrtDivMulMulAddCastMulCast_myl0_3412
0.0,7537,2,3768.5,3768.5,2352,5185,2003.2,myelin-exec:__myl_AddMulCastReshTran_myl0_901
0.0,7537,2,3768.5,3768.5,2222,5315,2187.1,myelin-exec:__myl_SlicReshTranSlicNegSlicConcMulMulAddCastMulCast_myl0_2441
0.0,7537,2,3768.5,3768.5,2278,5259,2107.9,myelin-exec:__myl_Slic_myl0_3699
0.0,7529,2,3764.5,3764.5,2204,5325,2206.9,myelin-exec:__myl_MulAddMulCast_myl0_2610
0.0,7528,2,3764.0,3764.0,1630,5898,3017.9,myelin-exec:__myl_AddCastMeanSubMulMeanAddSqrtDivMulCastMulAddMulCast_myl0_67
0.0,7528,2,3764.0,3764.0,1843,5685,2716.7,myelin-exec:__myl_CastMulCastResh_myl0_374
0.0,7528,2,3764.0,3764.0,3315,4213,635.0,myelin-exec:__myl_DivMulCastCastMulCastReshReshSlicSlic_myl0_1294
0.0,7528,2,3764.0,3764.0,3463,4065,425.7,myelin-exec:__myl_Slic_myl0_949
0.0,7527,2,3763.5,3763.5,3490,4037,386.8,myelin-exec:__myl_SlicSlicMulMulMulAddMulTanhAddMulMulMulMulCast_myl0_2127
0.0,7527,2,3763.5,3763.5,1833,5694,2730.1,myelin-exec:__myl_TranResh_myl0_351
0.0,7520,2,3760.0,3760.0,1908,5612,2619.1,myelin-exec:__myl_SlicReshSlicNegSlicConcMulMulAddTran_myl0_2525
0.0,7509,2,3754.5,3754.5,1305,6204,3464.1,myelin-exec:__myl_Repl_myl0_742
0.0,7508,2,3754.0,3754.0,2944,4564,1145.5,myelin-exec:__myl_AddMulCastReshTran_myl0_2330
0.0,7500,2,3750.0,3750.0,3222,4278,746.7,myelin-exec:__myl_SlicReshTranSlicNegSlicConcMulMulAddCastMulCast_myl0_1823
0.0,7491,2,3745.5,3745.5,1713,5778,2874.4,myelin-exec:__myl_CastMulCastResh_myl0_624
0.0,7490,2,3745.0,3745.0,1583,5907,3057.5,myelin-exec:__myl_CastMulCastResh_myl0_474
0.0,7490,2,3745.0,3745.0,1990,5500,2481.9,myelin-exec:__myl_SlicReshTranSlicNegSlicConcMulMulAddCastMulCast_myl0_1358
0.0,7482,2,3741.0,3741.0,2028,5454,2422.5,myelin-exec:__myl_AddCastMulMeanAddSqrtDivMulMulAddCastMulCast_myl0_1626
0.0,7482,2,3741.0,3741.0,3500,3982,340.8,myelin-exec:__myl_SlicReshSlicNegSlicConcMulMulAddTran_myl0_3248
0.0,7482,2,3741.0,3741.0,3593,3889,209.3,myelin-exec:__myl_SlicReshSlicNegSlicConcMulMulAddTran_myl0_826
0.0,7481,2,3740.5,3740.5,3111,4370,890.2,myelin-exec:__myl_SlicReshTranSlicNegSlicConcMulMulAddCastMulCast_myl0_1171
0.0,7473,2,3736.5,3736.5,2352,5121,1958.0,myelin-exec:__myl_MulAddMulCast_myl0_1992
0.0,7473,2,3736.5,3736.5,1685,5788,2901.3,myelin-exec:__myl_TranSlicNegSlicConcMulMulAddCastMulCast_myl0_594
0.0,7472,2,3736.0,3736.0,2315,5157,2009.6,myelin-exec:__myl_AddCastMulMeanAddSqrtDivMulMulAddCastMulCast_myl0_3531
0.0,7472,2,3736.0,3736.0,2102,5370,2310.8,myelin-exec:__myl_SlicReshTranSlicNegSlicConcMulMulAddCastMulCast_myl0_858
0.0,7454,2,3727.0,3727.0,2510,4944,1721.1,myelin-exec:__myl_AddMulCastReshTran_myl0_2656
0.0,7454,2,3727.0,3727.0,1861,5593,2638.9,myelin-exec:__myl_TranSlicNegSlicConcMulMulAddCastMulCast_myl0_369
0.0,7445,2,3722.5,3722.5,2537,4908,1676.6,myelin-exec:__myl_ConcSinCosCastReshCastReshSlicReshSlicNegSlicConcMulMulAddTranSlicReshTranSlicNegSlicConcEtc_myl0_2614
0.0,7445,2,3722.5,3722.5,3195,4250,746.0,myelin-exec:__myl_MulCastAddMulCastAddConcMaxrSubExpSum_myl0_1843
0.0,7444,2,3722.0,3722.0,2361,5083,1924.7,myelin-exec:__myl_AddMulCastReshTran_myl0_935
0.0,7444,2,3722.0,3722.0,2296,5148,2016.7,myelin-exec:__myl_MulCastAddMulCastAddConcMaxrSubExpSum_myl0_1032
0.0,7426,2,3713.0,3713.0,2148,5278,2213.2,myelin-exec:__myl_AddMulCastReshTran_myl0_2398
0.0,7425,2,3712.5,3712.5,2277,5148,2030.1,myelin-exec:__myl_AddMulCastReshTran_myl0_1298
0.0,7417,2,3708.5,3708.5,1935,5482,2508.1,myelin-exec:__myl_Slic_myl0_2687
0.0,7417,2,3708.5,3708.5,1648,5769,2914.0,myelin-exec:__myl_TranSlicNegSlicConcMulMulAddCastMulCast_myl0_619
0.0,7408,2,3704.0,3704.0,1824,5584,2658.7,myelin-exec:__myl_AddCastMeanSubMulMeanAddSqrtDivMulCastMulAddMulCast_myl0_37
0.0,7407,2,3703.5,3703.5,2046,5361,2344.1,myelin-exec:__myl_AddCastMulMeanAddSqrtDivMulMulAddCastMulCast_myl0_1735
0.0,7407,2,3703.5,3703.5,2343,5064,1924.0,myelin-exec:__myl_SlicReshTranSlicNegSlicConcMulMulAddCastMulCast_myl0_3575
0.0,7398,2,3699.0,3699.0,2398,5000,1839.9,myelin-exec:__myl_AddMulCastReshTran_myl0_1145
0.0,7397,2,3698.5,3698.5,1694,5703,2834.8,myelin-exec:__myl_SlicReplReshSeleMulCastAddMulCastAddConcMaxrSubExpSum_myl0_1999
0.0,7397,2,3698.5,3698.5,1703,5694,2822.1,myelin-exec:__myl_TranSlicNegSlicConcMulMulAddCastMulCast_myl0_494
0.0,7389,2,3694.5,3694.5,2843,4546,1204.2,myelin-exec:__myl_ConcSinCosCastReshCastReshSlicReshSlicNegSlicConcMulMulAddTranSlicReshTranSlicNegSlicConcEtc_myl0_3541
0.0,7380,2,3690.0,3690.0,3204,4176,687.3,myelin-exec:__myl_SlicReshSlicNegSlicConcMulMulAddTran_myl0_2250
0.0,7380,2,3690.0,3690.0,2019,5361,2363.2,myelin-exec:__myl_SlicSlicMulMulMulAddMulTanhAddMulMulMulMulCast_myl0_973
0.0,7370,2,3685.0,3685.0,2204,5166,2094.5,myelin-exec:__myl_AddMulCastReshTran_myl0_2965
0.0,7370,2,3685.0,3685.0,3324,4046,510.5,myelin-exec:__myl_MulAddMulCast_myl0_3228
0.0,7370,2,3685.0,3685.0,2426,4944,1780.5,myelin-exec:__myl_SlicSlicMulMulMulAddMulTanhAddMulMulMulMulCast_myl0_3791
0.0,7362,2,3681.0,3681.0,3084,4278,844.3,myelin-exec:__myl_DivMulCastCastMulCastReshReshSlicSlic_myl0_2170
0.0,7362,2,3681.0,3681.0,3241,4121,622.3,myelin-exec:__myl_DivMulCastCastMulCastReshReshSlicSlic_myl0_2618
0.0,7352,2,3676.0,3676.0,2028,5324,2330.6,myelin-exec:__myl_AddCastMulMeanAddSqrtDivMulMulAddCastMulCast_myl0_907
0.0,7352,2,3676.0,3676.0,1269,6083,3404.0,myelin-exec:__myl_SlicSlicMulMulMulAddMulTanhAddMulMulMulMulCast_myl0_803
0.0,7351,2,3675.5,3675.5,2009,5342,2356.8,myelin-exec:__myl_SlicReshTranSlicNegSlicConcMulMulAddCastMulCast_myl0_3368
0.0,7343,2,3671.5,3671.5,3176,4167,700.7,myelin-exec:__myl_SlicSlicMulMulMulAddMulTanhAddMulMulMulMulCast_myl0_2453
0.0,7342,2,3671.0,3671.0,2194,5148,2088.8,myelin-exec:__myl_AddMulCastReshTran_myl0_2242
0.0,7332,2,3666.0,3666.0,2490,4842,1663.1,myelin-exec:__myl_AddCastMulMeanAddSqrtDivMulMulAddCastMulCast_myl0_1990
0.0,7324,2,3662.0,3662.0,2222,5102,2036.5,myelin-exec:__myl_SlicReshSlicNegSlicConcMulMulAddTran_myl0_1153
0.0,7324,2,3662.0,3662.0,2408,4916,1773.4,myelin-exec:__myl_SlicReshSlicNegSlicConcMulMulAddTran_myl0_3625
0.0,7324,2,3662.0,3662.0,1583,5741,2940.1,myelin-exec:__myl_TranSlicNegSlicConcMulMulAddCastMulCast_myl0_694
0.0,7315,2,3657.5,3657.5,3259,4056,563.6,myelin-exec:__myl_AddCastMulMeanAddSqrtDivMulMulAddCastMulCast_myl0_1986
0.0,7315,2,3657.5,3657.5,2194,5121,2069.7,myelin-exec:__myl_SlicSlicMulMulMulAddMulTanhAddMulMulMulMulCast_myl0_854
0.0,7314,2,3657.0,3657.0,1657,5657,2828.4,myelin-exec:__myl_CastMulCastResh_myl0_674
0.0,7314,2,3657.0,3657.0,1592,5722,2920.4,myelin-exec:__myl_MulCastAddMulCastAddConcMaxrSubExpSum_myl0_3816
0.0,7306,2,3653.0,3653.0,2593,4713,1499.1,myelin-exec:__myl_AddMulCastReshTran_myl0_3529
0.0,7306,2,3653.0,3653.0,1296,6010,3333.3,myelin-exec:__myl_SlicReshTranSlicNegSlicConcMulMulAddCastMulCast_myl0_790
0.0,7305,2,3652.5,3652.5,2213,5092,2035.8,myelin-exec:__myl_SlicReshSlicNegSlicConcMulMulAddTran_myl0_3316
0.0,7296,2,3648.0,3648.0,2352,4944,1832.8,myelin-exec:__myl_CastMulMeanAddSqrtDivMulMulAddCastMulCast_myl0_1376
0.0,7296,2,3648.0,3648.0,1713,5583,2736.5,myelin-exec:__myl_MulCastAddMaxrSubExpSumDivMulCastCastMulCast_myl0_596
0.0,7287,2,3643.5,3643.5,2491,4796,1629.9,myelin-exec:__myl_AddCastMulMeanAddSqrtDivMulMulAddCastMulCast_myl0_3226
0.0,7287,2,3643.5,3643.5,2111,5176,2167.3,myelin-exec:__myl_AddCastMulMeanAddSqrtDivMulMulAddCastMulCast_myl0_818
0.0,7278,2,3639.0,3639.0,1602,5676,2880.8,myelin-exec:__myl_CastMulCastResh_myl0_524
0.0,7278,2,3639.0,3639.0,2213,5065,2016.7,myelin-exec:__myl_MulCastAddMulCastAddConcMaxrSubExpSum_myl0_1928
0.0,7278,2,3639.0,3639.0,2009,5269,2305.2,myelin-exec:__myl_SlicReshTranSlicNegSlicConcMulMulAddCastMulCast_myl0_2560
0.0,7277,2,3638.5,3638.5,2490,4787,1624.2,myelin-exec:__myl_MulCastAddMulCastAddConcMaxrSubExpSum_myl0_3663
0.0,7259,2,3629.5,3629.5,1648,5611,2802.3,myelin-exec:__myl_MoveReplConcReshReshMove_myl0_361
0.0,7259,2,3629.5,3629.5,1463,5796,3063.9,myelin-exec:__myl_SlicNegSlicConcMulMulAddCastMulCastTran_myl0_566
0.0,7250,2,3625.0,3625.0,1121,6129,3541.2,myelin-exec:__myl_AddCastMulMeanAddSqrtDivMulMulAddCastMulCast_myl0_1643
0.0,7241,2,3620.5,3620.5,2547,4694,1518.2,myelin-exec:__myl_AddMulCastReshTran_myl0_816
0.0,7241,2,3620.5,3620.5,1565,5676,2906.9,myelin-exec:__myl_AddMulCastReshTran_myl0_986
0.0,7241,2,3620.5,3620.5,1667,5574,2762.7,myelin-exec:__myl_MoveReplConcReshReshMove_myl0_322
0.0,7240,2,3620.0,3620.0,2240,5000,1951.6,myelin-exec:__myl_AddMulCastReshTran_myl0_2208
0.0,7240,2,3620.0,3620.0,1296,5944,3286.6,myelin-exec:__myl_MulCastAddMulCastAddConcMaxrSubExpSum_myl0_1911
0.0,7240,2,3620.0,3620.0,1064,6176,3614.7,myelin-exec:__myl_SlicSlicMulMulMulAddMulTanhAddMulMulMulMulCast_myl0_2195
0.0,7232,2,3616.0,3616.0,1334,5898,3227.2,myelin-exec:__myl_DivMulCastCastMulCastReshReshSlicSlic_myl0_1345
0.0,7223,2,3611.5,3611.5,3204,4019,576.3,myelin-exec:__myl_AddCastMulMeanAddSqrtDivMulMulAddCastMulCast_myl0_2679
0.0,7222,2,3611.0,3611.0,2009,5213,2265.6,myelin-exec:__myl_DivMulCastCastMulCastReshReshSlicSlic_myl0_1124
0.0,7222,2,3611.0,3611.0,2546,4676,1506.1,myelin-exec:__myl_Slic_myl0_3665
0.0,7212,2,3606.0,3606.0,1342,5870,3201.8,myelin-exec:__myl_AddCastMulMeanAddSqrtDivMulMulAddCastMulCast_myl0_2438
0.0,7203,2,3601.5,3601.5,1712,5491,2672.2,myelin-exec:__myl_MulCastAddMaxrSubExpSumDivMulCastCastMulCast_myl0_721
0.0,7195,2,3597.5,3597.5,1149,6046,3462.7,myelin-exec:__myl_AddCastMulMeanAddSqrtDivMulMulAddCastMulCast_myl0_1009
0.0,7195,2,3597.5,3597.5,2093,5102,2127.7,myelin-exec:__myl_MulCastAddMulCastAddConcMaxrSubExpSum_myl0_2033
0.0,7194,2,3597.0,3597.0,2370,4824,1735.2,myelin-exec:__myl_CastMulMeanAddSqrtDivMulMulAddCastMulCast_myl0_1994
0.0,7186,2,3593.0,3593.0,3195,3991,562.9,myelin-exec:__myl_SlicReshTranSlicNegSlicConcMulMulAddCastMulCast_myl0_2903
0.0,7185,2,3592.5,3592.5,2805,4380,1113.7,myelin-exec:__myl_AddMulCastReshTran_myl0_3033
0.0,7185,2,3592.5,3592.5,2870,4315,1021.8,myelin-exec:__myl_MulCastAddMulCastAddConcMaxrSubExpSum_myl0_2753
0.0,7176,2,3588.0,3588.0,2167,5009,2009.6,myelin-exec:__myl_AddMulCastReshTran_myl0_3685
0.0,7176,2,3588.0,3588.0,2371,4805,1721.1,myelin-exec:__myl_DivMulCastCastMulCastReshReshSlicSlic_myl0_3681
0.0,7175,2,3587.5,3587.5,2370,4805,1721.8,myelin-exec:__myl_AddMulCastReshTran_myl0_2622
0.0,7175,2,3587.5,3587.5,2268,4907,1866.1,myelin-exec:__myl_AddMulCastReshTran_myl0_3067
0.0,7166,2,3583.0,3583.0,1851,5315,2449.4,myelin-exec:__myl_Slic_myl0_1346
0.0,7158,2,3579.0,3579.0,1667,5491,2704.0,myelin-exec:__myl_MulCastAddMulCastAddConcMaxrSubExpSum_myl0_3612
0.0,7157,2,3578.5,3578.5,1481,5676,2966.3,myelin-exec:__myl_CastMulCastResh_myl0_724
0.0,7157,2,3578.5,3578.5,1222,5935,3332.6,myelin-exec:__myl_MoveReplConcReshReshMove_myl0_611
0.0,7157,2,3578.5,3578.5,2213,4944,1931.1,myelin-exec:__myl_SlicReshSlicNegSlicConcMulMulAddTran_myl0_2063
0.0,7157,2,3578.5,3578.5,3222,3935,504.2,myelin-exec:__myl_SlicReshTranSlicNegSlicConcMulMulAddCastMulCast_myl0_2699
0.0,7148,2,3574.0,3574.0,3213,3935,510.5,myelin-exec:__myl_AddCastMulMeanAddSqrtDivMulMulAddCastMulCast_myl0_2210
0.0,7139,2,3569.5,3569.5,2269,4870,1839.2,myelin-exec:__myl_AddCastMulMeanAddSqrtDivMulMulAddCastMulCast_myl0_1022
0.0,7139,2,3569.5,3569.5,1074,6065,3529.2,myelin-exec:__myl_SlicReshTranSlicNegSlicConcMulMulAddCastMulCast_myl0_2577
0.0,7139,2,3569.5,3569.5,1083,6056,3516.4,myelin-exec:__myl_Slic_myl0_1587
0.0,7138,2,3569.0,3569.0,3176,3962,555.8,myelin-exec:__myl_DivMulCastCastMulCastReshReshSlicSlic_myl0_1946
0.0,7130,2,3565.0,3565.0,1093,6037,3495.9,myelin-exec:__myl_AddCastMulMeanAddSqrtDivMulMulAddCastMulCast_myl0_2146
0.0,7130,2,3565.0,3565.0,1769,5361,2539.9,myelin-exec:__myl_AddMulCastReshTran_myl0_782
0.0,7130,2,3565.0,3565.0,2102,5028,2069.0,myelin-exec:__myl_DivMulCastCastMulCastReshReshSlicSlic_myl0_897
0.0,7129,2,3564.5,3564.5,2176,4953,1963.6,myelin-exec:__myl_AddCastMulMeanAddSqrtDivMulMulAddCastMulCast_myl0_2879
0.0,7129,2,3564.5,3564.5,1472,5657,2959.2,myelin-exec:__myl_CastMulCastResh_myl0_1055
0.0,7129,2,3564.5,3564.5,2361,4768,1702.0,myelin-exec:__myl_DivMulCastCastMulCastReshReshSlicSlic_myl0_3817
0.0,7121,2,3560.5,3560.5,2111,5010,2049.9,myelin-exec:__myl_SlicReshTranSlicNegSlicConcMulMulAddCastMulCast_myl0_2594
0.0,7121,2,3560.5,3560.5,2185,4936,1945.3,myelin-exec:__myl_SlicReshTranSlicNegSlicConcMulMulAddCastMulCast_myl0_824
0.0,7120,2,3560.0,3560.0,3213,3907,490.7,myelin-exec:__myl_DivMulCastCastMulCastReshReshSlicSlic_myl0_1620
0.0,7112,2,3556.0,3556.0,2167,4945,1964.3,myelin-exec:__myl_AddCastMulMeanAddSqrtDivMulMulAddCastMulCast_myl0_2937
0.0,7112,2,3556.0,3556.0,2139,4973,2003.9,myelin-exec:__myl_DivMulCastCastMulCastReshReshSlicSlic_myl0_3715
0.0,7111,2,3555.5,3555.5,1509,5602,2894.2,myelin-exec:__myl_TranResh_myl0_626
0.0,7110,2,3555.0,3555.0,1583,5527,2788.8,myelin-exec:__myl_MulCastAddMaxrSubExpSumDivMulCastCastMulCast_myl0_696
0.0,7102,2,3551.0,3551.0,1444,5658,2979.7,myelin-exec:__myl_MulCastAddMulCastAddConcMaxrSubExpSum_myl0_3578
0.0,7102,2,3551.0,3551.0,1555,5547,2822.8,myelin-exec:__myl_SlicReshSlicNegSlicConcMulMulAddTran_myl0_775
0.0,7102,2,3551.0,3551.0,2000,5102,2193.4,myelin-exec:__myl_SlicReshTranSlicNegSlicConcMulMulAddCastMulCast_myl0_1789
0.0,7101,2,3550.5,3550.5,2277,4824,1801.0,myelin-exec:__myl_AddMulCastReshTran_myl0_2089
0.0,7083,2,3541.5,3541.5,2435,4648,1564.8,myelin-exec:__myl_AddCastMulMeanAddSqrtDivMulMulAddCastMulCast_myl0_1511
0.0,7083,2,3541.5,3541.5,2074,5009,2075.4,myelin-exec:__myl_DivMulCastCastMulCastReshReshSlicSlic_myl0_1912
0.0,7074,2,3537.0,3537.0,2324,4750,1715.4,myelin-exec:__myl_AddCastMulMeanAddSqrtDivMulMulAddCastMulCast_myl0_2883
0.0,7074,2,3537.0,3537.0,1296,5778,3169.3,myelin-exec:__myl_AddMulCastReshTran_myl0_1315
0.0,7074,2,3537.0,3537.0,2139,4935,1977.1,myelin-exec:__myl_SlicReshTranSlicNegSlicConcMulMulAddCastMulCast_myl0_977
0.0,7074,2,3537.0,3537.0,1565,5509,2788.8,myelin-exec:__myl_TranResh_myl0_401
0.0,7065,2,3532.5,3532.5,1287,5778,3175.6,myelin-exec:__myl_AddMulCastReshTran_myl0_1607
0.0,7065,2,3532.5,3532.5,2204,4861,1878.8,myelin-exec:__myl_SlicReshTranSlicNegSlicConcMulMulAddCastMulCast_myl0_943
0.0,7056,2,3528.0,3528.0,2519,4537,1426.9,myelin-exec:__myl_SlicReplReshSeleMulCastAddMulCastAddConcMaxrSubExpSum_myl0_2308
0.0,7056,2,3528.0,3528.0,1574,5482,2763.4,myelin-exec:__myl_TranResh_myl0_676
0.0,7055,2,3527.5,3527.5,2611,4444,1296.1,myelin-exec:__myl_AddCastMulMeanAddSqrtDivMulMulAddCastMulCast_myl0_1372
0.0,7055,2,3527.5,3527.5,1139,5916,3377.8,myelin-exec:__myl_DivMulCastCastMulCastReshReshSlicSlic_myl0_2289
0.0,7055,2,3527.5,3527.5,2426,4629,1557.8,myelin-exec:__myl_MulCastAddMulCastAddConcMaxrSubExpSum_myl0_1106
0.0,7055,2,3527.5,3527.5,3148,3907,536.7,myelin-exec:__myl_MulCastAddMulCastAddConcMaxrSubExpSum_myl0_1191
0.0,7055,2,3527.5,3527.5,2185,4870,1898.6,myelin-exec:__myl_SlicSlicMulMulMulAddMulTanhAddMulMulMulMulCast_myl0_3465
0.0,7047,2,3523.5,3523.5,1352,5695,3071.0,myelin-exec:__myl_AddCastMeanSubMulMeanAddSqrtDivMulCastMulAddMulCast_myl0_89
0.0,7047,2,3523.5,3523.5,2093,4954,2023.0,myelin-exec:__myl_MulCastAddMulCastAddConcMaxrSubExpSum_myl0_3198
0.0,7046,2,3523.0,3523.0,2500,4546,1446.7,myelin-exec:__myl_AddMulCastReshTran_myl0_2911
0.0,7046,2,3523.0,3523.0,2333,4713,1682.9,myelin-exec:__myl_MulCastAddMulCastAddConcMaxrSubExpSum_myl0_1276
0.0,7037,2,3518.5,3518.5,2306,4731,1714.7,myelin-exec:__myl_AddMulCastReshTran_myl0_2123
0.0,7037,2,3518.5,3518.5,1685,5352,2593.0,myelin-exec:__myl_MulCastAddMaxrSubExpSumDivMulCastCastMulCast_myl0_671
0.0,7036,2,3518.0,3518.0,2194,4842,1872.4,myelin-exec:__myl_MulCastAddMulCastAddConcMaxrSubExpSum_myl0_2855
0.0,7028,2,3514.0,3514.0,1565,5463,2756.3,myelin-exec:__myl_SlicNegSlicConcMulMulAddCastMulCastTran_myl0_716
0.0,7028,2,3514.0,3514.0,1278,5750,3162.2,myelin-exec:__myl_SlicReshTranSlicNegSlicConcMulMulAddCastMulCast_myl0_3436
0.0,7027,2,3513.5,3513.5,2277,4750,1748.7,myelin-exec:__myl_AddMulCastReshTran_myl0_1403
0.0,7018,2,3509.0,3509.0,2287,4731,1728.2,myelin-exec:__myl_AddMulCastReshTran_myl0_1950
0.0,7018,2,3509.0,3509.0,2222,4796,1820.1,myelin-exec:__myl_MulCastAddMulCastAddConcMaxrSubExpSum_myl0_913
0.0,7010,2,3505.0,3505.0,2121,4889,1957.3,myelin-exec:__myl_AddCastMulMeanAddSqrtDivMulMulAddCastMulCast_myl0_3844
0.0,7010,2,3505.0,3505.0,1352,5658,3044.8,myelin-exec:__myl_AddMulCastReshTran_myl0_1037
0.0,7010,2,3505.0,3505.0,2195,4815,1852.6,myelin-exec:__myl_MulCastAddMulCastAddConcMaxrSubExpSum_myl0_828
0.0,7009,2,3504.5,3504.5,2565,4444,1328.7,myelin-exec:__myl_MulCastAddMulCastAddConcMaxrSubExpSum_myl0_3765
0.0,7000,2,3500.0,3500.0,1537,5463,2776.1,myelin-exec:__myl_MoveReplConcReshReshMove_myl0_703
0.0,6991,2,3495.5,3495.5,2398,4593,1552.1,myelin-exec:__myl_AddMulCastReshTran_myl0_1094
0.0,6991,2,3495.5,3495.5,2379,4612,1579.0,myelin-exec:__myl_MulCastAddMulCastAddConcMaxrSubExpSum_myl0_1449
0.0,6990,2,3495.0,3495.0,3222,3768,386.1,myelin-exec:__myl_DivMulCastCastMulCastReshReshSlicSlic_myl0_2394
0.0,6990,2,3495.0,3495.0,1759,5231,2455.1,myelin-exec:__myl_TranSlicNegSlicConcMulMulAddCastMulCast_myl0_444
0.0,6982,2,3491.0,3491.0,1139,5843,3326.2,myelin-exec:__myl_AddCastMulMeanAddSqrtDivMulMulAddCastMulCast_myl0_1718
0.0,6982,2,3491.0,3491.0,1982,5000,2134.0,myelin-exec:__myl_SlicReshSlicNegSlicConcMulMulAddTran_myl0_3143
0.0,6981,2,3490.5,3490.5,2222,4759,1793.9,myelin-exec:__myl_AddCastMulMeanAddSqrtDivMulMulAddCastMulCast_myl0_2370
0.0,6973,2,3486.5,3486.5,2037,4936,2049.9,myelin-exec:__myl_CastMulMeanAddSqrtDivMulMulAddCastMulCast_myl0_3230
0.0,6973,2,3486.5,3486.5,1454,5519,2874.4,myelin-exec:__myl_MoveReplConcReshReshMove_myl0_353
0.0,6972,2,3486.0,3486.0,2463,4509,1446.7,myelin-exec:__myl_AddCastMulMeanAddSqrtDivMulMulAddCastMulCast_myl0_2608
0.0,6972,2,3486.0,3486.0,1343,5629,3030.7,myelin-exec:__myl_MoveReplConcReshReshMove_myl0_731
0.0,6972,2,3486.0,3486.0,1176,5796,3266.8,myelin-exec:__myl_SlicReshSlicNegSlicConcMulMulAddTran_myl0_792
0.0,6963,2,3481.5,3481.5,2361,4602,1584.6,myelin-exec:__myl_MulCastAddMulCastAddConcMaxrSubExpSum_myl0_947
0.0,6963,2,3481.5,3481.5,1454,5509,2867.3,myelin-exec:__myl_SlicReshTranSlicNegSlicConcMulMulAddCastMulCast_myl0_1045
0.0,6954,2,3477.0,3477.0,2157,4797,1866.8,myelin-exec:__myl_AddMulCastReshTran_myl0_3617
0.0,6953,2,3476.5,3476.5,2296,4657,1669.5,myelin-exec:__myl_AddCastMulMeanAddSqrtDivMulMulAddCastMulCast_myl0_3589
0.0,6945,2,3472.5,3472.5,1454,5491,2854.6,myelin-exec:__myl_MoveReplConcReshReshMove_myl0_461
0.0,6944,2,3472.0,3472.0,2416,4528,1493.4,myelin-exec:__myl_AddCastMulMeanAddSqrtDivMulMulAddCastMulCast_myl0_903
0.0,6944,2,3472.0,3472.0,2185,4759,1820.1,myelin-exec:__myl_DivMulCastCastMulCastReshReshSlicSlic_myl0_846
0.0,6944,2,3472.0,3472.0,2176,4768,1832.8,myelin-exec:__myl_DivMulCastCastMulCastReshReshSlicSlic_myl0_965
0.0,6944,2,3472.0,3472.0,1518,5426,2763.4,myelin-exec:__myl_TranResh_myl0_451
0.0,6935,2,3467.5,3467.5,2287,4648,1669.5,myelin-exec:__myl_AddMulCastReshTran_myl0_2775
0.0,6935,2,3467.5,3467.5,2639,4296,1171.7,myelin-exec:__myl_SlicReshSlicNegSlicConcMulMulAddTran_myl0_2885
0.0,6934,2,3467.0,3467.0,2379,4555,1538.7,myelin-exec:__myl_AddMulCastReshTran_myl0_2174
0.0,6927,2,3463.5,3463.5,2223,4704,1754.3,myelin-exec:__myl_AddCastMulMeanAddSqrtDivMulMulAddCastMulCast_myl0_3222
0.0,6926,2,3463.0,3463.0,2037,4889,2016.7,myelin-exec:__myl_AddCastMulMeanAddSqrtDivMulMulAddCastMulCast_myl0_2849
0.0,6926,2,3463.0,3463.0,2203,4723,1781.9,myelin-exec:__myl_AddMulCastReshTran_myl0_2877
0.0,6926,2,3463.0,3463.0,2000,4926,2069.0,myelin-exec:__myl_SlicReshSlicNegSlicConcMulMulAddTran_myl0_2406
0.0,6917,2,3458.5,3458.5,1750,5167,2416.2,myelin-exec:__myl_MulCastAddMaxrSubExpSumDivMulCastCastMulCast_myl0_546
0.0,6917,2,3458.5,3458.5,1695,5222,2494.0,myelin-exec:__myl_SlicNegSlicConcMulMulAddCastMulCastTran_myl0_591
0.0,6916,2,3458.0,3458.0,2009,4907,2049.2,myelin-exec:__myl_AddCastMulMeanAddSqrtDivMulMulAddCastMulCast_myl0_2713
0.0,6908,2,3454.0,3454.0,1473,5435,2801.6,myelin-exec:__myl_MulCastAddMaxrSubExpSumDivMulCastCastMulCast_myl0_446
0.0,6908,2,3454.0,3454.0,2565,4343,1257.2,myelin-exec:__myl_MulCastAddMulCastAddConcMaxrSubExpSum_myl0_3595
0.0,6907,2,3453.5,3453.5,1518,5389,2737.2,myelin-exec:__myl_MulCastAddMulCastAddConcMaxrSubExpSum_myl0_3748
0.0,6899,2,3449.5,3449.5,2019,4880,2023.0,myelin-exec:__myl_AddCastMulMeanAddSqrtDivMulMulAddCastMulCast_myl0_1405
0.0,6898,2,3449.0,3449.0,1453,5445,2822.8,myelin-exec:__myl_AddCastMulMeanAddSqrtDivMulMulAddCastMulCast_myl0_3606
0.0,6890,2,3445.0,3445.0,3084,3806,510.5,myelin-exec:__myl_SlicReshTranSlicNegSlicConcMulMulAddCastMulCast_myl0_2390
0.0,6889,2,3444.5,3444.5,2241,4648,1702.0,myelin-exec:__myl_AddMulCastReshTran_myl0_2809
0.0,6881,2,3440.5,3440.5,2019,4862,2010.3,myelin-exec:__myl_AddCastMulMeanAddSqrtDivMulMulAddCastMulCast_myl0_3001
0.0,6880,2,3440.0,3440.0,2157,4723,1814.4,myelin-exec:__myl_AddMulCastReshTran_myl0_3495
0.0,6880,2,3440.0,3440.0,2084,4796,1917.7,myelin-exec:__myl_DivMulCastCastMulCastReshReshSlicSlic_myl0_3236
0.0,6879,2,3439.5,3439.5,1426,5453,2847.5,myelin-exec:__myl_MoveReplConcReshReshMove_myl0_667
0.0,6870,2,3435.0,3435.0,2352,4518,1531.6,myelin-exec:__myl_AddCastMulMeanAddSqrtDivMulMulAddCastMulCast_myl0_852
0.0,6870,2,3435.0,3435.0,2000,4870,2029.4,myelin-exec:__myl_DivMulCastCastMulCastReshReshSlicSlic_myl0_1980
0.0,6869,2,3434.5,3434.5,2231,4638,1702.0,myelin-exec:__myl_AddMulCastReshTran_myl0_1179
0.0,6862,2,3431.0,3431.0,1787,5075,2325.0,myelin-exec:__myl_MulCastAddMulCastAddConcMaxrSubExpSum_myl0_3646
0.0,6861,2,3430.5,3430.5,2861,4000,805.4,myelin-exec:__myl_MulCastAddMulCastAddConcMaxrSubExpSum_myl0_2376
0.0,6861,2,3430.5,3430.5,2176,4685,1774.1,myelin-exec:__myl_SlicSlicMulMulMulAddMulTanhAddMulMulMulMulCast_myl0_820
0.0,6861,2,3430.5,3430.5,1537,5324,2677.8,myelin-exec:__myl_TranResh_myl0_651
0.0,6852,2,3426.0,3426.0,2139,4713,1820.1,myelin-exec:__myl_AddCastMulMeanAddSqrtDivMulMulAddCastMulCast_myl0_941
0.0,6852,2,3426.0,3426.0,2269,4583,1636.2,myelin-exec:__myl_MulCastAddMulCastAddConcMaxrSubExpSum_myl0_862
0.0,6852,2,3426.0,3426.0,2241,4611,1675.8,myelin-exec:__myl_SlicReshSlicNegSlicConcMulMulAddTran_myl0_1102
0.0,6852,2,3426.0,3426.0,2389,4463,1466.5,myelin-exec:__myl_SlicReshSlicNegSlicConcMulMulAddTran_myl0_3557
0.0,6852,2,3426.0,3426.0,2065,4787,1924.7,myelin-exec:__myl_SlicReshTranSlicNegSlicConcMulMulAddCastMulCast_myl0_1086
0.0,6851,2,3425.5,3425.5,1500,5351,2723.1,myelin-exec:__myl_CastMulCastResh_myl0_649
0.0,6851,2,3425.5,3425.5,1898,4953,2160.2,myelin-exec:__myl_TranSlicNegSlicConcMulMulAddCastMulCast_myl0_419
0.0,6844,2,3422.0,3422.0,2010,4834,1996.9,myelin-exec:__myl_SlicSlicMulMulMulAddMulTanhAddMulMulMulMulCast_myl0_3842
0.0,6842,2,3421.0,3421.0,1574,5268,2612.1,myelin-exec:__myl_TranSlicNegSlicConcMulMulAddCastMulCast_myl0_569
0.0,6833,2,3416.5,3416.5,2277,4556,1611.5,myelin-exec:__myl_AddCastMulMeanAddSqrtDivMulMulAddCastMulCast_myl0_2451
0.0,6824,2,3412.0,3412.0,2111,4713,1839.9,myelin-exec:__myl_AddCastMulMeanAddSqrtDivMulMulAddCastMulCast_myl0_1304
0.0,6824,2,3412.0,3412.0,2000,4824,1996.9,myelin-exec:__myl_AddCastMulMeanAddSqrtDivMulMulAddCastMulCast_myl0_2176
0.0,6824,2,3412.0,3412.0,2278,4546,1603.7,myelin-exec:__myl_AddMulCastReshTran_myl0_2364
0.0,6824,2,3412.0,3412.0,2167,4657,1760.7,myelin-exec:__myl_DivMulCastCastMulCastReshReshSlicSlic_myl0_3613
0.0,6824,2,3412.0,3412.0,1648,5176,2494.7,myelin-exec:__myl_SlicNegSlicConcMulMulAddCastMulCastTran_myl0_416
0.0,6824,2,3412.0,3412.0,1158,5666,3187.6,myelin-exec:__myl_SlicReshTranSlicNegSlicConcMulMulAddCastMulCast_myl0_2543
0.0,6816,2,3408.0,3408.0,1982,4834,2016.7,myelin-exec:__myl_SlicReshSlicNegSlicConcMulMulAddTran_myl0_3075
0.0,6815,2,3407.5,3407.5,1213,5602,3103.5,myelin-exec:__myl_AddCastMulMeanAddSqrtDivMulMulAddCastMulCast_myl0_3433
0.0,6815,2,3407.5,3407.5,1222,5593,3090.8,myelin-exec:__myl_AddMulCastReshTran_myl0_2313
0.0,6815,2,3407.5,3407.5,2046,4769,1925.5,myelin-exec:__myl_AddMulCastReshTran_myl0_2449
0.0,6815,2,3407.5,3407.5,1037,5778,3352.4,myelin-exec:__myl_Slic_myl0_3716
0.0,6806,2,3403.0,3403.0,2213,4593,1682.9,myelin-exec:__myl_AddMulCastReshTran_myl0_1128
0.0,6806,2,3403.0,3403.0,2454,4352,1342.1,myelin-exec:__myl_AddMulCastReshTran_myl0_2517
0.0,6806,2,3403.0,3403.0,1074,5732,3293.7,myelin-exec:__myl_SlicReshTranSlicNegSlicConcMulMulAddCastMulCast_myl0_3385
0.0,6806,2,3403.0,3403.0,861,5945,3594.9,myelin-exec:__myl_Slic_myl0_1760
0.0,6805,2,3402.5,3402.5,2157,4648,1761.4,myelin-exec:__myl_SlicSlicMulMulMulAddMulTanhAddMulMulMulMulCast_myl0_2915
0.0,6797,2,3398.5,3398.5,1380,5417,2854.6,myelin-exec:__myl_AddCastMeanSubMulMeanAddSqrtDivMulCastMulAddMulCast_myl0_298
0.0,6797,2,3398.5,3398.5,2371,4426,1453.1,myelin-exec:__myl_DivMulCastCastMulCastReshReshSlicSlic_myl0_3579
0.0,6796,2,3398.0,3398.0,2166,4630,1742.3,myelin-exec:__myl_AddMulCastReshTran_myl0_2568
0.0,6787,2,3393.5,3393.5,2315,4472,1525.2,myelin-exec:__myl_MulCastAddMulCastAddConcMaxrSubExpSum_myl0_2685
0.0,6787,2,3393.5,3393.5,2157,4630,1748.7,myelin-exec:__myl_SlicReshSlicNegSlicConcMulMulAddTran_myl0_1272
0.0,6787,2,3393.5,3393.5,2259,4528,1604.4,myelin-exec:__myl_SlicReshSlicNegSlicConcMulMulAddTran_myl0_3761
0.0,6787,2,3393.5,3393.5,2333,4454,1499.8,myelin-exec:__myl_SlicReshTranSlicNegSlicConcMulMulAddCastMulCast_myl0_1463
0.0,6786,2,3393.0,3393.0,1490,5296,2691.2,myelin-exec:__myl_DivMulCastCastMulCastReshReshSlicSlic_myl0_3834
0.0,6786,2,3393.0,3393.0,2055,4731,1892.2,myelin-exec:__myl_SlicSlicMulMulMulAddMulTanhAddMulMulMulMulCast_myl0_2178
0.0,6778,2,3389.0,3389.0,2334,4444,1492.0,myelin-exec:__myl_AddMulCastReshTran_myl0_2602
0.0,6778,2,3389.0,3389.0,1648,5130,2462.1,myelin-exec:__myl_AddMulCastReshTran_myl0_867
0.0,6778,2,3389.0,3389.0,2278,4500,1571.2,myelin-exec:__myl_SlicReshSlicNegSlicConcMulMulAddTran_myl0_1513
0.0,6778,2,3389.0,3389.0,2389,4389,1414.2,myelin-exec:__myl_SlicSlicMulMulMulAddMulTanhAddMulMulMulMulCast_myl0_1509
0.0,6777,2,3388.5,3388.5,2111,4666,1806.7,myelin-exec:__myl_AddCastMulMeanAddSqrtDivMulMulAddCastMulCast_myl0_3073
0.0,6777,2,3388.5,3388.5,2194,4583,1689.3,myelin-exec:__myl_SlicReshSlicNegSlicConcMulMulAddTran_myl0_3829
0.0,6769,2,3384.5,3384.5,1204,5565,3083.7,myelin-exec:__myl_AddCastMulMeanAddSqrtDivMulMulAddCastMulCast_myl0_2353
0.0,6769,2,3384.5,3384.5,1574,5195,2560.4,myelin-exec:__myl_AddMulCastReshTran_myl0_1057
0.0,6768,2,3384.0,3384.0,1259,5509,3005.2,myelin-exec:__myl_AddMulCastReshTran_myl0_3359
0.0,6760,2,3380.0,3380.0,2037,4723,1899.3,myelin-exec:__myl_DivMulCastCastMulCastReshReshSlicSlic_myl0_2652
0.0,6759,2,3379.5,3379.5,1342,5417,2881.5,myelin-exec:__myl_AddCastMulMeanAddSqrtDivMulMulAddCastMulCast_myl0_1059
0.0,6758,2,3379.0,3379.0,2018,4740,1924.7,myelin-exec:__myl_SlicReshTranSlicNegSlicConcMulMulAddCastMulCast_myl0_1290
0.0,6742,2,3371.0,3371.0,2334,4408,1466.5,myelin-exec:__myl_AddMulCastReshTran_myl0_3135
0.0,6741,2,3370.5,3370.5,2176,4565,1689.3,myelin-exec:__myl_AddCastMulMeanAddSqrtDivMulMulAddCastMulCast_myl0_2129
0.0,6740,2,3370.0,3370.0,1611,5129,2487.6,myelin-exec:__myl_AddMulCastReshTran_myl0_1454
0.0,6740,2,3370.0,3370.0,1120,5620,3182.0,myelin-exec:__myl_SlicReshTranSlicNegSlicConcMulMulAddCastMulCast_myl0_3317
0.0,6740,2,3370.0,3370.0,1416,5324,2763.4,myelin-exec:__myl_SlicSlicMulMulMulAddMulTanhAddMulMulMulMulCast_myl0_3740
0.0,6731,2,3365.5,3365.5,1240,5491,3005.9,myelin-exec:__myl_SlicReshSlicNegSlicConcMulMulAddTran_myl0_1047
0.0,6731,2,3365.5,3365.5,2185,4546,1669.5,myelin-exec:__myl_SlicSlicMulMulMulAddMulTanhAddMulMulMulMulCast_myl0_2677
0.0,6731,2,3365.5,3365.5,1972,4759,1970.7,myelin-exec:__myl_Slic_myl0_966
0.0,6723,2,3361.5,3361.5,1352,5371,2841.9,myelin-exec:__myl_AddCastMulMeanAddSqrtDivMulMulAddCastMulCast_myl0_805
0.0,6723,2,3361.5,3361.5,1454,5269,2697.6,myelin-exec:__myl_MulCastAddMulCastAddConcMaxrSubExpSum_myl0_1466
0.0,6722,2,3361.0,3361.0,2083,4639,1807.4,myelin-exec:__myl_AddCastMulMeanAddSqrtDivMulMulAddCastMulCast_myl0_1803
0.0,6722,2,3361.0,3361.0,2084,4638,1806.0,myelin-exec:__myl_AddCastMulMeanAddSqrtDivMulMulAddCastMulCast_myl0_937
0.0,6722,2,3361.0,3361.0,2000,4722,1924.7,myelin-exec:__myl_Slic_myl0_2789
0.0,6721,2,3360.5,3360.5,1805,4916,2199.8,myelin-exec:__myl_SlicReplReshSeleMulCastAddMulCastAddConcMaxrSubExpSum_myl0_2617
0.0,6713,2,3356.5,3356.5,1380,5333,2795.2,myelin-exec:__myl_AddMulCastReshTran_myl0_3016
0.0,6704,2,3352.0,3352.0,1537,5167,2566.8,myelin-exec:__myl_AddMulCastReshTran_myl0_1003
0.0,6704,2,3352.0,3352.0,2093,4611,1780.5,myelin-exec:__myl_MulCastAddMulCastAddConcMaxrSubExpSum_myl0_3473
0.0,6704,2,3352.0,3352.0,2463,4241,1257.2,myelin-exec:__myl_MulCastAddMulCastAddConcMaxrSubExpSum_myl0_3629
0.0,6704,2,3352.0,3352.0,2287,4417,1506.1,myelin-exec:__myl_Slic_myl0_3835
0.0,6703,2,3351.5,3351.5,1592,5111,2488.3,myelin-exec:__myl_AddMulCastReshTran_myl0_884
0.0,6703,2,3351.5,3351.5,2083,4620,1793.9,myelin-exec:__myl_SlicReshSlicNegSlicConcMulMulAddTran_myl0_2338
0.0,6703,2,3351.5,3351.5,2000,4703,1911.3,myelin-exec:__myl_SlicReshSlicNegSlicConcMulMulAddTran_myl0_3727
0.0,6703,2,3351.5,3351.5,2379,4324,1375.3,myelin-exec:__myl_SlicSlicMulMulMulAddMulTanhAddMulMulMulMulCast_myl0_1024
0.0,6695,2,3347.5,3347.5,2158,4537,1682.2,myelin-exec:__myl_SlicReshSlicNegSlicConcMulMulAddTran_myl0_2457
0.0,6694,2,3347.0,3347.0,2352,4342,1407.1,myelin-exec:__myl_MulCastAddMulCastAddConcMaxrSubExpSum_myl0_3354
0.0,6694,2,3347.0,3347.0,1352,5342,2821.4,myelin-exec:__myl_SlicSlicMulMulMulAddMulTanhAddMulMulMulMulCast_myl0_1007
0.0,6685,2,3342.5,3342.5,2074,4611,1793.9,myelin-exec:__myl_MulCastAddMulCastAddConcMaxrSubExpSum_myl0_2787
0.0,6685,2,3342.5,3342.5,2287,4398,1492.7,myelin-exec:__myl_SlicSlicMulMulMulAddMulTanhAddMulMulMulMulCast_myl0_1098
0.0,6677,2,3338.5,3338.5,1121,5556,3136.0,myelin-exec:__myl_AddCastMulMeanAddSqrtDivMulMulAddCastMulCast_myl0_1660
0.0,6676,2,3338.0,3338.0,2362,4314,1380.3,myelin-exec:__myl_AddMulCastReshTran_myl0_1247
0.0,6676,2,3338.0,3338.0,2259,4417,1525.9,myelin-exec:__myl_SlicSlicMulMulMulAddMulTanhAddMulMulMulMulCast_myl0_3621
0.0,6675,2,3337.5,3337.5,2027,4648,1853.3,myelin-exec:__myl_AddCastMulMeanAddSqrtDivMulMulAddCastMulCast_myl0_3039
0.0,6675,2,3337.5,3337.5,2194,4481,1617.2,myelin-exec:__myl_AddCastMulMeanAddSqrtDivMulMulAddCastMulCast_myl0_3107
0.0,6667,2,3333.5,3333.5,2408,4259,1308.9,myelin-exec:__myl_AddCastMulMeanAddSqrtDivMulMulAddCastMulCast_myl0_3789
0.0,6667,2,3333.5,3333.5,2306,4361,1453.1,myelin-exec:__myl_AddMulCastReshTran_myl0_1695
0.0,6667,2,3333.5,3333.5,2565,4102,1086.8,myelin-exec:__myl_AddMulCastReshTran_myl0_3753
0.0,6666,2,3333.0,3333.0,1259,5407,2933.1,myelin-exec:__myl_AddCastMulMeanAddSqrtDivMulMulAddCastMulCast_myl0_771
0.0,6666,2,3333.0,3333.0,1453,5213,2658.7,myelin-exec:__myl_MoveReplConcReshReshMove_myl0_622
0.0,6666,2,3333.0,3333.0,2463,4203,1230.4,myelin-exec:__myl_SlicSlicMulMulMulAddMulTanhAddMulMulMulMulCast_myl0_3587
0.0,6658,2,3329.0,3329.0,1991,4667,1892.2,myelin-exec:__myl_Slic_myl0_2256
0.0,6657,2,3328.5,3328.5,2139,4518,1682.2,myelin-exec:__myl_AddMulCastReshTran_myl0_2483
0.0,6657,2,3328.5,3328.5,1046,5611,3227.9,myelin-exec:__myl_Slic_myl0_1726
0.0,6649,2,3324.5,3324.5,2130,4519,1689.3,myelin-exec:__myl_DivMulCastCastMulCastReshReshSlicSlic_myl0_3647
0.0,6648,2,3324.0,3324.0,1444,5204,2658.7,myelin-exec:__myl_AddMulCastReshTran_myl0_1111
0.0,6648,2,3324.0,3324.0,2222,4426,1558.5,myelin-exec:__myl_MulCastAddMulCastAddConcMaxrSubExpSum_myl0_981
0.0,6639,2,3319.5,3319.5,2315,4324,1420.6,myelin-exec:__myl_DivMulCastCastMulCastReshReshSlicSlic_myl0_1501
0.0,6639,2,3319.5,3319.5,1500,5139,2573.2,myelin-exec:__myl_MulCastAddMulCastAddConcMaxrSubExpSum_myl0_3714
0.0,6639,2,3319.5,3319.5,2593,4046,1027.4,myelin-exec:__myl_SlicSlicMulMulMulAddMulTanhAddMulMulMulMulCast_myl0_3037
0.0,6630,2,3315.0,3315.0,1546,5084,2501.7,myelin-exec:__myl_AddCastMulMeanAddSqrtDivMulMulAddCastMulCast_myl0_835
0.0,6630,2,3315.0,3315.0,2204,4426,1571.2,myelin-exec:__myl_AddMulCastReshTran_myl0_1471
0.0,6630,2,3315.0,3315.0,1509,5121,2554.1,myelin-exec:__myl_CastMulCastResh_myl0_549
0.0,6630,2,3315.0,3315.0,2223,4407,1544.3,myelin-exec:__myl_SlicSlicMulMulMulAddMulTanhAddMulMulMulMulCast_myl0_3689
0.0,6629,2,3314.5,3314.5,2185,4444,1597.4,myelin-exec:__myl_SlicSlicMulMulMulAddMulTanhAddMulMulMulMulCast_myl0_905
0.0,6621,2,3310.5,3310.5,2371,4250,1328.7,myelin-exec:__myl_MulAddMulCast_myl0_3537
0.0,6621,2,3310.5,3310.5,1195,5426,2991.8,myelin-exec:__myl_SlicReshTranSlicNegSlicConcMulMulAddCastMulCast_myl0_3762
0.0,6620,2,3310.0,3310.0,1370,5250,2743.6,myelin-exec:__myl_AddCastMeanSubMulMeanAddSqrtDivMulCastMulAddMulCast_myl0_144
0.0,6620,2,3310.0,3310.0,1620,5000,2390.0,myelin-exec:__myl_AddCastMeanSubMulMeanAddSqrtDivMulCastMulAddMulCast_myl0_276
0.0,6620,2,3310.0,3310.0,2092,4528,1722.5,myelin-exec:__myl_AddCastMulMeanAddSqrtDivMulMulAddCastMulCast_myl0_2743
0.0,6620,2,3310.0,3310.0,1981,4639,1879.5,myelin-exec:__myl_DivMulCastCastMulCastReshReshSlicSlic_myl0_2873
0.0,6620,2,3310.0,3310.0,2287,4333,1446.7,myelin-exec:__myl_DivMulCastCastMulCastReshReshSlicSlic_myl0_3749
0.0,6612,2,3306.0,3306.0,2232,4380,1518.9,myelin-exec:__myl_MulCastAddMulCastAddConcMaxrSubExpSum_myl0_1157
0.0,6612,2,3306.0,3306.0,2121,4491,1675.8,myelin-exec:__myl_SlicReshTranSlicNegSlicConcMulMulAddCastMulCast_myl0_909
0.0,6611,2,3305.5,3305.5,2176,4435,1597.4,myelin-exec:__myl_AddCastMulMeanAddSqrtDivMulMulAddCastMulCast_myl0_1026
0.0,6611,2,3305.5,3305.5,2148,4463,1637.0,myelin-exec:__myl_AddCastMulMeanAddSqrtDivMulMulAddCastMulCast_myl0_3555
0.0,6611,2,3305.5,3305.5,2009,4602,1833.5,myelin-exec:__myl_SlicSlicMulMulMulAddMulTanhAddMulMulMulMulCast_myl0_1954
0.0,6610,2,3305.0,3305.0,2101,4509,1702.7,myelin-exec:__myl_AddMulCastReshTran_myl0_3186
0.0,6610,2,3305.0,3305.0,1388,5222,2711.0,myelin-exec:__myl_MoveReplConcReshReshMove_myl0_503
0.0,6602,2,3301.0,3301.0,2166,4436,1605.1,myelin-exec:__myl_AddMulCastReshTran_myl0_3549
0.0,6602,2,3301.0,3301.0,1639,4963,2350.4,myelin-exec:__myl_MoveReplConcReshReshMove_myl0_511
0.0,6602,2,3301.0,3301.0,1111,5491,3097.1,myelin-exec:__myl_SlicSlicMulMulMulAddMulTanhAddMulMulMulMulCast_myl0_3604
0.0,6602,2,3301.0,3301.0,1695,4907,2271.2,myelin-exec:__myl_TranSlicNegSlicConcMulMulAddCastMulCast_myl0_644
0.0,6601,2,3300.5,3300.5,1583,5018,2428.9,myelin-exec:__myl_AddCastMeanSubMulMeanAddSqrtDivMulCastMulAddMulCast_myl0_45
0.0,6593,2,3296.5,3296.5,2241,4352,1492.7,myelin-exec:__myl_AddCastMulMeanAddSqrtDivMulMulAddCastMulCast_myl0_856
0.0,6593,2,3296.5,3296.5,2371,4222,1308.9,myelin-exec:__myl_AddMulCastReshTran_myl0_1366
0.0,6593,2,3296.5,3296.5,2111,4482,1676.6,myelin-exec:__myl_DivMulCastCastMulCastReshReshSlicSlic_myl0_1827
0.0,6593,2,3296.5,3296.5,2093,4500,1702.0,myelin-exec:__myl_MulCastAddMulCastAddConcMaxrSubExpSum_myl0_1310
0.0,6593,2,3296.5,3296.5,1926,4667,1938.2,myelin-exec:__myl_SlicSlicMulMulMulAddMulTanhAddMulMulMulMulCast_myl0_3723
0.0,6584,2,3292.0,3292.0,2038,4546,1773.4,myelin-exec:__myl_AddCastMulMeanAddSqrtDivMulMulAddCastMulCast_myl0_2421
0.0,6584,2,3292.0,3292.0,2112,4472,1668.8,myelin-exec:__myl_AddCastMulMeanAddSqrtDivMulMulAddCastMulCast_myl0_3242
0.0,6584,2,3292.0,3292.0,1565,5019,2442.3,myelin-exec:__myl_TranSlicNegSlicConcMulMulAddCastMulCast_myl0_469
0.0,6583,2,3291.5,3291.5,2222,4361,1512.5,myelin-exec:__myl_AddCastMulMeanAddSqrtDivMulMulAddCastMulCast_myl0_3344
0.0,6583,2,3291.5,3291.5,1852,4731,2035.8,myelin-exec:__myl_MoveReplConcReshReshMove_myl0_436
0.0,6575,2,3287.5,3287.5,2371,4204,1296.1,myelin-exec:__myl_AddCastMulMeanAddSqrtDivMulMulAddCastMulCast_myl0_2917
0.0,6575,2,3287.5,3287.5,1426,5149,2632.6,myelin-exec:__myl_AddCastMulMeanAddSqrtDivMulMulAddCastMulCast_myl0_886
0.0,6575,2,3287.5,3287.5,2278,4297,1427.6,myelin-exec:__myl_SlicReshSlicNegSlicConcMulMulAddTran_myl0_1479
0.0,6575,2,3287.5,3287.5,2269,4306,1440.4,myelin-exec:__myl_Slic_myl0_3631
0.0,6574,2,3287.0,3287.0,1444,5130,2606.4,myelin-exec:__myl_AddCastMulMeanAddSqrtDivMulMulAddCastMulCast_myl0_3691
0.0,6574,2,3287.0,3287.0,1611,4963,2370.2,myelin-exec:__myl_MulCastAddMaxrSubExpSumDivMulCastCastMulCast_myl0_371
0.0,6574,2,3287.0,3287.0,1093,5481,3102.8,myelin-exec:__myl_SlicReshTranSlicNegSlicConcMulMulAddCastMulCast_myl0_2064
0.0,6574,2,3287.0,3287.0,1907,4667,1951.6,myelin-exec:__myl_Slic_myl0_1034
0.0,6574,2,3287.0,3287.0,2750,3824,759.4,myelin-exec:__myl_Slic_myl0_2636
0.0,6566,2,3283.0,3283.0,2241,4325,1473.6,myelin-exec:__myl_SlicSlicMulMulMulAddMulTanhAddMulMulMulMulCast_myl0_3757
0.0,6565,2,3282.5,3282.5,1213,5352,2926.7,myelin-exec:__myl_DivMulCastCastMulCastReshReshSlicSlic_myl0_778
0.0,6564,2,3282.0,3282.0,2166,4398,1578.3,myelin-exec:__myl_SlicReshSlicNegSlicConcMulMulAddTran_myl0_1030
0.0,6557,2,3278.5,3278.5,1547,5010,2448.7,myelin-exec:__myl_AddCastMeanSubMulMeanAddSqrtDivMulCastMulAddMulCast_myl0_191
0.0,6556,2,3278.0,3278.0,1963,4593,1859.7,myelin-exec:__myl_AddCastMulMeanAddSqrtDivMulMulAddCastMulCast_myl0_3416
0.0,6556,2,3278.0,3278.0,2167,4389,1571.2,myelin-exec:__myl_AddMulCastReshTran_myl0_3787
0.0,6556,2,3278.0,3278.0,1574,4982,2409.8,myelin-exec:__myl_MoveReplConcReshReshMove_myl0_686
0.0,6556,2,3278.0,3278.0,2204,4352,1518.9,myelin-exec:__myl_MulCastAddMulCastAddConcMaxrSubExpSum_myl0_1962
0.0,6556,2,3278.0,3278.0,2056,4500,1728.2,myelin-exec:__myl_Slic_myl0_3733
0.0,6555,2,3277.5,3277.5,2157,4398,1584.6,myelin-exec:__myl_SlicReshTranSlicNegSlicConcMulMulAddCastMulCast_myl0_1120
0.0,6555,2,3277.5,3277.5,2129,4426,1624.2,myelin-exec:__myl_SlicReshTranSlicNegSlicConcMulMulAddCastMulCast_myl0_3025
0.0,6547,2,3273.5,3273.5,2037,4510,1748.7,myelin-exec:__myl_AddCastMulMeanAddSqrtDivMulMulAddCastMulCast_myl0_3759
0.0,6547,2,3273.5,3273.5,1658,4889,2284.7,myelin-exec:__myl_MulCastAddMaxrSubExpSumDivMulCastCastMulCast_myl0_496
0.0,6547,2,3273.5,3273.5,2056,4491,1721.8,myelin-exec:__myl_MulCastAddMulCastAddConcMaxrSubExpSum_myl0_2254
0.0,6546,2,3273.0,3273.0,2213,4333,1499.1,myelin-exec:__myl_AddMulCastReshTran_myl0_3410
0.0,6546,2,3273.0,3273.0,2194,4352,1525.9,myelin-exec:__myl_MulAddMulCast_myl0_2919
0.0,6546,2,3273.0,3273.0,1139,5407,3017.9,myelin-exec:__myl_MulCastAddMulCastAddConcMaxrSubExpSum_myl0_1585
0.0,6546,2,3273.0,3273.0,2185,4361,1538.7,myelin-exec:__myl_MulCastAddMulCastAddConcMaxrSubExpSum_myl0_3507
0.0,6546,2,3273.0,3273.0,2055,4491,1722.5,myelin-exec:__myl_SlicSlicMulMulMulAddMulTanhAddMulMulMulMulCast_myl0_2368
0.0,6546,2,3273.0,3273.0,1565,4981,2415.5,myelin-exec:__myl_TranResh_myl0_576
0.0,6545,2,3272.5,3272.5,1592,4953,2376.6,myelin-exec:__myl_AddCastMeanSubMulMeanAddSqrtDivMulCastMulAddMulCast_myl0_243
0.0,6538,2,3269.0,3269.0,1954,4584,1859.7,myelin-exec:__myl_SlicReshTranSlicNegSlicConcMulMulAddCastMulCast_myl0_3266
0.0,6537,2,3268.5,3268.5,1241,5296,2867.3,myelin-exec:__myl_AddMulCastReshTran_myl0_3152
0.0,6537,2,3268.5,3268.5,2222,4315,1480.0,myelin-exec:__myl_AddMulCastReshTran_myl0_3342
0.0,6537,2,3268.5,3268.5,1009,5528,3195.4,myelin-exec:__myl_DivMulCastCastMulCastReshReshSlicSlic_myl0_2255
0.0,6537,2,3268.5,3268.5,2037,4500,1741.6,myelin-exec:__myl_MulCastAddMulCastAddConcMaxrSubExpSum_myl0_3388
0.0,6537,2,3268.5,3268.5,2269,4268,1413.5,myelin-exec:__myl_SlicSlicMulMulMulAddMulTanhAddMulMulMulMulCast_myl0_1302
0.0,6537,2,3268.5,3268.5,2120,4417,1624.2,myelin-exec:__myl_Slic_myl0_2891
0.0,6537,2,3268.5,3268.5,1602,4935,2356.8,myelin-exec:__myl_TranSlicNegSlicConcMulMulAddCastMulCast_myl0_544
0.0,6529,2,3264.5,3264.5,2010,4519,1774.1,myelin-exec:__myl_DivMulCastCastMulCastReshReshSlicSlic_myl0_931
0.0,6528,2,3264.0,3264.0,2056,4472,1708.4,myelin-exec:__myl_DivMulCastCastMulCastReshReshSlicSlic_myl0_2737
0.0,6528,2,3264.0,3264.0,1611,4917,2337.7,myelin-exec:__myl_MoveReplConcReshReshMove_myl0_483
0.0,6527,2,3263.5,3263.5,1370,5157,2677.8,myelin-exec:__myl_AddCastMulMeanAddSqrtDivMulMulAddCastMulCast_myl0_784
0.0,6519,2,3259.5,3259.5,1176,5343,2946.5,myelin-exec:__myl_AddCastMulMeanAddSqrtDivMulMulAddCastMulCast_myl0_3090
0.0,6519,2,3259.5,3259.5,2250,4269,1427.6,myelin-exec:__myl_AddMulCastReshTran_myl0_3274
0.0,6518,2,3259.0,3259.0,1574,4944,2382.9,myelin-exec:__myl_MoveReplConcReshReshMove_myl0_342
0.0,6518,2,3259.0,3259.0,1185,5333,2933.1,myelin-exec:__myl_SlicSlicMulMulMulAddMulTanhAddMulMulMulMulCast_myl0_2385
0.0,6510,2,3255.0,3255.0,1991,4519,1787.6,myelin-exec:__myl_DivMulCastCastMulCastReshReshSlicSlic_myl0_2272
0.0,6510,2,3255.0,3255.0,1621,4889,2310.8,myelin-exec:__myl_MoveReplConcReshReshMove_myl0_464
0.0,6510,2,3255.0,3255.0,2241,4269,1434.0,myelin-exec:__myl_SlicReshSlicNegSlicConcMulMulAddTran_myl0_2973
0.0,6501,2,3250.5,3250.5,1343,5158,2697.6,myelin-exec:__myl_AddMulCastReshTran_myl0_3668
0.0,6500,2,3250.0,3250.0,1287,5213,2776.1,myelin-exec:__myl_AddCastMeanSubMulMeanAddSqrtDivMulCastMulAddMulCast_myl0_257
0.0,6500,2,3250.0,3250.0,2426,4074,1165.3,myelin-exec:__myl_AddMulCastReshTran_myl0_1984
0.0,6500,2,3250.0,3250.0,2037,4463,1715.4,myelin-exec:__myl_SlicReshTranSlicNegSlicConcMulMulAddCastMulCast_myl0_2322
0.0,6500,2,3250.0,3250.0,1093,5407,3050.5,myelin-exec:__myl_SlicReshTranSlicNegSlicConcMulMulAddCastMulCast_myl0_3110
0.0,6500,2,3250.0,3250.0,2009,4491,1755.0,myelin-exec:__myl_SlicSlicMulMulMulAddMulTanhAddMulMulMulMulCast_myl0_2935
0.0,6500,2,3250.0,3250.0,1398,5102,2619.1,myelin-exec:__myl_SlicSlicMulMulMulAddMulTanhAddMulMulMulMulCast_myl0_786
0.0,6491,2,3245.5,3245.5,1287,5204,2769.7,myelin-exec:__myl_AddCastMulMeanAddSqrtDivMulMulAddCastMulCast_myl0_3742
0.0,6491,2,3245.5,3245.5,2167,4324,1525.2,myelin-exec:__myl_AddMulCastReshTran_myl0_3101
0.0,6491,2,3245.5,3245.5,1574,4917,2363.9,myelin-exec:__myl_MoveReplConcReshReshMove_myl0_636
0.0,6491,2,3245.5,3245.5,2047,4444,1694.9,myelin-exec:__myl_SlicReshSlicNegSlicConcMulMulAddTran_myl0_1958
0.0,6491,2,3245.5,3245.5,2222,4269,1447.4,myelin-exec:__myl_SlicSlicMulMulMulAddMulTanhAddMulMulMulMulCast_myl0_2779
0.0,6491,2,3245.5,3245.5,1435,5056,2560.4,myelin-exec:__myl_TranResh_myl0_726
0.0,6490,2,3245.0,3245.0,2046,4444,1695.6,myelin-exec:__myl_AddCastMulMeanAddSqrtDivMulMulAddCastMulCast_myl0_1528
0.0,6490,2,3245.0,3245.0,2278,4212,1367.5,myelin-exec:__myl_AddMulCastReshTran_myl0_2055
0.0,6490,2,3245.0,3245.0,2296,4194,1342.1,myelin-exec:__myl_AddMulCastReshTran_myl0_3461
0.0,6482,2,3241.0,3241.0,1658,4824,2238.7,myelin-exec:__myl_AddCastMulMeanAddSqrtDivMulMulAddCastMulCast_myl0_2641
0.0,6482,2,3241.0,3241.0,1389,5093,2619.1,myelin-exec:__myl_AddMulCastReshTran_myl0_2948
0.0,6482,2,3241.0,3241.0,1926,4556,1859.7,myelin-exec:__myl_Slic_myl0_2222
0.0,6481,2,3240.5,3240.5,2343,4138,1269.3,myelin-exec:__myl_AddMulCastReshTran_myl0_2004
0.0,6481,2,3240.5,3240.5,2157,4324,1532.3,myelin-exec:__myl_MulCastAddMulCastAddConcMaxrSubExpSum_myl0_2135
0.0,6473,2,3236.5,3236.5,2362,4111,1236.7,myelin-exec:__myl_SlicReshSlicNegSlicConcMulMulAddTran_myl0_1924
0.0,6472,2,3236.0,3236.0,2231,4241,1421.3,myelin-exec:__myl_AddCastMulMeanAddSqrtDivMulMulAddCastMulCast_myl0_2282
0.0,6472,2,3236.0,3236.0,2111,4361,1591.0,myelin-exec:__myl_DivMulCastCastMulCastReshReshSlicSlic_myl0_2051
0.0,6472,2,3236.0,3236.0,2083,4389,1630.6,myelin-exec:__myl_SlicSlicMulMulMulAddMulTanhAddMulMulMulMulCast_myl0_1149
0.0,6472,2,3236.0,3236.0,1185,5287,2900.6,myelin-exec:__myl_SlicSlicMulMulMulAddMulTanhAddMulMulMulMulCast_myl0_3156
0.0,6472,2,3236.0,3236.0,1148,5324,2952.9,myelin-exec:__myl_SlicSlicMulMulMulAddMulTanhAddMulMulMulMulCast_myl0_990
0.0,6464,2,3232.0,3232.0,2019,4445,1715.4,myelin-exec:__myl_MulCastAddMulCastAddConcMaxrSubExpSum_myl0_3286
0.0,6463,2,3231.5,3231.5,1972,4491,1781.2,myelin-exec:__myl_AddCastMulMeanAddSqrtDivMulMulAddCastMulCast_myl0_2248
0.0,6463,2,3231.5,3231.5,1667,4796,2212.5,myelin-exec:__myl_AddMulCastReshTran_myl0_2585
0.0,6453,2,3226.5,3226.5,1333,5120,2677.8,myelin-exec:__myl_MoveReplConcReshReshMove_myl0_714
0.0,6445,2,3222.5,3222.5,2306,4139,1296.1,myelin-exec:__myl_SlicReshTranSlicNegSlicConcMulMulAddCastMulCast_myl0_3677
0.0,6444,2,3222.0,3222.0,2111,4333,1571.2,myelin-exec:__myl_AddCastMulMeanAddSqrtDivMulMulAddCastMulCast_myl0_2523
0.0,6444,2,3222.0,3222.0,1379,5065,2606.4,myelin-exec:__myl_DivMulCastCastMulCastReshReshSlicSlic_myl0_3664
0.0,6444,2,3222.0,3222.0,2232,4212,1400.1,myelin-exec:__myl_SlicReshSlicNegSlicConcMulMulAddTran_myl0_1805
0.0,6444,2,3222.0,3222.0,1352,5092,2644.6,myelin-exec:__myl_SlicReshTranSlicNegSlicConcMulMulAddCastMulCast_myl0_807
0.0,6444,2,3222.0,3222.0,1370,5074,2619.1,myelin-exec:__myl_TranSlicNegSlicConcMulMulAddCastMulCast_myl0_669
0.0,6436,2,3218.0,3218.0,2334,4102,1250.2,myelin-exec:__myl_AddCastMulMeanAddSqrtDivMulMulAddCastMulCast_myl0_1181
0.0,6435,2,3217.5,3217.5,1481,4954,2455.8,myelin-exec:__myl_AddCastMeanSubMulMeanAddSqrtDivMulCastMulAddMulCast_myl0_235
0.0,6435,2,3217.5,3217.5,1185,5250,2874.4,myelin-exec:__myl_SlicReshSlicNegSlicConcMulMulAddTran_myl0_1289
0.0,6426,2,3213.0,3213.0,1417,5009,2539.9,myelin-exec:__myl_AddCastMeanSubMulMeanAddSqrtDivMulCastMulAddMulCast_myl0_287
0.0,6426,2,3213.0,3213.0,2231,4195,1388.8,myelin-exec:__myl_AddCastMulMeanAddSqrtDivMulMulAddCastMulCast_myl0_1249
0.0,6426,2,3213.0,3213.0,2435,3991,1100.3,myelin-exec:__myl_AddCastMulMeanAddSqrtDivMulMulAddCastMulCast_myl0_1477
0.0,6426,2,3213.0,3213.0,2130,4296,1531.6,myelin-exec:__myl_AddMulCastReshTran_myl0_3169
0.0,6426,2,3213.0,3213.0,1204,5222,2841.2,myelin-exec:__myl_MoveReplConcReshReshMove_myl0_522
0.0,6426,2,3213.0,3213.0,1352,5074,2631.9,myelin-exec:__myl_MoveReplConcReshReshMove_myl0_606
0.0,6426,2,3213.0,3213.0,1417,5009,2539.9,myelin-exec:__myl_MulCastAddMulCastAddConcMaxrSubExpSum_myl0_3680
0.0,6426,2,3213.0,3213.0,1232,5194,2801.6,myelin-exec:__myl_Slic_myl0_3750
0.0,6425,2,3212.5,3212.5,1055,5370,3051.2,myelin-exec:__myl_DivMulCastCastMulCastReshReshSlicSlic_myl0_2686
0.0,6417,2,3208.5,3208.5,2296,4121,1290.5,myelin-exec:__myl_AddCastMulMeanAddSqrtDivMulMulAddCastMulCast_myl0_1507
0.0,6417,2,3208.5,3208.5,1260,5157,2755.6,myelin-exec:__myl_AddMulCastReshTran_myl0_1899
0.0,6417,2,3208.5,3208.5,2185,4232,1447.4,myelin-exec:__myl_AddMulCastReshTran_myl0_3651
0.0,6417,2,3208.5,3208.5,1963,4454,1761.4,myelin-exec:__myl_Slic_myl0_2548
0.0,6416,2,3208.0,3208.0,2009,4407,1695.6,myelin-exec:__myl_AddCastMulMeanAddSqrtDivMulMulAddCastMulCast_myl0_1215
0.0,6416,2,3208.0,3208.0,1342,5074,2638.9,myelin-exec:__myl_MoveReplConcReshReshMove_myl0_467
0.0,6416,2,3208.0,3208.0,1361,5055,2612.1,myelin-exec:__myl_SlicNegSlicConcMulMulAddCastMulCastTran_myl0_741
0.0,6408,2,3204.0,3204.0,2084,4324,1583.9,myelin-exec:__myl_AddCastMulMeanAddSqrtDivMulMulAddCastMulCast_myl0_1270
0.0,6408,2,3204.0,3204.0,1982,4426,1728.2,myelin-exec:__myl_AddCastMulMeanAddSqrtDivMulMulAddCastMulCast_myl0_822
0.0,6408,2,3204.0,3204.0,2204,4204,1414.2,myelin-exec:__myl_SlicReshSlicNegSlicConcMulMulAddTran_myl0_1306
0.0,6408,2,3204.0,3204.0,2232,4176,1374.6,myelin-exec:__myl_SlicReshTranSlicNegSlicConcMulMulAddCastMulCast_myl0_3643
0.0,6408,2,3204.0,3204.0,1463,4945,2462.1,myelin-exec:__myl_SlicReshTranSlicNegSlicConcMulMulAddCastMulCast_myl0_3796
0.0,6407,2,3203.5,3203.5,2185,4222,1440.4,myelin-exec:__myl_AddMulCastReshTran_myl0_2276
0.0,6407,2,3203.5,3203.5,2166,4241,1467.2,myelin-exec:__myl_DivMulCastCastMulCastReshReshSlicSlic_myl0_1141
0.0,6407,2,3203.5,3203.5,2241,4166,1361.2,myelin-exec:__myl_SlicSlicMulMulMulAddMulTanhAddMulMulMulMulCast_myl0_1370
0.0,6407,2,3203.5,3203.5,1481,4926,2436.0,myelin-exec:__myl_TranResh_myl0_601
0.0,6399,2,3199.5,3199.5,2149,4250,1485.6,myelin-exec:__myl_AddCastMulMeanAddSqrtDivMulMulAddCastMulCast_myl0_3035
0.0,6399,2,3199.5,3199.5,2204,4195,1407.8,myelin-exec:__myl_AddMulCastReshTran_myl0_3376
0.0,6399,2,3199.5,3199.5,2065,4334,1604.4,myelin-exec:__myl_MulCastAddMulCastAddConcMaxrSubExpSum_myl0_2461
0.0,6399,2,3199.5,3199.5,2195,4204,1420.6,myelin-exec:__myl_MulCastAddMulCastAddConcMaxrSubExpSum_myl0_2495
0.0,6399,2,3199.5,3199.5,2260,4139,1328.7,myelin-exec:__myl_MulCastAddMulCastAddConcMaxrSubExpSum_myl0_2889
0.0,6398,2,3199.0,3199.0,1148,5250,2900.6,myelin-exec:__myl_AddCastMulMeanAddSqrtDivMulMulAddCastMulCast_myl0_1786
0.0,6398,2,3199.0,3199.0,2185,4213,1434.0,myelin-exec:__myl_AddCastMulMeanAddSqrtDivMulMulAddCastMulCast_myl0_2010
0.0,6398,2,3199.0,3199.0,1389,5009,2559.7,myelin-exec:__myl_MoveReplConcReshReshMove_myl0_639
0.0,6398,2,3199.0,3199.0,2056,4342,1616.4,myelin-exec:__myl_Slic_myl0_1159
0.0,6389,2,3194.5,3194.5,1278,5111,2710.3,myelin-exec:__myl_AddMulCastReshTran_myl0_1712
0.0,6389,2,3194.5,3194.5,1306,5083,2670.7,myelin-exec:__myl_AddMulCastReshTran_myl0_3566
0.0,6389,2,3194.5,3194.5,2315,4074,1243.8,myelin-exec:__myl_DivMulCastCastMulCastReshReshSlicSlic_myl0_1362
0.0,6389,2,3194.5,3194.5,1250,5139,2749.9,myelin-exec:__myl_DivMulCastCastMulCastReshReshSlicSlic_myl0_3766
0.0,6389,2,3194.5,3194.5,1371,5018,2578.8,myelin-exec:__myl_MoveReplConcReshReshMove_myl0_558
0.0,6389,2,3194.5,3194.5,2139,4250,1492.7,myelin-exec:__myl_SlicSlicMulMulMulAddMulTanhAddMulMulMulMulCast_myl0_3533
0.0,6388,2,3194.0,3194.0,1064,5324,3012.3,myelin-exec:__myl_AddCastMulMeanAddSqrtDivMulMulAddCastMulCast_myl0_988
0.0,6388,2,3194.0,3194.0,1611,4777,2238.7,myelin-exec:__myl_MoveReplConcReshReshMove_myl0_339
0.0,6388,2,3194.0,3194.0,2111,4277,1531.6,myelin-exec:__myl_SlicReshSlicNegSlicConcMulMulAddTran_myl0_1873
0.0,6388,2,3194.0,3194.0,1277,5111,2711.0,myelin-exec:__myl_SlicReshSlicNegSlicConcMulMulAddTran_myl0_2593
0.0,6380,2,3190.0,3190.0,2009,4371,1670.2,myelin-exec:__myl_AddCastMulMeanAddSqrtDivMulMulAddCastMulCast_myl0_3755
0.0,6380,2,3190.0,3190.0,1269,5111,2716.7,myelin-exec:__myl_SlicReshTranSlicNegSlicConcMulMulAddCastMulCast_myl0_2030
0.0,6380,2,3190.0,3190.0,2361,4019,1172.4,myelin-exec:__myl_SlicReshTranSlicNegSlicConcMulMulAddCastMulCast_myl0_3813
0.0,6380,2,3190.0,3190.0,2093,4287,1551.4,myelin-exec:__myl_SlicSlicMulMulMulAddMulTanhAddMulMulMulMulCast_myl0_1526
0.0,6380,2,3190.0,3190.0,2223,4157,1367.5,myelin-exec:__myl_SlicSlicMulMulMulAddMulTanhAddMulMulMulMulCast_myl0_2606
0.0,6379,2,3189.5,3189.5,1361,5018,2585.9,myelin-exec:__myl_DivMulCastCastMulCastReshReshSlicSlic_myl0_795
0.0,6371,2,3185.5,3185.5,2315,4056,1231.1,myelin-exec:__myl_AddCastMulMeanAddSqrtDivMulMulAddCastMulCast_myl0_3619
0.0,6370,2,3185.0,3185.0,1435,4935,2474.9,myelin-exec:__myl_MoveReplConcReshReshMove_myl0_433
0.0,6370,2,3185.0,3185.0,1231,5139,2763.4,myelin-exec:__myl_MoveReplConcReshReshMove_myl0_708
0.0,6370,2,3185.0,3185.0,2092,4278,1545.7,myelin-exec:__myl_SlicSlicMulMulMulAddMulTanhAddMulMulMulMulCast_myl0_2093
0.0,6370,2,3185.0,3185.0,2194,4176,1401.5,myelin-exec:__myl_SlicSlicMulMulMulAddMulTanhAddMulMulMulMulCast_myl0_2626
0.0,6370,2,3185.0,3185.0,2185,4185,1414.2,myelin-exec:__myl_Slic_myl0_1570
0.0,6362,2,3181.0,3181.0,2121,4241,1499.1,myelin-exec:__myl_SlicReshSlicNegSlicConcMulMulAddTran_myl0_2817
0.0,6361,2,3180.5,3180.5,2074,4287,1564.8,myelin-exec:__myl_AddCastMulMeanAddSqrtDivMulMulAddCastMulCast_myl0_1922
0.0,6361,2,3180.5,3180.5,1370,4991,2560.4,myelin-exec:__myl_SlicReshSlicNegSlicConcMulMulAddTran_myl0_3367
0.0,6361,2,3180.5,3180.5,2324,4037,1211.3,myelin-exec:__myl_SlicSlicMulMulMulAddMulTanhAddMulMulMulMulCast_myl0_2745
0.0,6361,2,3180.5,3180.5,2287,4074,1263.6,myelin-exec:__myl_Slic_myl0_1278
0.0,6352,2,3176.0,3176.0,2176,4176,1414.2,myelin-exec:__myl_AddCastMulMeanAddSqrtDivMulMulAddCastMulCast_myl0_1219
0.0,6352,2,3176.0,3176.0,2213,4139,1361.9,myelin-exec:__myl_DivMulCastCastMulCastReshReshSlicSlic_myl0_3783
0.0,6352,2,3176.0,3176.0,2139,4213,1466.5,myelin-exec:__myl_SlicReshSlicNegSlicConcMulMulAddTran_myl0_3041
0.0,6352,2,3176.0,3176.0,1084,5268,2958.5,myelin-exec:__myl_SlicReshTranSlicNegSlicConcMulMulAddCastMulCast_myl0_1925
0.0,6344,2,3172.0,3172.0,2232,4112,1329.4,myelin-exec:__myl_SlicReshSlicNegSlicConcMulMulAddTran_myl0_3282
0.0,6343,2,3171.5,3171.5,2046,4297,1591.7,myelin-exec:__myl_AddCastMulMeanAddSqrtDivMulMulAddCastMulCast_myl0_2811
0.0,6343,2,3171.5,3171.5,1380,4963,2533.6,myelin-exec:__myl_MulCastAddMulCastAddConcMaxrSubExpSum_myl0_3782
0.0,6343,2,3171.5,3171.5,2167,4176,1420.6,myelin-exec:__myl_SlicReshSlicNegSlicConcMulMulAddTran_myl0_2131
0.0,6343,2,3171.5,3171.5,2574,3769,845.0,myelin-exec:__myl_SlicReshSlicNegSlicConcMulMulAddTran_myl0_2630
0.0,6343,2,3171.5,3171.5,2000,4343,1656.8,myelin-exec:__myl_SlicSlicMulMulMulAddMulTanhAddMulMulMulMulCast_myl0_3499
0.0,6343,2,3171.5,3171.5,2028,4315,1617.2,myelin-exec:__myl_Slic_myl0_2755
0.0,6343,2,3171.5,3171.5,1991,4352,1669.5,myelin-exec:__myl_Slic_myl0_915
0.0,6342,2,3171.0,3171.0,1481,4861,2390.0,myelin-exec:__myl_AddCastMeanSubMulMeanAddSqrtDivMulCastMulAddMulCast_myl0_166
0.0,6342,2,3171.0,3171.0,1407,4935,2494.7,myelin-exec:__myl_AddMulCastReshTran_myl0_918
0.0,6342,2,3171.0,3171.0,2231,4111,1329.4,myelin-exec:__myl_SlicSlicMulMulMulAddMulTanhAddMulMulMulMulCast_myl0_1801
0.0,6334,2,3167.0,3167.0,1973,4361,1688.6,myelin-exec:__myl_AddCastMulMeanAddSqrtDivMulMulAddCastMulCast_myl0_1130
0.0,6334,2,3167.0,3167.0,2102,4232,1506.1,myelin-exec:__myl_SlicReshSlicNegSlicConcMulMulAddTran_myl0_2749
0.0,6333,2,3166.5,3166.5,2259,4074,1283.4,myelin-exec:__myl_AddCastMulMeanAddSqrtDivMulMulAddCastMulCast_myl0_1473
0.0,6333,2,3166.5,3166.5,1222,5111,2749.9,myelin-exec:__myl_AddCastMulMeanAddSqrtDivMulMulAddCastMulCast_myl0_890
0.0,6333,2,3166.5,3166.5,1574,4759,2252.1,myelin-exec:__myl_MoveReplConcReshReshMove_myl0_517
0.0,6333,2,3166.5,3166.5,2241,4092,1308.9,myelin-exec:__myl_MulCastAddMulCastAddConcMaxrSubExpSum_myl0_2580
0.0,6325,2,3162.5,3162.5,1389,4936,2508.1,myelin-exec:__myl_AddMulCastReshTran_myl0_3444
0.0,6325,2,3162.5,3162.5,1204,5121,2769.7,myelin-exec:__myl_MoveReplConcReshReshMove_myl0_572
0.0,6324,2,3162.0,3162.0,2426,3898,1040.9,myelin-exec:__myl_AddCastMulMeanAddSqrtDivMulMulAddCastMulCast_myl0_1409
0.0,6324,2,3162.0,3162.0,2009,4315,1630.6,myelin-exec:__myl_AddCastMulMeanAddSqrtDivMulMulAddCastMulCast_myl0_2628
0.0,6324,2,3162.0,3162.0,2065,4259,1551.4,myelin-exec:__myl_AddCastMulMeanAddSqrtDivMulMulAddCastMulCast_myl0_2913
0.0,6324,2,3162.0,3162.0,2139,4185,1446.7,myelin-exec:__myl_AddCastMulMeanAddSqrtDivMulMulAddCastMulCast_myl0_3827
0.0,6324,2,3162.0,3162.0,1297,5027,2637.5,myelin-exec:__myl_AddMulCastReshTran_myl0_3804
0.0,6324,2,3162.0,3162.0,2315,4009,1197.8,myelin-exec:__myl_DivMulCastCastMulCastReshReshSlicSlic_myl0_3491
0.0,6324,2,3162.0,3162.0,1074,5250,2952.9,myelin-exec:__myl_SlicReshSlicNegSlicConcMulMulAddTran_myl0_2647
0.0,6324,2,3162.0,3162.0,2074,4250,1538.7,myelin-exec:__myl_SlicSlicMulMulMulAddMulTanhAddMulMulMulMulCast_myl0_1268
0.0,6316,2,3158.0,3158.0,1297,5019,2631.9,myelin-exec:__myl_AddCastMulMeanAddSqrtDivMulMulAddCastMulCast_myl0_920
0.0,6315,2,3157.5,3157.5,2297,4018,1216.9,myelin-exec:__myl_AddMulCastReshTran_myl0_3240
0.0,6315,2,3157.5,3157.5,1639,4676,2147.5,myelin-exec:__myl_MoveReplConcReshReshMove_myl0_447
0.0,6315,2,3157.5,3157.5,1787,4528,1938.2,myelin-exec:__myl_MoveReplConcReshReshMove_myl0_486
0.0,6315,2,3157.5,3157.5,2435,3880,1021.8,myelin-exec:__myl_MulCastAddMulCastAddConcMaxrSubExpSum_myl0_1483
0.0,6315,2,3157.5,3157.5,2083,4232,1519.6,myelin-exec:__myl_MulCastAddMulCastAddConcMaxrSubExpSum_myl0_3320
0.0,6315,2,3157.5,3157.5,2361,3954,1126.4,myelin-exec:__myl_MulCastAddMulCastAddConcMaxrSubExpSum_myl0_3833
0.0,6315,2,3157.5,3157.5,2250,4065,1283.4,myelin-exec:__myl_SlicReshSlicNegSlicConcMulMulAddTran_myl0_2715
0.0,6315,2,3157.5,3157.5,2019,4296,1610.1,myelin-exec:__myl_SlicReshTranSlicNegSlicConcMulMulAddCastMulCast_myl0_2200
0.0,6314,2,3157.0,3157.0,2111,4203,1479.3,myelin-exec:__myl_SlicReshSlicNegSlicConcMulMulAddTran_myl0_1255
0.0,6306,2,3153.0,3153.0,1325,4981,2585.2,myelin-exec:__myl_AddMulCastReshTran_myl0_2381
0.0,6306,2,3153.0,3153.0,2380,3926,1093.2,myelin-exec:__myl_CastMulMeanAddSqrtDivMulMulAddCastMulCast_myl0_3539
0.0,6305,2,3152.5,3152.5,1102,5203,2899.8,myelin-exec:__myl_SlicReshTranSlicNegSlicConcMulMulAddCastMulCast_myl0_1772
0.0,6305,2,3152.5,3152.5,2009,4296,1617.2,myelin-exec:__myl_SlicSlicMulMulMulAddMulTanhAddMulMulMulMulCast_myl0_2711
0.0,6305,2,3152.5,3152.5,2639,3666,726.2,myelin-exec:__myl_Slic_myl0_2945
0.0,6297,2,3148.5,3148.5,1260,5037,2670.7,myelin-exec:__myl_DivMulCastCastMulCastReshReshSlicSlic_myl0_829
0.0,6297,2,3148.5,3148.5,2130,4167,1440.4,myelin-exec:__myl_SlicReshTranSlicNegSlicConcMulMulAddCastMulCast_myl0_3127
0.0,6297,2,3148.5,3148.5,1167,5130,2802.3,myelin-exec:__myl_Slic_myl0_796
0.0,6296,2,3148.0,3148.0,2083,4213,1506.1,myelin-exec:__myl_AddCastMulMeanAddSqrtDivMulMulAddCastMulCast_myl0_1833
0.0,6296,2,3148.0,3148.0,1963,4333,1675.8,myelin-exec:__myl_AddCastMulMeanAddSqrtDivMulMulAddCastMulCast_myl0_3141
0.0,6296,2,3148.0,3148.0,2139,4157,1426.9,myelin-exec:__myl_SlicReshSlicNegSlicConcMulMulAddTran_myl0_2012
0.0,6295,2,3147.5,3147.5,1416,4879,2448.7,myelin-exec:__myl_AddCastMeanSubMulMeanAddSqrtDivMulCastMulAddMulCast_myl0_56
0.0,6288,2,3144.0,3144.0,2269,4019,1237.4,myelin-exec:__myl_DivMulCastCastMulCastReshReshSlicSlic_myl0_2703
0.0,6288,2,3144.0,3144.0,2158,4130,1394.4,myelin-exec:__myl_MulCastAddMulCastAddConcMaxrSubExpSum_myl0_2220
0.0,6288,2,3144.0,3144.0,2112,4176,1459.5,myelin-exec:__myl_SlicSlicMulMulMulAddMulTanhAddMulMulMulMulCast_myl0_1251
0.0,6287,2,3143.5,3143.5,2389,3898,1067.0,myelin-exec:__myl_AddMulCastReshTran_myl0_1522
0.0,6287,2,3143.5,3143.5,1305,4982,2600.0,myelin-exec:__myl_AddMulCastReshTran_myl0_3512
0.0,6287,2,3143.5,3143.5,1408,4879,2454.4,myelin-exec:__myl_SlicReshTranSlicNegSlicConcMulMulAddCastMulCast_myl0_1514
0.0,6287,2,3143.5,3143.5,1324,4963,2573.2,myelin-exec:__myl_SlicReshTranSlicNegSlicConcMulMulAddCastMulCast_myl0_960
0.0,6286,2,3143.0,3143.0,1453,4833,2390.0,myelin-exec:__myl_AddCastMeanSubMulMeanAddSqrtDivMulCastMulAddMulCast_myl0_232
0.0,6278,2,3139.0,3139.0,1167,5111,2788.8,myelin-exec:__myl_SlicSlicMulMulMulAddMulTanhAddMulMulMulMulCast_myl0_3570
0.0,6277,2,3138.5,3138.5,2101,4176,1467.2,myelin-exec:__myl_AddCastMulMeanAddSqrtDivMulMulAddCastMulCast_myl0_3348
0.0,6277,2,3138.5,3138.5,2074,4203,1505.4,myelin-exec:__myl_AddCastMulMeanAddSqrtDivMulMulAddCastMulCast_myl0_3463
0.0,6277,2,3138.5,3138.5,2055,4222,1532.3,myelin-exec:__myl_MulCastAddMulCastAddConcMaxrSubExpSum_myl0_2427
0.0,6277,2,3138.5,3138.5,2000,4277,1610.1,myelin-exec:__myl_Slic_myl0_1108
0.0,6270,2,3135.0,3135.0,2149,4121,1394.4,myelin-exec:__myl_AddCastMulMeanAddSqrtDivMulMulAddCastMulCast_myl0_3192
0.0,6269,2,3134.5,3134.5,1593,4676,2180.0,myelin-exec:__myl_AddCastMeanSubMulMeanAddSqrtDivMulCastMulAddMulCast_myl0_136
0.0,6269,2,3134.5,3134.5,2398,3871,1041.6,myelin-exec:__myl_CastMulMeanAddSqrtDivMulMulAddCastMulCast_myl0_2612
0.0,6269,2,3134.5,3134.5,2186,4083,1341.4,myelin-exec:__myl_SlicReshSlicNegSlicConcMulMulAddTran_myl0_1187
0.0,6269,2,3134.5,3134.5,2000,4269,1604.4,myelin-exec:__myl_SlicReshTranSlicNegSlicConcMulMulAddCastMulCast_myl0_1908
0.0,6269,2,3134.5,3134.5,1908,4361,1734.5,myelin-exec:__myl_Slic_myl0_864
0.0,6268,2,3134.0,3134.0,1972,4296,1643.3,myelin-exec:__myl_SlicReshTranSlicNegSlicConcMulMulAddCastMulCast_myl0_1942
0.0,6260,2,3130.0,3130.0,2121,4139,1426.9,myelin-exec:__myl_AddCastMulMeanAddSqrtDivMulMulAddCastMulCast_myl0_2244
0.0,6260,2,3130.0,3130.0,2056,4204,1518.9,myelin-exec:__myl_AddCastMulMeanAddSqrtDivMulMulAddCastMulCast_myl0_3137
0.0,6260,2,3130.0,3130.0,1324,4936,2554.1,myelin-exec:__myl_DivMulCastCastMulCastReshReshSlicSlic_myl0_982
0.0,6260,2,3130.0,3130.0,1139,5121,2815.7,myelin-exec:__myl_MulCastAddMulCastAddConcMaxrSubExpSum_myl0_1361
0.0,6260,2,3130.0,3130.0,1325,4935,2552.7,myelin-exec:__myl_SlicReshSlicNegSlicConcMulMulAddTran_myl0_3608
0.0,6260,2,3130.0,3130.0,1102,5158,2868.0,myelin-exec:__myl_SlicSlicMulMulMulAddMulTanhAddMulMulMulMulCast_myl0_2144
0.0,6259,2,3129.5,3129.5,1482,4777,2329.9,myelin-exec:__myl_AddCastMeanSubMulMeanAddSqrtDivMulCastMulAddMulCast_myl0_100
0.0,6259,2,3129.5,3129.5,2268,3991,1218.3,myelin-exec:__myl_AddCastMulMeanAddSqrtDivMulMulAddCastMulCast_myl0_3501
0.0,6259,2,3129.5,3129.5,1444,4815,2383.7,myelin-exec:__myl_MoveReplConcReshReshMove_myl0_333
0.0,6259,2,3129.5,3129.5,1176,5083,2762.7,myelin-exec:__myl_MoveReplConcReshReshMove_myl0_733
0.0,6259,2,3129.5,3129.5,2056,4203,1518.2,myelin-exec:__myl_SlicReshSlicNegSlicConcMulMulAddTran_myl0_3469
0.0,6259,2,3129.5,3129.5,2000,4259,1597.4,myelin-exec:__myl_Slic_myl0_2979
0.0,6251,2,3125.5,3125.5,2278,3973,1198.5,myelin-exec:__myl_AddCastMulMeanAddSqrtDivMulMulAddCastMulCast_myl0_2709
0.0,6251,2,3125.5,3125.5,1232,5019,2677.8,myelin-exec:__myl_MoveReplConcReshReshMove_myl0_603
0.0,6250,2,3125.0,3125.0,2093,4157,1459.5,myelin-exec:__myl_AddCastMulMeanAddSqrtDivMulMulAddCastMulCast_myl0_2570
0.0,6250,2,3125.0,3125.0,2083,4167,1473.6,myelin-exec:__myl_MulCastAddMulCastAddConcMaxrSubExpSum_myl0_2016
0.0,6250,2,3125.0,3125.0,1445,4805,2375.9,myelin-exec:__myl_SlicNegSlicConcMulMulAddCastMulCastTran_myl0_616
0.0,6250,2,3125.0,3125.0,1324,4926,2547.0,myelin-exec:__myl_SlicReshTranSlicNegSlicConcMulMulAddCastMulCast_myl0_875
0.0,6250,2,3125.0,3125.0,2138,4112,1395.8,myelin-exec:__myl_SlicSlicMulMulMulAddMulTanhAddMulMulMulMulCast_myl0_1475
0.0,6242,2,3121.0,3121.0,2019,4223,1558.5,myelin-exec:__myl_DivMulCastCastMulCastReshReshSlicSlic_myl0_2326
0.0,6241,2,3120.5,3120.5,2130,4111,1400.8,myelin-exec:__myl_AddCastMulMeanAddSqrtDivMulMulAddCastMulCast_myl0_2519
0.0,6241,2,3120.5,3120.5,1676,4565,2042.8,myelin-exec:__myl_AddMulCastReshTran_myl0_1281
0.0,6241,2,3120.5,3120.5,2019,4222,1557.8,myelin-exec:__myl_SlicReshTranSlicNegSlicConcMulMulAddCastMulCast_myl0_1239
0.0,6240,2,3120.0,3120.0,2018,4222,1558.5,myelin-exec:__myl_AddCastMulMeanAddSqrtDivMulMulAddCastMulCast_myl0_2057
0.0,6240,2,3120.0,3120.0,1463,4777,2343.4,myelin-exec:__myl_AddCastMulMeanAddSqrtDivMulMulAddCastMulCast_myl0_3052
0.0,6240,2,3120.0,3120.0,2055,4185,1506.1,myelin-exec:__myl_AddCastMulMeanAddSqrtDivMulMulAddCastMulCast_myl0_3103
0.0,6240,2,3120.0,3120.0,2027,4213,1545.7,myelin-exec:__myl_DivMulCastCastMulCastReshReshSlicSlic_myl0_2085
0.0,6240,2,3120.0,3120.0,1777,4463,1899.3,myelin-exec:__myl_MoveReplConcReshReshMove_myl0_672
0.0,6240,2,3120.0,3120.0,2139,4101,1387.3,myelin-exec:__myl_MulCastAddMulCastAddConcMaxrSubExpSum_myl0_1534
0.0,6240,2,3120.0,3120.0,2055,4185,1506.1,myelin-exec:__myl_SlicSlicMulMulMulAddMulTanhAddMulMulMulMulCast_myl0_1217
0.0,6232,2,3116.0,3116.0,1787,4445,1879.5,myelin-exec:__myl_MoveReplConcReshReshMove_myl0_542
0.0,6231,2,3115.5,3115.5,2213,4018,1276.3,myelin-exec:__myl_AddCastMulMeanAddSqrtDivMulMulAddCastMulCast_myl0_1368
0.0,6231,2,3115.5,3115.5,2213,4018,1276.3,myelin-exec:__myl_AddCastMulMeanAddSqrtDivMulMulAddCastMulCast_myl0_2845
0.0,6231,2,3115.5,3115.5,1981,4250,1604.4,myelin-exec:__myl_DivMulCastCastMulCastReshReshSlicSlic_myl0_2000
0.0,6231,2,3115.5,3115.5,1361,4870,2481.2,myelin-exec:__myl_MoveReplConcReshReshMove_myl0_539
0.0,6231,2,3115.5,3115.5,2194,4037,1303.2,myelin-exec:__myl_MulCastAddMulCastAddConcMaxrSubExpSum_myl0_1877
0.0,6231,2,3115.5,3115.5,2185,4046,1315.9,myelin-exec:__myl_SlicReshSlicNegSlicConcMulMulAddTran_myl0_3177
0.0,6231,2,3115.5,3115.5,1370,4861,2468.5,myelin-exec:__myl_SlicReshTranSlicNegSlicConcMulMulAddCastMulCast_myl0_3592
0.0,6231,2,3115.5,3115.5,1972,4259,1617.2,myelin-exec:__myl_SlicSlicMulMulMulAddMulTanhAddMulMulMulMulCast_myl0_3173
0.0,6223,2,3111.5,3111.5,2102,4121,1427.6,myelin-exec:__myl_AddCastMulMeanAddSqrtDivMulMulAddCastMulCast_myl0_2485
0.0,6223,2,3111.5,3111.5,1241,4982,2645.3,myelin-exec:__myl_SlicReshSlicNegSlicConcMulMulAddTran_myl0_3401
0.0,6223,2,3111.5,3111.5,2047,4176,1505.4,myelin-exec:__myl_SlicReshTranSlicNegSlicConcMulMulAddCastMulCast_myl0_3161
0.0,6222,2,3111.0,3111.0,1990,4232,1585.3,myelin-exec:__myl_AddCastMulMeanAddSqrtDivMulMulAddCastMulCast_myl0_2404
0.0,6222,2,3111.0,3111.0,1491,4731,2291.0,myelin-exec:__myl_AddMulCastReshTran_myl0_1230
0.0,6222,2,3111.0,3111.0,2074,4148,1466.5,myelin-exec:__myl_MulCastAddMulCastAddConcMaxrSubExpSum_myl0_3079
0.0,6222,2,3111.0,3111.0,2379,3843,1035.2,myelin-exec:__myl_SlicReshSlicNegSlicConcMulMulAddTran_myl0_1445
0.0,6222,2,3111.0,3111.0,2093,4129,1439.7,myelin-exec:__myl_SlicSlicMulMulMulAddMulTanhAddMulMulMulMulCast_myl0_2572
0.0,6221,2,3110.5,3110.5,2027,4194,1532.3,myelin-exec:__myl_MulCastAddMulCastAddConcMaxrSubExpSum_myl0_2634
0.0,6213,2,3106.5,3106.5,2037,4176,1512.5,myelin-exec:__myl_SlicReshTranSlicNegSlicConcMulMulAddCastMulCast_myl0_1324
0.0,6213,2,3106.5,3106.5,1185,5028,2717.4,myelin-exec:__myl_SlicReshTranSlicNegSlicConcMulMulAddCastMulCast_myl0_2492
0.0,6212,2,3106.0,3106.0,1222,4990,2664.4,myelin-exec:__myl_MoveReplConcReshReshMove_myl0_331
0.0,6212,2,3106.0,3106.0,1324,4888,2520.1,myelin-exec:__myl_MoveReplConcReshReshMove_myl0_717
0.0,6212,2,3106.0,3106.0,2138,4074,1369.0,myelin-exec:__myl_SlicReshSlicNegSlicConcMulMulAddTran_myl0_1221
0.0,6212,2,3106.0,3106.0,2092,4120,1434.0,myelin-exec:__myl_SlicReshSlicNegSlicConcMulMulAddTran_myl0_2664
0.0,6204,2,3102.0,3102.0,1139,5065,2776.1,myelin-exec:__myl_AddMulCastReshTran_myl0_3427
0.0,6204,2,3102.0,3102.0,2130,4074,1374.6,myelin-exec:__myl_AddMulCastReshTran_myl0_3719
0.0,6204,2,3102.0,3102.0,1713,4491,1964.3,myelin-exec:__myl_AddMulCastReshTran_myl0_833
0.0,6204,2,3102.0,3102.0,1528,4676,2226.0,myelin-exec:__myl_MoveReplConcReshReshMove_myl0_631
0.0,6204,2,3102.0,3102.0,1389,4815,2422.5,myelin-exec:__myl_MulAddMulCast_myl0_2301
0.0,6204,2,3102.0,3102.0,2074,4130,1453.8,myelin-exec:__myl_MulCastAddMulCastAddConcMaxrSubExpSum_myl0_2101
0.0,6204,2,3102.0,3102.0,2111,4093,1401.5,myelin-exec:__myl_MulCastAddMulCastAddConcMaxrSubExpSum_myl0_2342
0.0,6204,2,3102.0,3102.0,2055,4149,1480.7,myelin-exec:__myl_Slic_myl0_2290
0.0,6203,2,3101.5,3101.5,2463,3740,903.0,myelin-exec:__myl_DivMulCastCastMulCastReshReshSlicSlic_myl0_2995
0.0,6203,2,3101.5,3101.5,2185,4018,1296.1,myelin-exec:__myl_SlicSlicMulMulMulAddMulTanhAddMulMulMulMulCast_myl0_3380
0.0,6195,2,3097.5,3097.5,1556,4639,2180.0,myelin-exec:__myl_AddCastMeanSubMulMeanAddSqrtDivMulCastMulAddMulCast_myl0_59
0.0,6195,2,3097.5,3097.5,2111,4084,1395.1,myelin-exec:__myl_AddCastMulMeanAddSqrtDivMulMulAddCastMulCast_myl0_1439
0.0,6195,2,3097.5,3097.5,2371,3824,1027.4,myelin-exec:__myl_AddCastMulMeanAddSqrtDivMulMulAddCastMulCast_myl0_2336
0.0,6195,2,3097.5,3097.5,2093,4102,1420.6,myelin-exec:__myl_SlicReshTranSlicNegSlicConcMulMulAddCastMulCast_myl0_1976
0.0,6195,2,3097.5,3097.5,2037,4158,1499.8,myelin-exec:__myl_SlicReshTranSlicNegSlicConcMulMulAddCastMulCast_myl0_3212
0.0,6194,2,3097.0,3097.0,1240,4954,2626.2,myelin-exec:__myl_MoveReplConcReshReshMove_myl0_608
0.0,6194,2,3097.0,3097.0,2000,4194,1551.4,myelin-exec:__myl_Slic_myl0_2310
0.0,6186,2,3093.0,3093.0,1260,4926,2592.3,myelin-exec:__myl_MoveReplConcReshReshMove_myl0_681
0.0,6186,2,3093.0,3093.0,1491,4695,2265.6,myelin-exec:__myl_SlicSlicMulMulMulAddMulTanhAddMulMulMulMulCast_myl0_956
0.0,6185,2,3092.5,3092.5,2055,4130,1467.2,myelin-exec:__myl_AddCastMulMeanAddSqrtDivMulMulAddCastMulCast_myl0_3721
0.0,6185,2,3092.5,3092.5,2269,3916,1164.6,myelin-exec:__myl_DivMulCastCastMulCastReshReshSlicSlic_myl0_2153
0.0,6185,2,3092.5,3092.5,2121,4064,1373.9,myelin-exec:__myl_SlicReshTranSlicNegSlicConcMulMulAddCastMulCast_myl0_2475
0.0,6185,2,3092.5,3092.5,2241,3944,1204.2,myelin-exec:__myl_SlicReshTranSlicNegSlicConcMulMulAddCastMulCast_myl0_2767
0.0,6185,2,3092.5,3092.5,1907,4278,1676.6,myelin-exec:__myl_Slic_myl0_2497
0.0,6185,2,3092.5,3092.5,1129,5056,2776.8,myelin-exec:__myl_Slic_myl0_898
0.0,6177,2,3088.5,3088.5,1436,4741,2337.0,myelin-exec:__myl_SlicReshSlicNegSlicConcMulMulAddTran_myl0_3452
0.0,6176,2,3088.0,3088.0,2056,4120,1459.5,myelin-exec:__myl_AddCastMulMeanAddSqrtDivMulMulAddCastMulCast_myl0_1871
0.0,6176,2,3088.0,3088.0,2000,4176,1538.7,myelin-exec:__myl_AddCastMulMeanAddSqrtDivMulMulAddCastMulCast_myl0_2815
0.0,6176,2,3088.0,3088.0,2259,3917,1172.4,myelin-exec:__myl_AddCastMulMeanAddSqrtDivMulMulAddCastMulCast_myl0_3725
0.0,6176,2,3088.0,3088.0,1296,4880,2534.3,myelin-exec:__myl_AddMulCastReshTran_myl0_1264
0.0,6176,2,3088.0,3088.0,2139,4037,1342.1,myelin-exec:__myl_DivMulCastCastMulCastReshReshSlicSlic_myl0_2238
0.0,6176,2,3088.0,3088.0,1074,5102,2848.2,myelin-exec:__myl_DivMulCastCastMulCastReshReshSlicSlic_myl0_2788
0.0,6176,2,3088.0,3088.0,1306,4870,2520.1,myelin-exec:__myl_MoveReplConcReshReshMove_myl0_586
0.0,6176,2,3088.0,3088.0,2084,4092,1419.9,myelin-exec:__myl_SlicReshTranSlicNegSlicConcMulMulAddCastMulCast_myl0_2957
0.0,6176,2,3088.0,3088.0,2111,4065,1381.7,myelin-exec:__myl_SlicSlicMulMulMulAddMulTanhAddMulMulMulMulCast_myl0_1441
0.0,6176,2,3088.0,3088.0,2028,4148,1499.1,myelin-exec:__myl_SlicSlicMulMulMulAddMulTanhAddMulMulMulMulCast_myl0_3071
0.0,6175,2,3087.5,3087.5,1166,5009,2717.4,myelin-exec:__myl_SlicReshTranSlicNegSlicConcMulMulAddCastMulCast_myl0_2183
0.0,6175,2,3087.5,3087.5,2194,3981,1263.6,myelin-exec:__myl_SlicSlicMulMulMulAddMulTanhAddMulMulMulMulCast_myl0_3414
0.0,6168,2,3084.0,3084.0,1334,4834,2474.9,myelin-exec:__myl_MoveReplConcReshReshMove_myl0_589
0.0,6167,2,3083.5,3083.5,1630,4537,2055.6,myelin-exec:__myl_AddCastMeanSubMulMeanAddSqrtDivMulCastMulAddMulCast_myl0_92
0.0,6167,2,3083.5,3083.5,2010,4157,1518.2,myelin-exec:__myl_AddCastMulMeanAddSqrtDivMulMulAddCastMulCast_myl0_1300
0.0,6167,2,3083.5,3083.5,2046,4121,1467.2,myelin-exec:__myl_AddCastMulMeanAddSqrtDivMulMulAddCastMulCast_myl0_3280
0.0,6167,2,3083.5,3083.5,1352,4815,2448.7,myelin-exec:__myl_AddMulCastReshTran_myl0_3050
0.0,6167,2,3083.5,3083.5,2130,4037,1348.5,myelin-exec:__myl_AddMulCastReshTran_myl0_3583
0.0,6167,2,3083.5,3083.5,1232,4935,2618.4,myelin-exec:__myl_DivMulCastCastMulCastReshReshSlicSlic_myl0_1260
0.0,6167,2,3083.5,3083.5,2139,4028,1335.7,myelin-exec:__myl_SlicReshTranSlicNegSlicConcMulMulAddCastMulCast_myl0_3487
0.0,6167,2,3083.5,3083.5,1148,5019,2737.2,myelin-exec:__myl_Slic_myl0_1468
0.0,6167,2,3083.5,3083.5,2167,4000,1296.1,myelin-exec:__myl_Slic_myl0_3801
0.0,6166,2,3083.0,3083.0,1277,4889,2554.1,myelin-exec:__myl_AddCastMeanSubMulMeanAddSqrtDivMulCastMulAddMulCast_myl0_114
0.0,6166,2,3083.0,3083.0,2037,4129,1479.3,myelin-exec:__myl_AddCastMulMeanAddSqrtDivMulMulAddCastMulCast_myl0_1151
0.0,6166,2,3083.0,3083.0,2139,4027,1335.0,myelin-exec:__myl_DivMulCastCastMulCastReshReshSlicSlic_myl0_1399
0.0,6158,2,3079.0,3079.0,2074,4084,1421.3,myelin-exec:__myl_DivMulCastCastMulCastReshReshSlicSlic_myl0_2119
0.0,6158,2,3079.0,3079.0,2047,4111,1459.5,myelin-exec:__myl_MulCastAddMulCastAddConcMaxrSubExpSum_myl0_3422
0.0,6158,2,3079.0,3079.0,2065,4093,1434.0,myelin-exec:__myl_SlicSlicMulMulMulAddMulTanhAddMulMulMulMulCast_myl0_2059
0.0,6157,2,3078.5,3078.5,2074,4083,1420.6,myelin-exec:__myl_SlicSlicMulMulMulAddMulTanhAddMulMulMulMulCast_myl0_1183
0.0,6157,2,3078.5,3078.5,2157,4000,1303.2,myelin-exec:__myl_SlicSlicMulMulMulAddMulTanhAddMulMulMulMulCast_myl0_3190
0.0,6157,2,3078.5,3078.5,1157,5000,2717.4,myelin-exec:__myl_SlicSlicMulMulMulAddMulTanhAddMulMulMulMulCast_myl0_871
0.0,6157,2,3078.5,3078.5,1991,4166,1538.0,myelin-exec:__myl_Slic_myl0_983
0.0,6157,2,3078.5,3078.5,1500,4657,2232.3,myelin-exec:__myl_TranResh_myl0_426
0.0,6149,2,3074.5,3074.5,1093,5056,2802.3,myelin-exec:__myl_AddCastMulMeanAddSqrtDivMulMulAddCastMulCast_myl0_1939
0.0,6148,2,3074.0,3074.0,1518,4630,2200.5,myelin-exec:__myl_MulCastAddMaxrSubExpSumDivMulCastCastMulCast_myl0_646
0.0,6148,2,3074.0,3074.0,2009,4139,1506.1,myelin-exec:__myl_SlicReshTranSlicNegSlicConcMulMulAddCastMulCast_myl0_1137
0.0,6148,2,3074.0,3074.0,2111,4037,1361.9,myelin-exec:__myl_SlicSlicMulMulMulAddMulTanhAddMulMulMulMulCast_myl0_2881
0.0,6148,2,3074.0,3074.0,1009,5139,2920.4,myelin-exec:__myl_Slic_myl0_2239
0.0,6147,2,3073.5,3073.5,1842,4305,1741.6,myelin-exec:__myl_AddCastMeanSubMulMeanAddSqrtDivMulCastMulAddMulCast_myl0_103
0.0,6147,2,3073.5,3073.5,990,5157,2946.5,myelin-exec:__myl_Slic_myl0_1981
0.0,6140,2,3070.0,3070.0,2019,4121,1486.3,myelin-exec:__myl_SlicReshTranSlicNegSlicConcMulMulAddCastMulCast_myl0_3300
0.0,6139,2,3069.5,3069.5,1602,4537,2075.4,myelin-exec:__myl_AddCastMeanSubMulMeanAddSqrtDivMulCastMulAddMulCast_myl0_180
0.0,6139,2,3069.5,3069.5,1324,4815,2468.5,myelin-exec:__myl_AddMulCastReshTran_myl0_3291
0.0,6139,2,3069.5,3069.5,2139,4000,1315.9,myelin-exec:__myl_DivMulCastCastMulCastReshReshSlicSlic_myl0_1328
0.0,6139,2,3069.5,3069.5,1185,4954,2665.1,myelin-exec:__myl_MoveReplConcReshReshMove_myl0_478
0.0,6139,2,3069.5,3069.5,2120,4019,1342.8,myelin-exec:__myl_MulCastAddMulCastAddConcMaxrSubExpSum_myl0_2546
0.0,6139,2,3069.5,3069.5,2250,3889,1158.9,myelin-exec:__myl_SlicReshSlicNegSlicConcMulMulAddTran_myl0_3795
0.0,6139,2,3069.5,3069.5,2213,3926,1211.3,myelin-exec:__myl_SlicReshTranSlicNegSlicConcMulMulAddCastMulCast_myl0_1205
0.0,6138,2,3069.0,3069.0,2074,4064,1407.1,myelin-exec:__myl_SlicSlicMulMulMulAddMulTanhAddMulMulMulMulCast_myl0_3278
0.0,6130,2,3065.0,3065.0,2000,4130,1506.1,myelin-exec:__myl_AddCastMulMeanAddSqrtDivMulMulAddCastMulCast_myl0_2455
0.0,6130,2,3065.0,3065.0,2018,4112,1480.7,myelin-exec:__myl_AddCastMulMeanAddSqrtDivMulMulAddCastMulCast_myl0_2489
0.0,6130,2,3065.0,3065.0,2046,4084,1441.1,myelin-exec:__myl_DivMulCastCastMulCastReshReshSlicSlic_myl0_1090
0.0,6130,2,3065.0,3065.0,2037,4093,1453.8,myelin-exec:__myl_SlicReshSlicNegSlicConcMulMulAddTran_myl0_1411
0.0,6130,2,3065.0,3065.0,2065,4065,1414.2,myelin-exec:__myl_Slic_myl0_1417
0.0,6129,2,3064.5,3064.5,1972,4157,1545.0,myelin-exec:__myl_AddCastMulMeanAddSqrtDivMulMulAddCastMulCast_myl0_3175
0.0,6129,2,3064.5,3064.5,2111,4018,1348.5,myelin-exec:__myl_SlicReshSlicNegSlicConcMulMulAddTran_myl0_1340
0.0,6121,2,3060.5,3060.5,1278,4843,2520.8,myelin-exec:__myl_AddCastMulMeanAddSqrtDivMulMulAddCastMulCast_myl0_992
0.0,6121,2,3060.5,3060.5,2084,4037,1381.0,myelin-exec:__myl_DivMulCastCastMulCastReshReshSlicSlic_myl0_1209
0.0,6121,2,3060.5,3060.5,1315,4806,2468.5,myelin-exec:__myl_MoveReplConcReshReshMove_myl0_561
0.0,6121,2,3060.5,3060.5,1445,4676,2284.7,myelin-exec:__myl_MoveReplConcReshReshMove_myl0_739
0.0,6121,2,3060.5,3060.5,2111,4010,1342.8,myelin-exec:__myl_SlicReshSlicNegSlicConcMulMulAddTran_myl0_3659
0.0,6121,2,3060.5,3060.5,1899,4222,1642.6,myelin-exec:__myl_Slic_myl0_1536
0.0,6120,2,3060.0,3060.0,1990,4130,1513.2,myelin-exec:__myl_AddCastMulMeanAddSqrtDivMulMulAddCastMulCast_myl0_1147
0.0,6120,2,3060.0,3060.0,1148,4972,2704.0,myelin-exec:__myl_AddCastMulMeanAddSqrtDivMulMulAddCastMulCast_myl0_2988
0.0,6120,2,3060.0,3060.0,2037,4083,1446.7,myelin-exec:__myl_SlicReshSlicNegSlicConcMulMulAddTran_myl0_3384
0.0,6120,2,3060.0,3060.0,2120,4000,1329.4,myelin-exec:__myl_SlicSlicMulMulMulAddMulTanhAddMulMulMulMulCast_myl0_2246
0.0,6111,2,3055.5,3055.5,1398,4713,2344.1,myelin-exec:__myl_AddCastMeanSubMulMeanAddSqrtDivMulCastMulAddMulCast_myl0_177
0.0,6111,2,3055.5,3055.5,2074,4037,1388.1,myelin-exec:__myl_AddCastMulMeanAddSqrtDivMulMulAddCastMulCast_myl0_1338
0.0,6111,2,3055.5,3055.5,1065,5046,2815.0,myelin-exec:__myl_AddCastMulMeanAddSqrtDivMulMulAddCastMulCast_myl0_2591
0.0,6111,2,3055.5,3055.5,2186,3925,1229.7,myelin-exec:__myl_AddCastMulMeanAddSqrtDivMulMulAddCastMulCast_myl0_3467
0.0,6111,2,3055.5,3055.5,2018,4093,1467.2,myelin-exec:__myl_DivMulCastCastMulCastReshReshSlicSlic_myl0_1382
0.0,6111,2,3055.5,3055.5,1148,4963,2697.6,myelin-exec:__myl_MulCastAddMulCastAddConcMaxrSubExpSum_myl0_1123
0.0,6111,2,3055.5,3055.5,1417,4694,2317.2,myelin-exec:__myl_SlicReshSlicNegSlicConcMulMulAddTran_myl0_1136
0.0,6111,2,3055.5,3055.5,1213,4898,2605.7,myelin-exec:__myl_SlicReshTranSlicNegSlicConcMulMulAddCastMulCast_myl0_892
0.0,6110,2,3055.0,3055.0,1453,4657,2265.6,myelin-exec:__myl_AddCastMulMeanAddSqrtDivMulMulAddCastMulCast_myl0_2227
0.0,6103,2,3051.5,3051.5,1584,4519,2075.4,myelin-exec:__myl_AddCastMeanSubMulMeanAddSqrtDivMulCastMulAddMulCast_myl0_34
0.0,6102,2,3051.0,3051.0,2158,3944,1262.9,myelin-exec:__myl_AddCastMulMeanAddSqrtDivMulMulAddCastMulCast_myl0_2400
0.0,6102,2,3051.0,3051.0,1269,4833,2520.1,myelin-exec:__myl_AddMulCastReshTran_myl0_3203
0.0,6102,2,3051.0,3051.0,1472,4630,2233.0,myelin-exec:__myl_SlicReshTranSlicNegSlicConcMulMulAddCastMulCast_myl0_3660
0.0,6102,2,3051.0,3051.0,2130,3972,1302.5,myelin-exec:__myl_SlicSlicMulMulMulAddMulTanhAddMulMulMulMulCast_myl0_1407
0.0,6102,2,3051.0,3051.0,2111,3991,1329.4,myelin-exec:__myl_SlicSlicMulMulMulAddMulTanhAddMulMulMulMulCast_myl0_2334
0.0,6101,2,3050.5,3050.5,2138,3963,1290.5,myelin-exec:__myl_AddCastMulMeanAddSqrtDivMulMulAddCastMulCast_myl0_1253
0.0,6101,2,3050.5,3050.5,2351,3750,989.2,myelin-exec:__myl_AddCastMulMeanAddSqrtDivMulMulAddCastMulCast_myl0_2278
0.0,6101,2,3050.5,3050.5,1268,4833,2520.8,myelin-exec:__myl_AddCastMulMeanAddSqrtDivMulMulAddCastMulCast_myl0_3572
0.0,6101,2,3050.5,3050.5,1277,4824,2508.1,myelin-exec:__myl_MulCastAddMulCastAddConcMaxrSubExpSum_myl0_1140
0.0,6101,2,3050.5,3050.5,2074,4027,1381.0,myelin-exec:__myl_SlicSlicMulMulMulAddMulTanhAddMulMulMulMulCast_myl0_2813
0.0,6093,2,3046.5,3046.5,1287,4806,2488.3,myelin-exec:__myl_AddCastMeanSubMulMeanAddSqrtDivMulCastMulAddMulCast_myl0_246
0.0,6092,2,3046.0,3046.0,1194,4898,2619.1,myelin-exec:__myl_AddCastMulMeanAddSqrtDivMulMulAddCastMulCast_myl0_3674
0.0,6092,2,3046.0,3046.0,1435,4657,2278.3,myelin-exec:__myl_AddMulCastReshTran_myl0_2072
0.0,6092,2,3046.0,3046.0,2111,3981,1322.3,myelin-exec:__myl_SlicReshTranSlicNegSlicConcMulMulAddCastMulCast_myl0_3334
0.0,6092,2,3046.0,3046.0,1472,4620,2226.0,myelin-exec:__myl_TranResh_myl0_526
0.0,6084,2,3042.0,3042.0,2047,4037,1407.1,myelin-exec:__myl_AddCastMulMeanAddSqrtDivMulMulAddCastMulCast_myl0_1799
0.0,6084,2,3042.0,3042.0,2019,4065,1446.7,myelin-exec:__myl_AddCastMulMeanAddSqrtDivMulMulAddCastMulCast_myl0_3276
0.0,6083,2,3041.5,3041.5,1704,4379,1891.5,myelin-exec:__myl_AddCastMeanSubMulMeanAddSqrtDivMulCastMulAddMulCast_myl0_122
0.0,6083,2,3041.5,3041.5,1574,4509,2075.4,myelin-exec:__myl_AddCastMulMeanAddSqrtDivMulMulAddCastMulCast_myl0_2299
0.0,6083,2,3041.5,3041.5,2176,3907,1224.0,myelin-exec:__myl_AddCastMulMeanAddSqrtDivMulMulAddCastMulCast_myl0_3585
0.0,6083,2,3041.5,3041.5,1944,4139,1552.1,myelin-exec:__myl_DivMulCastCastMulCastReshReshSlicSlic_myl0_2445
0.0,6083,2,3041.5,3041.5,1602,4481,2035.8,myelin-exec:__myl_MoveReplConcReshReshMove_myl0_386
0.0,6083,2,3041.5,3041.5,2037,4046,1420.6,myelin-exec:__myl_MulCastAddMulCastAddConcMaxrSubExpSum_myl0_2186
0.0,6083,2,3041.5,3041.5,1259,4824,2520.8,myelin-exec:__myl_MulCastAddMulCastAddConcMaxrSubExpSum_myl0_3215
0.0,6083,2,3041.5,3041.5,2194,3889,1198.5,myelin-exec:__myl_SlicReshSlicNegSlicConcMulMulAddTran_myl0_1530
0.0,6083,2,3041.5,3041.5,1111,4972,2730.1,myelin-exec:__myl_SlicReshTranSlicNegSlicConcMulMulAddCastMulCast_myl0_994
0.0,6083,2,3041.5,3041.5,2120,3963,1303.2,myelin-exec:__myl_Slic_myl0_830
0.0,6075,2,3037.5,3037.5,2130,3945,1283.4,myelin-exec:__myl_DivMulCastCastMulCastReshReshSlicSlic_myl0_999
0.0,6075,2,3037.5,3037.5,1991,4084,1480.0,myelin-exec:__myl_SlicSlicMulMulMulAddMulTanhAddMulMulMulMulCast_myl0_1336
0.0,6074,2,3037.0,3037.0,2046,4028,1401.5,myelin-exec:__myl_DivMulCastCastMulCastReshReshSlicSlic_myl0_2513
0.0,6074,2,3037.0,3037.0,1583,4491,2056.3,myelin-exec:__myl_MoveReplConcReshReshMove_myl0_381
0.0,6074,2,3037.0,3037.0,1296,4778,2462.1,myelin-exec:__myl_SlicReshTranSlicNegSlicConcMulMulAddCastMulCast_myl0_1480
0.0,6074,2,3037.0,3037.0,2018,4056,1441.1,myelin-exec:__myl_SlicReshTranSlicNegSlicConcMulMulAddCastMulCast_myl0_2733
0.0,6074,2,3037.0,3037.0,1324,4750,2422.5,myelin-exec:__myl_SlicReshTranSlicNegSlicConcMulMulAddCastMulCast_myl0_3558
0.0,6074,2,3037.0,3037.0,1222,4852,2566.8,myelin-exec:__myl_SlicReshTranSlicNegSlicConcMulMulAddCastMulCast_myl0_841
0.0,6074,2,3037.0,3037.0,2185,3889,1204.9,myelin-exec:__myl_SlicSlicMulMulMulAddMulTanhAddMulMulMulMulCast_myl0_3224
0.0,6066,2,3033.0,3033.0,2047,4019,1394.4,myelin-exec:__myl_AddCastMulMeanAddSqrtDivMulMulAddCastMulCast_myl0_2933
0.0,6065,2,3032.5,3032.5,2037,4028,1407.8,myelin-exec:__myl_AddCastMulMeanAddSqrtDivMulMulAddCastMulCast_myl0_1837
0.0,6064,2,3032.0,3032.0,2064,4000,1369.0,myelin-exec:__myl_SlicSlicMulMulMulAddMulTanhAddMulMulMulMulCast_myl0_2660
0.0,6056,2,3028.0,3028.0,2111,3945,1296.8,myelin-exec:__myl_MulCastAddMulCastAddConcMaxrSubExpSum_myl0_3113
0.0,6056,2,3028.0,3028.0,2074,3982,1349.2,myelin-exec:__myl_SlicReshTranSlicNegSlicConcMulMulAddCastMulCast_myl0_2115
0.0,6056,2,3028.0,3028.0,1435,4621,2252.8,myelin-exec:__myl_TranResh_myl0_551
0.0,6055,2,3027.5,3027.5,2074,3981,1348.5,myelin-exec:__myl_AddCastMulMeanAddSqrtDivMulMulAddCastMulCast_myl0_1100
0.0,6055,2,3027.5,3027.5,2046,4009,1388.1,myelin-exec:__myl_AddCastMulMeanAddSqrtDivMulMulAddCastMulCast_myl0_2662
0.0,6055,2,3027.5,3027.5,2000,4055,1453.1,myelin-exec:__myl_AddCastMulMeanAddSqrtDivMulMulAddCastMulCast_myl0_2971
0.0,6055,2,3027.5,3027.5,2028,4027,1413.5,myelin-exec:__myl_SlicSlicMulMulMulAddMulTanhAddMulMulMulMulCast_myl0_2847
0.0,6047,2,3023.5,3023.5,2019,4028,1420.6,myelin-exec:__myl_AddCastMulMeanAddSqrtDivMulMulAddCastMulCast_myl0_1334
0.0,6047,2,3023.5,3023.5,1325,4722,2402.0,myelin-exec:__myl_AddMulCastReshTran_myl0_2415
0.0,6047,2,3023.5,3023.5,1991,4056,1460.2,myelin-exec:__myl_DivMulCastCastMulCastReshReshSlicSlic_myl0_1895
0.0,6047,2,3023.5,3023.5,1306,4741,2428.9,myelin-exec:__myl_DivMulCastCastMulCastReshReshSlicSlic_myl0_3698
0.0,6047,2,3023.5,3023.5,2047,4000,1381.0,myelin-exec:__myl_MulCastAddMulCastAddConcMaxrSubExpSum_myl0_3147
0.0,6047,2,3023.5,3023.5,1343,4704,2376.6,myelin-exec:__myl_SlicReshSlicNegSlicConcMulMulAddTran_myl0_3574
0.0,6047,2,3023.5,3023.5,1982,4065,1472.9,myelin-exec:__myl_SlicReshTranSlicNegSlicConcMulMulAddCastMulCast_myl0_2268
0.0,6046,2,3023.0,3023.0,2028,4018,1407.1,myelin-exec:__myl_AddCastMulMeanAddSqrtDivMulMulAddCastMulCast_myl0_2967
0.0,6046,2,3023.0,3023.0,2111,3935,1289.8,myelin-exec:__myl_AddCastMulMeanAddSqrtDivMulMulAddCastMulCast_myl0_3653
0.0,6046,2,3023.0,3023.0,1370,4676,2337.7,myelin-exec:__myl_DivMulCastCastMulCastReshReshSlicSlic_myl0_880
0.0,6046,2,3023.0,3023.0,1546,4500,2088.8,myelin-exec:__myl_MoveReplConcReshReshMove_myl0_647
0.0,6045,2,3022.5,3022.5,2231,3814,1119.4,myelin-exec:__myl_MulCastAddMulCastAddConcMaxrSubExpSum_myl0_1809
0.0,6037,2,3018.5,3018.5,1555,4482,2069.7,myelin-exec:__myl_AddCastMeanSubMulMeanAddSqrtDivMulCastMulAddMulCast_myl0_254
0.0,6037,2,3018.5,3018.5,2111,3926,1283.4,myelin-exec:__myl_DivMulCastCastMulCastReshReshSlicSlic_myl0_2204
0.0,6036,2,3018.0,3018.0,1314,4722,2409.8,myelin-exec:__myl_AddMulCastReshTran_myl0_2931
0.0,6036,2,3018.0,3018.0,2314,3722,995.6,myelin-exec:__myl_DivMulCastCastMulCastReshReshSlicSlic_myl0_3406
0.0,6036,2,3018.0,3018.0,1305,4731,2422.5,myelin-exec:__myl_MoveReplConcReshReshMove_myl0_481
0.0,6028,2,3014.0,3014.0,2195,3833,1158.2,myelin-exec:__myl_AddCastMulMeanAddSqrtDivMulMulAddCastMulCast_myl0_3551
0.0,6028,2,3014.0,3014.0,1352,4676,2350.4,myelin-exec:__myl_DivMulCastCastMulCastReshReshSlicSlic_myl0_3732
0.0,6028,2,3014.0,3014.0,1241,4787,2507.4,myelin-exec:__myl_MulCastAddMulCastAddConcMaxrSubExpSum_myl0_1089
0.0,6028,2,3014.0,3014.0,2009,4019,1421.3,myelin-exec:__myl_SlicReshSlicNegSlicConcMulMulAddTran_myl0_3007
0.0,6028,2,3014.0,3014.0,2093,3935,1302.5,myelin-exec:__myl_SlicSlicMulMulMulAddMulTanhAddMulMulMulMulCast_myl0_2008
0.0,6020,2,3010.0,3010.0,1362,4658,2330.6,myelin-exec:__myl_SlicReshSlicNegSlicConcMulMulAddTran_myl0_2148
0.0,6019,2,3009.5,3009.5,1232,4787,2513.8,myelin-exec:__myl_AddMulCastReshTran_myl0_3770
0.0,6019,2,3009.5,3009.5,2084,3935,1308.9,myelin-exec:__myl_DivMulCastCastMulCastReshReshSlicSlic_myl0_1243
0.0,6019,2,3009.5,3009.5,1695,4324,1859.0,myelin-exec:__myl_MoveReplConcReshReshMove_myl0_411
0.0,6019,2,3009.5,3009.5,1528,4491,2095.2,myelin-exec:__myl_MoveReplConcReshReshMove_myl0_722
0.0,6019,2,3009.5,3009.5,1982,4037,1453.1,myelin-exec:__myl_SlicSlicMulMulMulAddMulTanhAddMulMulMulMulCast_myl0_3139
0.0,6019,2,3009.5,3009.5,2260,3759,1060.0,myelin-exec:__myl_Slic_myl0_1451
0.0,6018,2,3009.0,3009.0,1416,4602,2252.8,myelin-exec:__myl_AddCastMulMeanAddSqrtDivMulMulAddCastMulCast_myl0_1490
0.0,6018,2,3009.0,3009.0,2176,3842,1178.0,myelin-exec:__myl_SlicReshSlicNegSlicConcMulMulAddTran_myl0_1839
0.0,6018,2,3009.0,3009.0,1287,4731,2435.3,myelin-exec:__myl_SlicReshSlicNegSlicConcMulMulAddTran_myl0_2732
0.0,6018,2,3009.0,3009.0,2222,3796,1113.0,myelin-exec:__myl_SlicReshTranSlicNegSlicConcMulMulAddCastMulCast_myl0_1891
0.0,6018,2,3009.0,3009.0,2037,3981,1374.6,myelin-exec:__myl_SlicSlicMulMulMulAddMulTanhAddMulMulMulMulCast_myl0_3346
0.0,6010,2,3005.0,3005.0,2148,3862,1212.0,myelin-exec:__myl_AddCastMulMeanAddSqrtDivMulMulAddCastMulCast_myl0_3069
0.0,6010,2,3005.0,3005.0,2047,3963,1354.8,myelin-exec:__myl_AddCastMulMeanAddSqrtDivMulMulAddCastMulCast_myl0_3687
0.0,6010,2,3005.0,3005.0,2074,3936,1316.6,myelin-exec:__myl_DivMulCastCastMulCastReshReshSlicSlic_myl0_2360
0.0,6010,2,3005.0,3005.0,1130,4880,2651.7,myelin-exec:__myl_MulCastAddMulCastAddConcMaxrSubExpSum_myl0_2651
0.0,6009,2,3004.5,3004.5,1463,4546,2180.0,myelin-exec:__myl_AddCastMeanSubMulMeanAddSqrtDivMulCastMulAddMulCast_myl0_199
0.0,6009,2,3004.5,3004.5,2074,3935,1315.9,myelin-exec:__myl_AddCastMulMeanAddSqrtDivMulMulAddCastMulCast_myl0_1956
0.0,6009,2,3004.5,3004.5,2037,3972,1368.3,myelin-exec:__myl_AddCastMulMeanAddSqrtDivMulMulAddCastMulCast_myl0_3005
0.0,6009,2,3004.5,3004.5,1593,4416,1996.2,myelin-exec:__myl_SlicReshTranSlicNegSlicConcMulMulAddCastMulCast_myl0_3830
0.0,6009,2,3004.5,3004.5,2037,3972,1368.3,myelin-exec:__myl_SlicSlicMulMulMulAddMulTanhAddMulMulMulMulCast_myl0_2280
0.0,6009,2,3004.5,3004.5,1592,4417,1997.6,myelin-exec:__myl_Slic_myl0_1794
0.0,6008,2,3004.0,3004.0,1916,4092,1538.7,myelin-exec:__myl_DivMulCastCastMulCastReshReshSlicSlic_myl0_3097
0.0,6008,2,3004.0,3004.0,1138,4870,2638.9,myelin-exec:__myl_Slic_myl0_1091
0.0,6001,2,3000.5,3000.5,2306,3695,982.2,myelin-exec:__myl_AddCastMulMeanAddSqrtDivMulMulAddCastMulCast_myl0_2061
0.0,6001,2,3000.5,3000.5,1232,4769,2501.0,myelin-exec:__myl_SlicReshSlicNegSlicConcMulMulAddTran_myl0_1941
0.0,6000,2,3000.0,3000.0,1195,4805,2552.7,myelin-exec:__myl_AddCastMulMeanAddSqrtDivMulMulAddCastMulCast_myl0_1905
0.0,6000,2,3000.0,3000.0,2028,3972,1374.6,myelin-exec:__myl_AddCastMulMeanAddSqrtDivMulMulAddCastMulCast_myl0_2366
0.0,6000,2,3000.0,3000.0,2139,3861,1217.6,myelin-exec:__myl_AddCastMulMeanAddSqrtDivMulMulAddCastMulCast_myl0_2781
0.0,6000,2,3000.0,3000.0,1250,4750,2474.9,myelin-exec:__myl_AddCastMulMeanAddSqrtDivMulMulAddCastMulCast_myl0_3840
0.0,6000,2,3000.0,3000.0,1426,4574,2226.0,myelin-exec:__myl_MoveReplConcReshReshMove_myl0_492
0.0,6000,2,3000.0,3000.0,2333,3667,943.3,myelin-exec:__myl_MulCastAddMulCastAddConcMaxrSubExpSum_myl0_3252
0.0,6000,2,3000.0,3000.0,2111,3889,1257.2,myelin-exec:__myl_SlicReshTranSlicNegSlicConcMulMulAddCastMulCast_myl0_1429
0.0,5991,2,2995.5,2995.5,2194,3797,1133.5,myelin-exec:__myl_DivMulCastCastMulCastReshReshSlicSlic_myl0_1175
0.0,5991,2,2995.5,2995.5,1898,4093,1552.1,myelin-exec:__myl_DivMulCastCastMulCastReshReshSlicSlic_myl0_3216
0.0,5991,2,2995.5,2995.5,1139,4852,2625.5,myelin-exec:__myl_MulCastAddMulCastAddConcMaxrSubExpSum_myl0_2770
0.0,5991,2,2995.5,2995.5,1213,4778,2520.8,myelin-exec:__myl_SlicSlicMulMulMulAddMulTanhAddMulMulMulMulCast_myl0_1041
0.0,5991,2,2995.5,2995.5,2213,3778,1106.6,myelin-exec:__myl_Slic_myl0_1485
0.0,5990,2,2995.0,2995.0,1222,4768,2507.4,myelin-exec:__myl_AddCastMulMeanAddSqrtDivMulMulAddCastMulCast_myl0_958
0.0,5990,2,2995.0,2995.0,1509,4481,2101.5,myelin-exec:__myl_MoveReplConcReshReshMove_myl0_661
0.0,5990,2,2995.0,2995.0,2037,3953,1354.8,myelin-exec:__myl_MulCastAddMulCastAddConcMaxrSubExpSum_myl0_2410
0.0,5982,2,2991.0,2991.0,1945,4037,1479.3,myelin-exec:__myl_AddCastMulMeanAddSqrtDivMulMulAddCastMulCast_myl0_2180
0.0,5982,2,2991.0,2991.0,1324,4658,2357.5,myelin-exec:__myl_AddCastMulMeanAddSqrtDivMulMulAddCastMulCast_myl0_801
0.0,5982,2,2991.0,2991.0,2084,3898,1282.7,myelin-exec:__myl_Slic_myl0_3047
0.0,5981,2,2990.5,2990.5,1444,4537,2187.1,myelin-exec:__myl_DivMulCastCastMulCastReshReshSlicSlic_myl0_1518
0.0,5981,2,2990.5,2990.5,1926,4055,1505.4,myelin-exec:__myl_DivMulCastCastMulCastReshReshSlicSlic_myl0_1861
0.0,5981,2,2990.5,2990.5,2018,3963,1375.3,myelin-exec:__myl_DivMulCastCastMulCastReshReshSlicSlic_myl0_3525
0.0,5981,2,2990.5,2990.5,2296,3685,982.2,myelin-exec:__myl_SlicReshSlicNegSlicConcMulMulAddTran_myl0_2783
0.0,5981,2,2990.5,2990.5,2046,3935,1335.7,myelin-exec:__myl_SlicReshTranSlicNegSlicConcMulMulAddCastMulCast_myl0_3521
0.0,5973,2,2986.5,2986.5,1510,4463,2088.1,myelin-exec:__myl_MoveReplConcReshReshMove_myl0_422
0.0,5972,2,2986.0,2986.0,1981,3991,1421.3,myelin-exec:__myl_AddCastMulMeanAddSqrtDivMulMulAddCastMulCast_myl0_2574
0.0,5972,2,2986.0,2986.0,2074,3898,1289.8,myelin-exec:__myl_AddCastMulMeanAddSqrtDivMulMulAddCastMulCast_myl0_3246
0.0,5972,2,2986.0,2986.0,1509,4463,2088.8,myelin-exec:__myl_AddMulCastReshTran_myl0_2792
0.0,5972,2,2986.0,2986.0,1639,4333,1904.9,myelin-exec:__myl_MoveReplConcReshReshMove_myl0_536
0.0,5972,2,2986.0,2986.0,1176,4796,2559.7,myelin-exec:__myl_MoveReplConcReshReshMove_myl0_711
0.0,5972,2,2986.0,2986.0,2018,3954,1369.0,myelin-exec:__myl_SlicReshTranSlicNegSlicConcMulMulAddCastMulCast_myl0_2869
0.0,5972,2,2986.0,2986.0,1861,4111,1591.0,myelin-exec:__myl_SlicReshTranSlicNegSlicConcMulMulAddCastMulCast_myl0_3093
0.0,5971,2,2985.5,2985.5,2027,3944,1355.5,myelin-exec:__myl_SlicReshSlicNegSlicConcMulMulAddTran_myl0_2423
0.0,5964,2,2982.0,2982.0,1204,4760,2514.5,myelin-exec:__myl_SlicReshSlicNegSlicConcMulMulAddTran_myl0_3642
0.0,5963,2,2981.5,2981.5,1371,4592,2277.6,myelin-exec:__myl_AddMulCastReshTran_myl0_1077
0.0,5963,2,2981.5,2981.5,1491,4472,2107.9,myelin-exec:__myl_AddMulCastReshTran_myl0_2466
0.0,5963,2,2981.5,2981.5,2074,3889,1283.4,myelin-exec:__myl_DivMulCastCastMulCastReshReshSlicSlic_myl0_3304
0.0,5963,2,2981.5,2981.5,1981,3982,1414.9,myelin-exec:__myl_SlicReshSlicNegSlicConcMulMulAddTran_myl0_3109
0.0,5963,2,2981.5,2981.5,1917,4046,1505.4,myelin-exec:__myl_Slic_myl0_1312
0.0,5963,2,2981.5,2981.5,1009,4954,2789.5,myelin-exec:__myl_Slic_myl0_1896
0.0,5962,2,2981.0,2981.0,1083,4879,2684.2,myelin-exec:__myl_AddCastMulMeanAddSqrtDivMulMulAddCastMulCast_myl0_2193
0.0,5962,2,2981.0,2981.0,2194,3768,1113.0,myelin-exec:__myl_AddCastMulMeanAddSqrtDivMulMulAddCastMulCast_myl0_3657
0.0,5962,2,2981.0,2981.0,1657,4305,1872.4,myelin-exec:__myl_AddMulCastReshTran_myl0_2982
0.0,5954,2,2977.0,2977.0,2028,3926,1342.1,myelin-exec:__myl_DivMulCastCastMulCastReshReshSlicSlic_myl0_3338
0.0,5954,2,2977.0,2977.0,1426,4528,2193.4,myelin-exec:__myl_MoveReplConcReshReshMove_myl0_628
0.0,5954,2,2977.0,2977.0,2102,3852,1237.4,myelin-exec:__myl_SlicReshSlicNegSlicConcMulMulAddTran_myl0_2681
0.0,5953,2,2976.5,2976.5,1342,4611,2311.5,myelin-exec:__myl_MoveReplConcReshReshMove_myl0_564
0.0,5953,2,2976.5,2976.5,1342,4611,2311.5,myelin-exec:__myl_SlicSlicMulMulMulAddMulTanhAddMulMulMulMulCast_myl0_1061
0.0,5945,2,2972.5,2972.5,1158,4787,2566.1,myelin-exec:__myl_AddCastMulMeanAddSqrtDivMulMulAddCastMulCast_myl0_3484
0.0,5945,2,2972.5,2972.5,1982,3963,1400.8,myelin-exec:__myl_SlicReshTranSlicNegSlicConcMulMulAddCastMulCast_myl0_2835
0.0,5945,2,2972.5,2972.5,1065,4880,2697.6,myelin-exec:__myl_Slic_myl0_2908
0.0,5945,2,2972.5,2972.5,2093,3852,1243.8,myelin-exec:__myl_Slic_myl0_3767
0.0,5944,2,2972.0,2972.0,1222,4722,2474.9,myelin-exec:__myl_AddMulCastReshTran_myl0_2432
0.0,5944,2,2972.0,2972.0,1213,4731,2487.6,myelin-exec:__myl_AddMulCastReshTran_myl0_2690
0.0,5944,2,2972.0,2972.0,1305,4639,2357.5,myelin-exec:__myl_MoveReplConcReshReshMove_myl0_439
0.0,5944,2,2972.0,2972.0,2009,3935,1361.9,myelin-exec:__myl_MulCastAddMulCastAddConcMaxrSubExpSum_myl0_2529
0.0,5944,2,2972.0,2972.0,2083,3861,1257.2,myelin-exec:__myl_SlicReshTranSlicNegSlicConcMulMulAddCastMulCast_myl0_1857
0.0,5936,2,2968.0,2968.0,1371,4565,2258.5,myelin-exec:__myl_MoveReplConcReshReshMove_myl0_458
0.0,5935,2,2967.5,2967.5,1463,4472,2127.7,myelin-exec:__myl_Repl_myl0_745
0.0,5935,2,2967.5,2967.5,2185,3750,1106.6,myelin-exec:__myl_SlicReshSlicNegSlicConcMulMulAddTran_myl0_3418
0.0,5935,2,2967.5,2967.5,2074,3861,1263.6,myelin-exec:__myl_SlicReshTranSlicNegSlicConcMulMulAddCastMulCast_myl0_3453
0.0,5935,2,2967.5,2967.5,2009,3926,1355.5,myelin-exec:__myl_Slic_myl0_1964
0.0,5935,2,2967.5,2967.5,2028,3907,1328.7,myelin-exec:__myl_Slic_myl0_3288
0.0,5935,2,2967.5,2967.5,2010,3925,1354.1,myelin-exec:__myl_Slic_myl0_3509
0.0,5934,2,2967.0,2967.0,2009,3925,1354.8,myelin-exec:__myl_AddCastMulMeanAddSqrtDivMulMulAddCastMulCast_myl0_1185
0.0,5926,2,2963.0,2963.0,1991,3935,1374.6,myelin-exec:__myl_AddCastMulMeanAddSqrtDivMulMulAddCastMulCast_myl0_1952
0.0,5926,2,2963.0,2963.0,2149,3777,1151.2,myelin-exec:__myl_AddCastMulMeanAddSqrtDivMulMulAddCastMulCast_myl0_2006
0.0,5926,2,2963.0,2963.0,1278,4648,2382.9,myelin-exec:__myl_MoveReplConcReshReshMove_myl0_736
0.0,5926,2,2963.0,2963.0,1306,4620,2343.4,myelin-exec:__myl_MulCastAddMulCastAddConcMaxrSubExpSum_myl0_3269
0.0,5926,2,2963.0,2963.0,2213,3713,1060.7,myelin-exec:__myl_SlicReshSlicNegSlicConcMulMulAddTran_myl0_3503
0.0,5926,2,2963.0,2963.0,1158,4768,2552.7,myelin-exec:__myl_SlicReshTranSlicNegSlicConcMulMulAddCastMulCast_myl0_3042
0.0,5926,2,2963.0,2963.0,2037,3889,1309.6,myelin-exec:__myl_SlicSlicMulMulMulAddMulTanhAddMulMulMulMulCast_myl0_2487
0.0,5925,2,2962.5,2962.5,1990,3935,1375.3,myelin-exec:__myl_DivMulCastCastMulCastReshReshSlicSlic_myl0_2564
0.0,5925,2,2962.5,2962.5,1351,4574,2279.0,myelin-exec:__myl_MoveReplConcReshReshMove_myl0_472
0.0,5925,2,2962.5,2962.5,2092,3833,1231.1,myelin-exec:__myl_SlicReshSlicNegSlicConcMulMulAddTran_myl0_2372
0.0,5925,2,2962.5,2962.5,1018,4907,2749.9,myelin-exec:__myl_Slic_myl0_2205
0.0,5917,2,2958.5,2958.5,1602,4315,1918.4,myelin-exec:__myl_AddCastMeanSubMulMeanAddSqrtDivMulCastMulAddMulCast_myl0_125
0.0,5917,2,2958.5,2958.5,2000,3917,1355.5,myelin-exec:__myl_AddCastMulMeanAddSqrtDivMulMulAddCastMulCast_myl0_2624
0.0,5917,2,2958.5,2958.5,1102,4815,2625.5,myelin-exec:__myl_AddCastMulMeanAddSqrtDivMulMulAddCastMulCast_myl0_3429
0.0,5917,2,2958.5,2958.5,1148,4769,2560.4,myelin-exec:__myl_AddMulCastReshTran_myl0_2191
0.0,5917,2,2958.5,2958.5,2139,3778,1158.9,myelin-exec:__myl_SlicReshSlicNegSlicConcMulMulAddTran_myl0_2097
0.0,5916,2,2958.0,2958.0,2000,3916,1354.8,myelin-exec:__myl_AddCastMulMeanAddSqrtDivMulMulAddCastMulCast_myl0_2125
0.0,5916,2,2958.0,2958.0,1444,4472,2141.1,myelin-exec:__myl_AddMulCastReshTran_myl0_2293
0.0,5916,2,2958.0,2958.0,1268,4648,2390.0,myelin-exec:__myl_AddMulCastReshTran_myl0_3325
0.0,5916,2,2958.0,2958.0,1129,4787,2586.6,myelin-exec:__myl_Slic_myl0_1000
0.0,5908,2,2954.0,2954.0,1362,4546,2251.4,myelin-exec:__myl_AddCastMeanSubMulMeanAddSqrtDivMulCastMulAddMulCast_myl0_265
0.0,5908,2,2954.0,2954.0,1584,4324,1937.5,myelin-exec:__myl_AddCastMeanSubMulMeanAddSqrtDivMulCastMulAddMulCast_myl0_81
0.0,5908,2,2954.0,2954.0,2047,3861,1282.7,myelin-exec:__myl_DivMulCastCastMulCastReshReshSlicSlic_myl0_2598
0.0,5908,2,2954.0,2954.0,2038,3870,1295.4,myelin-exec:__myl_DivMulCastCastMulCastReshReshSlicSlic_myl0_3029
0.0,5908,2,2954.0,2954.0,1741,4167,1715.4,myelin-exec:__myl_MoveReplConcReshReshMove_myl0_307
0.0,5908,2,2954.0,2954.0,1445,4463,2134.0,myelin-exec:__myl_MoveReplConcReshReshMove_myl0_347
0.0,5908,2,2954.0,2954.0,1324,4584,2305.2,myelin-exec:__myl_MulCastAddMulCastAddConcMaxrSubExpSum_myl0_2702
0.0,5907,2,2953.5,2953.5,1139,4768,2566.1,myelin-exec:__myl_AddCastMulMeanAddSqrtDivMulMulAddCastMulCast_myl0_1043
0.0,5907,2,2953.5,2953.5,2018,3889,1323.0,myelin-exec:__myl_DivMulCastCastMulCastReshReshSlicSlic_myl0_1433
0.0,5907,2,2953.5,2953.5,1287,4620,2356.8,myelin-exec:__myl_MoveReplConcReshReshMove_myl0_506
0.0,5907,2,2953.5,2953.5,2065,3842,1256.5,myelin-exec:__myl_SlicSlicMulMulMulAddMulTanhAddMulMulMulMulCast_myl0_2212
0.0,5899,2,2949.5,2949.5,1982,3917,1368.3,myelin-exec:__myl_AddCastMulMeanAddSqrtDivMulMulAddCastMulCast_myl0_2777
0.0,5899,2,2949.5,2949.5,1454,4445,2115.0,myelin-exec:__myl_DivMulCastCastMulCastReshReshSlicSlic_myl0_1033
0.0,5898,2,2949.0,2949.0,1491,4407,2061.9,myelin-exec:__myl_SlicSlicMulMulMulAddMulTanhAddMulMulMulMulCast_myl0_3825
0.0,5897,2,2948.5,2948.5,1944,3953,1420.6,myelin-exec:__myl_SlicSlicMulMulMulAddMulTanhAddMulMulMulMulCast_myl0_2521
0.0,5897,2,2948.5,2948.5,1259,4638,2389.3,myelin-exec:__myl_SlicSlicMulMulMulAddMulTanhAddMulMulMulMulCast_myl0_3516
0.0,5889,2,2944.5,2944.5,2000,3889,1335.7,myelin-exec:__myl_AddCastMulMeanAddSqrtDivMulMulAddCastMulCast_myl0_2604
0.0,5889,2,2944.5,2944.5,1361,4528,2239.4,myelin-exec:__myl_AddMulCastReshTran_myl0_3393
0.0,5889,2,2944.5,2944.5,2111,3778,1178.7,myelin-exec:__myl_DivMulCastCastMulCastReshReshSlicSlic_myl0_3165
0.0,5889,2,2944.5,2944.5,1250,4639,2396.4,myelin-exec:__myl_MoveReplConcReshReshMove_myl0_514
0.0,5889,2,2944.5,2944.5,1324,4565,2291.7,myelin-exec:__myl_MoveReplConcReshReshMove_myl0_583
0.0,5889,2,2944.5,2944.5,1296,4593,2331.3,myelin-exec:__myl_SlicReshTranSlicNegSlicConcMulMulAddCastMulCast_myl0_3728
0.0,5889,2,2944.5,2944.5,1259,4630,2383.7,myelin-exec:__myl_SlicSlicMulMulMulAddMulTanhAddMulMulMulMulCast_myl0_2351
0.0,5889,2,2944.5,2944.5,1176,4713,2501.0,myelin-exec:__myl_SlicSlicMulMulMulAddMulTanhAddMulMulMulMulCast_myl0_837
0.0,5881,2,2940.5,2940.5,1186,4695,2481.2,myelin-exec:__myl_MulCastAddMulCastAddConcMaxrSubExpSum_myl0_1293
0.0,5880,2,2940.0,2940.0,1167,4713,2507.4,myelin-exec:__myl_AddCastMulMeanAddSqrtDivMulMulAddCastMulCast_myl0_1392
0.0,5880,2,2940.0,2940.0,1278,4602,2350.4,myelin-exec:__myl_AddCastMulMeanAddSqrtDivMulMulAddCastMulCast_myl0_2506
0.0,5880,2,2940.0,2940.0,1306,4574,2310.8,myelin-exec:__myl_AddMulCastReshTran_myl0_1746
0.0,5880,2,2940.0,2940.0,1334,4546,2271.2,myelin-exec:__myl_MulCastAddMulCastAddConcMaxrSubExpSum_myl0_964
0.0,5880,2,2940.0,2940.0,1315,4565,2298.1,myelin-exec:__myl_SlicReshSlicNegSlicConcMulMulAddTran_myl0_2046
0.0,5880,2,2940.0,2940.0,2000,3880,1329.4,myelin-exec:__myl_SlicSlicMulMulMulAddMulTanhAddMulMulMulMulCast_myl0_1988
0.0,5880,2,2940.0,2940.0,2018,3862,1303.9,myelin-exec:__myl_SlicSlicMulMulMulAddMulTanhAddMulMulMulMulCast_myl0_2402
0.0,5880,2,2940.0,2940.0,1259,4621,2377.3,myelin-exec:__myl_SlicSlicMulMulMulAddMulTanhAddMulMulMulMulCast_myl0_2952
0.0,5880,2,2940.0,2940.0,1334,4546,2271.2,myelin-exec:__myl_TranResh_myl0_701
0.0,5879,2,2939.5,2939.5,2101,3778,1185.8,myelin-exec:__myl_MulCastAddMulCastAddConcMaxrSubExpSum_myl0_2977
0.0,5879,2,2939.5,2939.5,1268,4611,2363.9,myelin-exec:__myl_SlicReshSlicNegSlicConcMulMulAddTran_myl0_2321
0.0,5879,2,2939.5,2939.5,1185,4694,2481.2,myelin-exec:__myl_Slic_myl0_3614
0.0,5871,2,2935.5,2935.5,2056,3815,1243.8,myelin-exec:__myl_DivMulCastCastMulCastReshReshSlicSlic_myl0_1016
0.0,5871,2,2935.5,2935.5,1519,4352,2003.2,myelin-exec:__myl_MoveReplConcReshReshMove_myl0_547
0.0,5871,2,2935.5,2935.5,1389,4482,2187.1,myelin-exec:__myl_MoveReplConcReshReshMove_myl0_553
0.0,5871,2,2935.5,2935.5,2037,3834,1270.7,myelin-exec:__myl_MulCastAddMulCastAddConcMaxrSubExpSum_myl0_3045
0.0,5871,2,2935.5,2935.5,2028,3843,1283.4,myelin-exec:__myl_Slic_myl0_3254
0.0,5870,2,2935.0,2935.0,1453,4417,2095.9,myelin-exec:__myl_AddCastMeanSubMulMeanAddSqrtDivMulCastMulAddMulCast_myl0_155
0.0,5870,2,2935.0,2935.0,1287,4583,2330.6,myelin-exec:__myl_DivMulCastCastMulCastReshReshSlicSlic_myl0_863
0.0,5870,2,2935.0,2935.0,1518,4352,2003.9,myelin-exec:__myl_MoveReplConcReshReshMove_myl0_389
0.0,5870,2,2935.0,2935.0,1888,3982,1480.7,myelin-exec:__myl_Slic_myl0_2344
0.0,5861,2,2930.5,2930.5,1046,4815,2665.1,myelin-exec:__myl_DivMulCastCastMulCastReshReshSlicSlic_myl0_2496
0.0,5861,2,2930.5,2930.5,1898,3963,1460.2,myelin-exec:__myl_DivMulCastCastMulCastReshReshSlicSlic_myl0_2839
0.0,5861,2,2930.5,2930.5,1981,3880,1342.8,myelin-exec:__myl_DivMulCastCastMulCastReshReshSlicSlic_myl0_3457
0.0,5861,2,2930.5,2930.5,1176,4685,2481.2,myelin-exec:__myl_MulCastAddMulCastAddConcMaxrSubExpSum_myl0_811
0.0,5861,2,2930.5,2930.5,1435,4426,2115.0,myelin-exec:__myl_SlicReshTranSlicNegSlicConcMulMulAddCastMulCast_myl0_3626
0.0,5853,2,2926.5,2926.5,1232,4621,2396.4,myelin-exec:__myl_Slic_myl0_1363
0.0,5852,2,2926.0,2926.0,1519,4333,1989.8,myelin-exec:__myl_AddCastMeanSubMulMeanAddSqrtDivMulCastMulAddMulCast_myl0_133
0.0,5852,2,2926.0,2926.0,1657,4195,1794.6,myelin-exec:__myl_AddCastMeanSubMulMeanAddSqrtDivMulCastMulAddMulCast_myl0_48
0.0,5852,2,2926.0,2926.0,1574,4278,1912.0,myelin-exec:__myl_CastMulCastResh_myl0_424
0.0,5852,2,2926.0,2926.0,2065,3787,1217.6,myelin-exec:__myl_DivMulCastCastMulCastReshReshSlicSlic_myl0_1793
0.0,5852,2,2926.0,2926.0,1028,4824,2684.2,myelin-exec:__myl_DivMulCastCastMulCastReshReshSlicSlic_myl0_2221
0.0,5852,2,2926.0,2926.0,1935,3917,1401.5,myelin-exec:__myl_DivMulCastCastMulCastReshReshSlicSlic_myl0_3270
0.0,5852,2,2926.0,2926.0,1093,4759,2592.3,myelin-exec:__myl_MoveReplConcReshReshMove_myl0_706
0.0,5852,2,2926.0,2926.0,1815,4037,1571.2,myelin-exec:__myl_SlicReplReshSeleMulCastAddMulCastAddConcMaxrSubExpSum_myl0_2926
0.0,5852,2,2926.0,2926.0,2093,3759,1178.0,myelin-exec:__myl_SlicReshTranSlicNegSlicConcMulMulAddCastMulCast_myl0_2166
0.0,5852,2,2926.0,2926.0,1176,4676,2474.9,myelin-exec:__myl_SlicSlicMulMulMulAddMulTanhAddMulMulMulMulCast_myl0_3122
0.0,5852,2,2926.0,2926.0,1417,4435,2134.0,myelin-exec:__myl_SlicSlicMulMulMulAddMulTanhAddMulMulMulMulCast_myl0_3638
0.0,5851,2,2925.5,2925.5,1092,4759,2593.0,myelin-exec:__myl_MulCastAddMulCastAddConcMaxrSubExpSum_myl0_1894
0.0,5843,2,2921.5,2921.5,1380,4463,2180.0,myelin-exec:__myl_AddCastMeanSubMulMeanAddSqrtDivMulCastMulAddMulCast_myl0_70
0.0,5843,2,2921.5,2921.5,1426,4417,2115.0,myelin-exec:__myl_AddMulCastReshTran_myl0_1488
0.0,5843,2,2921.5,2921.5,1102,4741,2573.2,myelin-exec:__myl_SlicSlicMulMulMulAddMulTanhAddMulMulMulMulCast_myl0_1852
0.0,5843,2,2921.5,2921.5,2084,3759,1184.4,myelin-exec:__myl_Slic_myl0_2018
0.0,5842,2,2921.0,2921.0,1167,4675,2480.5,myelin-exec:__myl_MulCastAddMulCastAddConcMaxrSubExpSum_myl0_2872
0.0,5842,2,2921.0,2921.0,1157,4685,2494.7,myelin-exec:__myl_SlicReshSlicNegSlicConcMulMulAddTran_myl0_2868
0.0,5834,2,2917.0,2917.0,2000,3834,1296.8,myelin-exec:__myl_SlicReshTranSlicNegSlicConcMulMulAddCastMulCast_myl0_2081
0.0,5834,2,2917.0,2917.0,1963,3871,1349.2,myelin-exec:__myl_Slic_myl0_2137
0.0,5834,2,2917.0,2917.0,1352,4482,2213.2,myelin-exec:__myl_TranSlicNegSlicConcMulMulAddCastMulCast_myl0_719
0.0,5833,2,2916.5,2916.5,1083,4750,2593.0,myelin-exec:__myl_MulCastAddMulCastAddConcMaxrSubExpSum_myl0_896
0.0,5833,2,2916.5,2916.5,1213,4620,2409.1,myelin-exec:__myl_SlicReshSlicNegSlicConcMulMulAddTran_myl0_3435
0.0,5833,2,2916.5,2916.5,2009,3824,1283.4,myelin-exec:__myl_Slic_myl0_1930
0.0,5833,2,2916.5,2916.5,2074,3759,1191.5,myelin-exec:__myl_Slic_myl0_3475
0.0,5825,2,2912.5,2912.5,1204,4621,2416.2,myelin-exec:__myl_AddMulCastReshTran_myl0_2724
0.0,5825,2,2912.5,2912.5,1908,3917,1420.6,myelin-exec:__myl_Slic_myl0_2531
0.0,5824,2,2912.0,2912.0,1102,4722,2559.7,myelin-exec:__myl_AddCastMulMeanAddSqrtDivMulMulAddCastMulCast_myl0_3514
0.0,5824,2,2912.0,2912.0,1463,4361,2049.2,myelin-exec:__myl_AddMulCastReshTran_myl0_1539
0.0,5824,2,2912.0,2912.0,1222,4602,2390.0,myelin-exec:__myl_AddMulCastReshTran_myl0_952
0.0,5824,2,2912.0,2912.0,2037,3787,1237.4,myelin-exec:__myl_MulCastAddMulCastAddConcMaxrSubExpSum_myl0_1225
0.0,5824,2,2912.0,2912.0,1167,4657,2467.8,myelin-exec:__myl_MulCastAddMulCastAddConcMaxrSubExpSum_myl0_2736
0.0,5824,2,2912.0,2912.0,1861,3963,1486.3,myelin-exec:__myl_SlicReshTranSlicNegSlicConcMulMulAddCastMulCast_myl0_2991
0.0,5824,2,2912.0,2912.0,2000,3824,1289.8,myelin-exec:__myl_Slic_myl0_1879
0.0,5824,2,2912.0,2912.0,2009,3815,1277.0,myelin-exec:__myl_Slic_myl0_3597
0.0,5815,2,2907.5,2907.5,1195,4620,2421.8,myelin-exec:__myl_AddCastMulMeanAddSqrtDivMulMulAddCastMulCast_myl0_3154
0.0,5815,2,2907.5,2907.5,1426,4389,2095.2,myelin-exec:__myl_MulCastAddMulCastAddConcMaxrSubExpSum_myl0_1242
0.0,5815,2,2907.5,2907.5,1037,4778,2645.3,myelin-exec:__myl_SlicReshSlicNegSlicConcMulMulAddTran_myl0_2355
0.0,5815,2,2907.5,2907.5,1333,4482,2226.7,myelin-exec:__myl_SlicSlicMulMulMulAddMulTanhAddMulMulMulMulCast_myl0_3431
0.0,5815,2,2907.5,2907.5,1879,3936,1454.5,myelin-exec:__myl_Slic_myl0_3424
0.0,5814,2,2907.0,2907.0,1407,4407,2121.3,myelin-exec:__myl_AddMulCastReshTran_myl0_2225
0.0,5814,2,2907.0,2907.0,1240,4574,2357.5,myelin-exec:__myl_MoveReplConcReshReshMove_myl0_678
0.0,5814,2,2907.0,2907.0,1083,4731,2579.5,myelin-exec:__myl_MulCastAddMulCastAddConcMaxrSubExpSum_myl0_2804
0.0,5806,2,2903.0,2903.0,1315,4491,2245.8,myelin-exec:__myl_SlicReshSlicNegSlicConcMulMulAddTran_myl0_3265
0.0,5806,2,2903.0,2903.0,1370,4436,2168.0,myelin-exec:__myl_SlicSlicMulMulMulAddMulTanhAddMulMulMulMulCast_myl0_1319
0.0,5805,2,2902.5,2902.5,1157,4648,2468.5,myelin-exec:__myl_AddCastMulMeanAddSqrtDivMulMulAddCastMulCast_myl0_1266
0.0,5805,2,2902.5,2902.5,1176,4629,2441.6,myelin-exec:__myl_DivMulCastCastMulCastReshReshSlicSlic_myl0_1416
0.0,5797,2,2898.5,2898.5,2065,3732,1178.7,myelin-exec:__myl_MulCastAddMulCastAddConcMaxrSubExpSum_myl0_3011
0.0,5797,2,2898.5,2898.5,2158,3639,1047.2,myelin-exec:__myl_SlicReshSlicNegSlicConcMulMulAddTran_myl0_2216
0.0,5797,2,2898.5,2898.5,1287,4510,2279.0,myelin-exec:__myl_SlicReshTranSlicNegSlicConcMulMulAddCastMulCast_myl0_3694
0.0,5796,2,2898.0,2898.0,1333,4463,2213.2,myelin-exec:__myl_AddCastMeanSubMulMeanAddSqrtDivMulCastMulAddMulCast_myl0_210
0.0,5796,2,2898.0,2898.0,1417,4379,2094.5,myelin-exec:__myl_CastMulCastResh_myl0_449
0.0,5796,2,2898.0,2898.0,2019,3777,1243.1,myelin-exec:__myl_DivMulCastCastMulCastReshReshSlicSlic_myl0_3372
0.0,5796,2,2898.0,2898.0,1482,4314,2002.5,myelin-exec:__myl_MoveReplConcReshReshMove_myl0_683
0.0,5788,2,2894.0,2894.0,1417,4371,2088.8,myelin-exec:__myl_AddMulCastReshTran_myl0_2826
0.0,5788,2,2894.0,2894.0,2075,3713,1158.2,myelin-exec:__myl_DivMulCastCastMulCastReshReshSlicSlic_myl0_2961
0.0,5788,2,2894.0,2894.0,1973,3815,1302.5,myelin-exec:__myl_SlicReshSlicNegSlicConcMulMulAddTran_myl0_3194
0.0,5787,2,2893.5,2893.5,2194,3593,989.2,myelin-exec:__myl_DivMulCastCastMulCastReshReshSlicSlic_myl0_2479
0.0,5787,2,2893.5,2893.5,1176,4611,2428.9,myelin-exec:__myl_MulCastAddMulCastAddConcMaxrSubExpSum_myl0_2563
0.0,5779,2,2889.5,2889.5,1371,4408,2147.5,myelin-exec:__myl_AddMulCastReshTran_myl0_3838
0.0,5778,2,2889.0,2889.0,1250,4528,2317.9,myelin-exec:__myl_AddCastMulMeanAddSqrtDivMulMulAddCastMulCast_myl0_1317
0.0,5769,2,2884.5,2884.5,1250,4519,2311.5,myelin-exec:__myl_MoveReplConcReshReshMove_myl0_431
0.0,5769,2,2884.5,2884.5,1139,4630,2468.5,myelin-exec:__myl_SlicSlicMulMulMulAddMulTanhAddMulMulMulMulCast_myl0_2830
0.0,5768,2,2884.0,2884.0,2018,3750,1224.7,myelin-exec:__myl_AddCastMulMeanAddSqrtDivMulMulAddCastMulCast_myl0_1918
0.0,5768,2,2884.0,2884.0,2055,3713,1172.4,myelin-exec:__myl_AddCastMulMeanAddSqrtDivMulMulAddCastMulCast_myl0_2214
0.0,5768,2,2884.0,2884.0,1102,4666,2520.1,myelin-exec:__myl_AddCastMulMeanAddSqrtDivMulMulAddCastMulCast_myl0_2675
0.0,5768,2,2884.0,2884.0,1296,4472,2245.8,myelin-exec:__myl_DivMulCastCastMulCastReshReshSlicSlic_myl0_948
0.0,5768,2,2884.0,2884.0,1240,4528,2325.0,myelin-exec:__myl_MoveReplConcReshReshMove_myl0_614
0.0,5768,2,2884.0,2884.0,972,4796,2704.0,myelin-exec:__myl_SlicReshSlicNegSlicConcMulMulAddTran_myl0_843
0.0,5768,2,2884.0,2884.0,1259,4509,2298.1,myelin-exec:__myl_SlicSlicMulMulMulAddMulTanhAddMulMulMulMulCast_myl0_2470
0.0,5768,2,2884.0,2884.0,2018,3750,1224.7,myelin-exec:__myl_Slic_myl0_3322
0.0,5768,2,2884.0,2884.0,1277,4491,2272.6,myelin-exec:__myl_Slic_myl0_3546
0.0,5759,2,2879.5,2879.5,1129,4630,2475.6,myelin-exec:__myl_AddCastMulMeanAddSqrtDivMulMulAddCastMulCast_myl0_3823
0.0,5759,2,2879.5,2879.5,1278,4481,2264.9,myelin-exec:__myl_AddMulCastReshTran_myl0_1967
0.0,5759,2,2879.5,2879.5,1305,4454,2226.7,myelin-exec:__myl_AddMulCastReshTran_myl0_2758
0.0,5759,2,2879.5,2879.5,1426,4333,2055.6,myelin-exec:__myl_MoveReplConcReshReshMove_myl0_533
0.0,5759,2,2879.5,2879.5,2065,3694,1151.9,myelin-exec:__myl_Slic_myl0_3081
0.0,5750,2,2875.0,2875.0,1167,4583,2415.5,myelin-exec:__myl_AddCastMulMeanAddSqrtDivMulMulAddCastMulCast_myl0_2434
0.0,5750,2,2875.0,2875.0,1315,4435,2206.2,myelin-exec:__myl_AddMulCastReshTran_myl0_2534
0.0,5750,2,2875.0,2875.0,1250,4500,2298.1,myelin-exec:__myl_DivMulCastCastMulCastReshReshSlicSlic_myl0_3630
0.0,5750,2,2875.0,2875.0,1306,4444,2218.9,myelin-exec:__myl_MulCastAddMulCastAddConcMaxrSubExpSum_myl0_1174
0.0,5750,2,2875.0,2875.0,1000,4750,2651.7,myelin-exec:__myl_Slic_myl0_1295
0.0,5749,2,2874.5,2874.5,1342,4407,2167.3,myelin-exec:__myl_SlicReshTranSlicNegSlicConcMulMulAddCastMulCast_myl0_1446
0.0,5741,2,2870.5,2870.5,1370,4371,2122.0,myelin-exec:__myl_AddCastMeanSubMulMeanAddSqrtDivMulCastMulAddMulCast_myl0_221
0.0,5741,2,2870.5,2870.5,1361,4380,2134.8,myelin-exec:__myl_AddCastMulMeanAddSqrtDivMulMulAddCastMulCast_myl0_788
0.0,5741,2,2870.5,2870.5,1954,3787,1296.1,myelin-exec:__myl_DivMulCastCastMulCastReshReshSlicSlic_myl0_2771
0.0,5741,2,2870.5,2870.5,1917,3824,1348.5,myelin-exec:__myl_SlicReshSlicNegSlicConcMulMulAddTran_myl0_2851
0.0,5740,2,2870.0,2870.0,1120,4620,2474.9,myelin-exec:__myl_AddCastMulMeanAddSqrtDivMulMulAddCastMulCast_myl0_3450
0.0,5740,2,2870.0,2870.0,1990,3750,1244.5,myelin-exec:__myl_SlicReshTranSlicNegSlicConcMulMulAddCastMulCast_myl0_2234
0.0,5740,2,2870.0,2870.0,1601,4139,1794.6,myelin-exec:__myl_SlicSlicMulMulMulAddMulTanhAddMulMulMulMulCast_myl0_3672
0.0,5732,2,2866.0,2866.0,1435,4297,2023.7,myelin-exec:__myl_MoveReplConcReshReshMove_myl0_592
0.0,5732,2,2866.0,2866.0,1426,4306,2036.5,myelin-exec:__myl_MoveReplConcReshReshMove_myl0_633
0.0,5732,2,2866.0,2866.0,2121,3611,1053.6,myelin-exec:__myl_Slic_myl0_1074
0.0,5731,2,2865.5,2865.5,1426,4305,2035.8,myelin-exec:__myl_AddCastMeanSubMulMeanAddSqrtDivMulCastMulAddMulCast_myl0_147
0.0,5731,2,2865.5,2865.5,1324,4407,2180.0,myelin-exec:__myl_AddMulCastReshTran_myl0_2551
0.0,5723,2,2861.5,2861.5,1297,4426,2212.5,myelin-exec:__myl_AddCastMulMeanAddSqrtDivMulMulAddCastMulCast_myl0_3602
0.0,5723,2,2861.5,2861.5,1334,4389,2160.2,myelin-exec:__myl_SlicReshSlicNegSlicConcMulMulAddTran_myl0_3333
0.0,5723,2,2861.5,2861.5,1139,4584,2436.0,myelin-exec:__myl_SlicReshTranSlicNegSlicConcMulMulAddCastMulCast_myl0_926
0.0,5723,2,2861.5,2861.5,1408,4315,2055.6,myelin-exec:__myl_SlicSlicMulMulMulAddMulTanhAddMulMulMulMulCast_myl0_3808
0.0,5722,2,2861.0,2861.0,2148,3574,1008.3,myelin-exec:__myl_AddCastMulMeanAddSqrtDivMulMulAddCastMulCast_myl0_1524
0.0,5722,2,2861.0,2861.0,1407,4315,2056.3,myelin-exec:__myl_AddMulCastReshTran_myl0_3308
0.0,5722,2,2861.0,2861.0,1657,4065,1702.7,myelin-exec:__myl_MoveReplConcReshReshMove_myl0_417
0.0,5722,2,2861.0,2861.0,1417,4305,2042.1,myelin-exec:__myl_SlicReshSlicNegSlicConcMulMulAddTran_myl0_2956
0.0,5722,2,2861.0,2861.0,1231,4491,2305.2,myelin-exec:__myl_SlicReshSlicNegSlicConcMulMulAddTran_myl0_3778
0.0,5722,2,2861.0,2861.0,1444,4278,2003.9,myelin-exec:__myl_SlicSlicMulMulMulAddMulTanhAddMulMulMulMulCast_myl0_3706
0.0,5722,2,2861.0,2861.0,2055,3667,1139.9,myelin-exec:__myl_Slic_myl0_3200
0.0,5721,2,2860.5,2860.5,1944,3777,1296.1,myelin-exec:__myl_DivMulCastCastMulCastReshReshSlicSlic_myl0_3131
0.0,5714,2,2857.0,2857.0,1278,4436,2233.0,myelin-exec:__myl_AddMulCastReshTran_myl0_2021
0.0,5713,2,2856.5,2856.5,2000,3713,1211.3,myelin-exec:__myl_AddCastMulMeanAddSqrtDivMulMulAddCastMulCast_myl0_3378
0.0,5713,2,2856.5,2856.5,1528,4185,1878.8,myelin-exec:__myl_AddMulCastReshTran_myl0_1780
0.0,5713,2,2856.5,2856.5,1259,4454,2259.2,myelin-exec:__myl_AddMulCastReshTran_myl0_2894
0.0,5713,2,2856.5,2856.5,1139,4574,2428.9,myelin-exec:__myl_DivMulCastCastMulCastReshReshSlicSlic_myl0_1107
0.0,5713,2,2856.5,2856.5,1287,4426,2219.6,myelin-exec:__myl_MulCastAddMulCastAddConcMaxrSubExpSum_myl0_2838
0.0,5713,2,2856.5,2856.5,1222,4491,2311.5,myelin-exec:__myl_SlicReshTranSlicNegSlicConcMulMulAddCastMulCast_myl0_3351
0.0,5712,2,2856.0,2856.0,1981,3731,1237.4,myelin-exec:__myl_Slic_myl0_3390
0.0,5704,2,2852.0,2852.0,2065,3639,1113.0,myelin-exec:__myl_AddCastMulMeanAddSqrtDivMulMulAddCastMulCast_myl0_1096
0.0,5704,2,2852.0,2852.0,1047,4657,2552.7,myelin-exec:__myl_AddMulCastReshTran_myl0_2106
0.0,5704,2,2852.0,2852.0,1500,4204,1912.0,myelin-exec:__myl_AddMulCastReshTran_myl0_3084
0.0,5704,2,2852.0,2852.0,1491,4213,1924.7,myelin-exec:__myl_MoveReplConcReshReshMove_myl0_406
0.0,5704,2,2852.0,2852.0,2111,3593,1047.9,myelin-exec:__myl_SlicSlicMulMulMulAddMulTanhAddMulMulMulMulCast_myl0_3244
0.0,5703,2,2851.5,2851.5,1324,4379,2160.2,myelin-exec:__myl_AddCastMulMeanAddSqrtDivMulMulAddCastMulCast_myl0_3056
0.0,5703,2,2851.5,2851.5,1259,4444,2252.1,myelin-exec:__myl_AddCastMulMeanAddSqrtDivMulMulAddCastMulCast_myl0_3708
0.0,5703,2,2851.5,2851.5,1463,4240,1963.6,myelin-exec:__myl_AddMulCastReshTran_myl0_1814
0.0,5703,2,2851.5,2851.5,1287,4416,2212.5,myelin-exec:__myl_DivMulCastCastMulCastReshReshSlicSlic_myl0_1963
0.0,5703,2,2851.5,2851.5,1361,4342,2107.9,myelin-exec:__myl_DivMulCastCastMulCastReshReshSlicSlic_myl0_3596
0.0,5703,2,2851.5,2851.5,1926,3777,1308.9,myelin-exec:__myl_Slic_myl0_3013
0.0,5703,2,2851.5,2851.5,1898,3805,1348.5,myelin-exec:__myl_Slic_myl0_3115
0.0,5695,2,2847.5,2847.5,1065,4630,2520.8,myelin-exec:__myl_AddCastMulMeanAddSqrtDivMulMulAddCastMulCast_myl0_2417
0.0,5695,2,2847.5,2847.5,1121,4574,2441.6,myelin-exec:__myl_MulCastAddMulCastAddConcMaxrSubExpSum_myl0_3028
0.0,5695,2,2847.5,2847.5,1102,4593,2468.5,myelin-exec:__myl_SlicReshSlicNegSlicConcMulMulAddTran_myl0_2766
0.0,5694,2,2847.0,2847.0,1565,4129,1813.0,myelin-exec:__myl_MoveReplConcReshReshMove_myl0_453
0.0,5686,2,2843.0,2843.0,1473,4213,1937.5,myelin-exec:__myl_MoveReplConcReshReshMove_myl0_642
0.0,5685,2,2842.5,2842.5,1037,4648,2553.4,myelin-exec:__myl_DivMulCastCastMulCastReshReshSlicSlic_myl0_1929
0.0,5685,2,2842.5,2842.5,1380,4305,2068.3,myelin-exec:__myl_SlicSlicMulMulMulAddMulTanhAddMulMulMulMulCast_myl0_1577
0.0,5685,2,2842.5,2842.5,1898,3787,1335.7,myelin-exec:__myl_Slic_myl0_2103
0.0,5685,2,2842.5,2842.5,1176,4509,2356.8,myelin-exec:__myl_Slic_myl0_2273
0.0,5685,2,2842.5,2842.5,1963,3722,1243.8,myelin-exec:__myl_Slic_myl0_2857
0.0,5684,2,2842.0,2842.0,1944,3740,1270.0,myelin-exec:__myl_Slic_myl0_2378
0.0,5677,2,2838.5,2838.5,1454,4223,1958.0,myelin-exec:__myl_MoveReplConcReshReshMove_myl0_364
0.0,5677,2,2838.5,2838.5,1889,3788,1342.8,myelin-exec:__myl_Slic_myl0_1227
0.0,5676,2,2838.0,2838.0,1102,4574,2455.1,myelin-exec:__myl_AddCastMulMeanAddSqrtDivMulMulAddCastMulCast_myl0_3772
0.0,5676,2,2838.0,2838.0,1222,4454,2285.4,myelin-exec:__myl_SlicSlicMulMulMulAddMulTanhAddMulMulMulMulCast_myl0_2263
0.0,5675,2,2837.5,2837.5,1370,4305,2075.4,myelin-exec:__myl_SlicReshSlicNegSlicConcMulMulAddTran_myl0_2698
0.0,5667,2,2833.5,2833.5,1417,4250,2003.2,myelin-exec:__myl_DivMulCastCastMulCastReshReshSlicSlic_myl0_3800
0.0,5667,2,2833.5,2833.5,1852,3815,1388.1,myelin-exec:__myl_Slic_myl0_2188
0.0,5666,2,2833.0,2833.0,1129,4537,2409.8,myelin-exec:__myl_AddCastMulMeanAddSqrtDivMulMulAddCastMulCast_myl0_2645
0.0,5666,2,2833.0,2833.0,2009,3657,1165.3,myelin-exec:__myl_DivMulCastCastMulCastReshReshSlicSlic_myl0_3063
0.0,5658,2,2829.0,2829.0,1389,4269,2036.5,myelin-exec:__myl_AddMulCastReshTran_myl0_2639
0.0,5657,2,2828.5,2828.5,1333,4324,2115.0,myelin-exec:__myl_AddCastMulMeanAddSqrtDivMulMulAddCastMulCast_myl0_1888
0.0,5657,2,2828.5,2828.5,1259,4398,2219.6,myelin-exec:__myl_AddCastMulMeanAddSqrtDivMulMulAddCastMulCast_myl0_3124
0.0,5657,2,2828.5,2828.5,1444,4213,1958.0,myelin-exec:__myl_MulCastAddMulCastAddConcMaxrSubExpSum_myl0_879
0.0,5657,2,2828.5,2828.5,1898,3759,1315.9,myelin-exec:__myl_Slic_myl0_2429
0.0,5657,2,2828.5,2828.5,1926,3731,1276.3,myelin-exec:__myl_Slic_myl0_2823
0.0,5656,2,2828.0,2828.0,1990,3666,1185.1,myelin-exec:__myl_AddCastMulMeanAddSqrtDivMulMulAddCastMulCast_myl0_2091
0.0,5656,2,2828.0,2828.0,1342,4314,2101.5,myelin-exec:__myl_Repl_myl0_744
0.0,5649,2,2824.5,2824.5,2000,3649,1166.0,myelin-exec:__myl_AddCastMulMeanAddSqrtDivMulMulAddCastMulCast_myl0_2095
0.0,5649,2,2824.5,2824.5,1436,4213,1963.6,myelin-exec:__myl_SlicReshSlicNegSlicConcMulMulAddTran_myl0_2284
0.0,5648,2,2824.0,2824.0,1537,4111,1820.1,myelin-exec:__myl_MulCastAddMulCastAddConcMaxrSubExpSum_myl0_3524
0.0,5648,2,2824.0,2824.0,1454,4194,1937.5,myelin-exec:__myl_SlicReshSlicNegSlicConcMulMulAddTran_myl0_1496
0.0,5648,2,2824.0,2824.0,1778,3870,1479.3,myelin-exec:__myl_SlicReshSlicNegSlicConcMulMulAddTran_myl0_945
0.0,5647,2,2823.5,2823.5,1277,4370,2187.1,myelin-exec:__myl_SlicReshSlicNegSlicConcMulMulAddTran_myl0_1890
0.0,5639,2,2819.5,2819.5,1083,4556,2455.8,myelin-exec:__myl_SlicReshSlicNegSlicConcMulMulAddTran_myl0_3126
0.0,5639,2,2819.5,2819.5,1065,4574,2481.2,myelin-exec:__myl_Slic_myl0_1210
0.0,5638,2,2819.0,2819.0,1231,4407,2245.8,myelin-exec:__myl_AddCastMulMeanAddSqrtDivMulMulAddCastMulCast_myl0_2197
0.0,5630,2,2815.0,2815.0,1195,4435,2291.0,myelin-exec:__myl_AddCastMulMeanAddSqrtDivMulMulAddCastMulCast_myl0_3297
0.0,5630,2,2815.0,2815.0,1389,4241,2016.7,myelin-exec:__myl_AddMulCastReshTran_myl0_3257
0.0,5630,2,2815.0,2815.0,1324,4306,2108.6,myelin-exec:__myl_MoveReplConcReshReshMove_myl0_414
0.0,5630,2,2815.0,2815.0,1269,4361,2186.4,myelin-exec:__myl_Repl_myl0_743
0.0,5620,2,2810.0,2810.0,1287,4333,2153.8,myelin-exec:__myl_AddMulCastReshTran_myl0_1933
0.0,5620,2,2810.0,2810.0,1259,4361,2193.4,myelin-exec:__myl_AddMulCastReshTran_myl0_2347
0.0,5620,2,2810.0,2810.0,1509,4111,1839.9,myelin-exec:__myl_MoveReplConcReshReshMove_myl0_689
0.0,5620,2,2810.0,2810.0,1556,4064,1773.4,myelin-exec:__myl_SlicSlicMulMulMulAddMulTanhAddMulMulMulMulCast_myl0_2161
0.0,5620,2,2810.0,2810.0,1111,4509,2402.7,myelin-exec:__myl_Slic_myl0_1051
0.0,5620,2,2810.0,2810.0,1889,3731,1302.5,myelin-exec:__myl_Slic_myl0_2582
0.0,5620,2,2810.0,2810.0,1037,4583,2507.4,myelin-exec:__myl_Slic_myl0_3526
0.0,5612,2,2806.0,2806.0,1306,4306,2121.3,myelin-exec:__myl_MulCastAddMulCastAddConcMaxrSubExpSum_myl0_2237
0.0,5611,2,2805.5,2805.5,1361,4250,2042.8,myelin-exec:__myl_AddCastMeanSubMulMeanAddSqrtDivMulCastMulAddMulCast_myl0_169
0.0,5611,2,2805.5,2805.5,1351,4260,2057.0,myelin-exec:__myl_SlicSlicMulMulMulAddMulTanhAddMulMulMulMulCast_myl0_1458
0.0,5611,2,2805.5,2805.5,2009,3602,1126.4,myelin-exec:__myl_Slic_myl0_3149
0.0,5610,2,2805.0,2805.0,1277,4333,2160.9,myelin-exec:__myl_MoveReplConcReshReshMove_myl0_367
0.0,5610,2,2805.0,2805.0,1120,4490,2382.9,myelin-exec:__myl_Slic_myl0_3648
0.0,5603,2,2801.5,2801.5,1491,4112,1853.3,myelin-exec:__myl_AddMulCastReshTran_myl0_1420
0.0,5602,2,2801.0,2801.0,1324,4278,2088.8,myelin-exec:__myl_AddCastMeanSubMulMeanAddSqrtDivMulCastMulAddMulCast_myl0_111
0.0,5602,2,2801.0,2801.0,1361,4241,2036.5,myelin-exec:__myl_AddMulCastReshTran_myl0_2860
0.0,5602,2,2801.0,2801.0,1621,3981,1668.8,myelin-exec:__myl_MulCastAddMulCastAddConcMaxrSubExpSum_myl0_1500
0.0,5602,2,2801.0,2801.0,1333,4269,2076.1,myelin-exec:__myl_SlicReshSlicNegSlicConcMulMulAddTran_myl0_2542
0.0,5602,2,2801.0,2801.0,1250,4352,2193.4,myelin-exec:__myl_SlicSlicMulMulMulAddMulTanhAddMulMulMulMulCast_myl0_888
0.0,5601,2,2800.5,2800.5,1481,4120,1866.1,myelin-exec:__myl_MoveReplConcReshReshMove_myl0_408
0.0,5601,2,2800.5,2800.5,1203,4398,2259.2,myelin-exec:__myl_SlicReshSlicNegSlicConcMulMulAddTran_myl0_1394
0.0,5593,2,2796.5,2796.5,1241,4352,2199.8,myelin-exec:__myl_AddCastMulMeanAddSqrtDivMulMulAddCastMulCast_myl0_3738
0.0,5593,2,2796.5,2796.5,1306,4287,2107.9,myelin-exec:__myl_AddMulCastReshTran_myl0_1162
0.0,5593,2,2796.5,2796.5,1139,4454,2344.1,myelin-exec:__myl_MoveReplConcReshReshMove_myl0_556
0.0,5592,2,2796.0,2796.0,1268,4324,2160.9,myelin-exec:__myl_AddCastMulMeanAddSqrtDivMulMulAddCastMulCast_myl0_1426
0.0,5592,2,2796.0,2796.0,1157,4435,2317.9,myelin-exec:__myl_MulCastAddMulCastAddConcMaxrSubExpSum_myl0_998
0.0,5592,2,2796.0,2796.0,1138,4454,2344.8,myelin-exec:__myl_SlicSlicMulMulMulAddMulTanhAddMulMulMulMulCast_myl0_2555
0.0,5584,2,2792.0,2792.0,1278,4306,2141.1,myelin-exec:__myl_AddMulCastReshTran_myl0_3634
0.0,5584,2,2792.0,2792.0,1176,4408,2285.4,myelin-exec:__myl_MulCastAddMulCastAddConcMaxrSubExpSum_myl0_1826
0.0,5584,2,2792.0,2792.0,1084,4500,2415.5,myelin-exec:__myl_SlicSlicMulMulMulAddMulTanhAddMulMulMulMulCast_myl0_2504
0.0,5584,2,2792.0,2792.0,1167,4417,2298.1,myelin-exec:__myl_SlicSlicMulMulMulAddMulTanhAddMulMulMulMulCast_myl0_922
0.0,5583,2,2791.5,2791.5,1759,3824,1460.2,myelin-exec:__myl_AddCastMulMeanAddSqrtDivMulMulAddCastMulCast_myl0_2760
0.0,5583,2,2791.5,2791.5,2037,3546,1067.0,myelin-exec:__myl_AddCastMulMeanAddSqrtDivMulMulAddCastMulCast_myl0_3382
0.0,5575,2,2787.5,2787.5,1075,4500,2421.8,myelin-exec:__myl_SlicReshTranSlicNegSlicConcMulMulAddCastMulCast_myl0_2217
0.0,5575,2,2787.5,2787.5,1991,3584,1126.4,myelin-exec:__myl_Slic_myl0_1193
0.0,5574,2,2787.0,2787.0,1389,4185,1977.1,myelin-exec:__myl_AddCastMulMeanAddSqrtDivMulMulAddCastMulCast_myl0_1494
0.0,5574,2,2787.0,2787.0,1426,4148,1924.7,myelin-exec:__myl_AddCastMulMeanAddSqrtDivMulMulAddCastMulCast_myl0_2828
0.0,5574,2,2787.0,2787.0,1222,4352,2213.2,myelin-exec:__myl_AddMulCastReshTran_myl0_2140
0.0,5574,2,2787.0,2787.0,1935,3639,1204.9,myelin-exec:__myl_SlicReshSlicNegSlicConcMulMulAddTran_myl0_860
0.0,5574,2,2787.0,2787.0,1121,4453,2356.1,myelin-exec:__myl_SlicReshTranSlicNegSlicConcMulMulAddCastMulCast_myl0_1103
0.0,5574,2,2787.0,2787.0,1111,4463,2370.2,myelin-exec:__myl_SlicReshTranSlicNegSlicConcMulMulAddCastMulCast_myl0_3470
0.0,5574,2,2787.0,2787.0,1250,4324,2173.6,myelin-exec:__myl_SlicSlicMulMulMulAddMulTanhAddMulMulMulMulCast_myl0_3054
0.0,5573,2,2786.5,2786.5,1240,4333,2187.1,myelin-exec:__myl_MulCastAddMulCastAddConcMaxrSubExpSum_myl0_2960
0.0,5565,2,2782.5,2782.5,1157,4408,2298.8,myelin-exec:__myl_AddCastMulMeanAddSqrtDivMulMulAddCastMulCast_myl0_1079
0.0,5565,2,2782.5,2782.5,1111,4454,2363.9,myelin-exec:__myl_AddCastMulMeanAddSqrtDivMulMulAddCastMulCast_myl0_2984
0.0,5564,2,2782.0,2782.0,1037,4527,2467.8,myelin-exec:__myl_AddCastMulMeanAddSqrtDivMulMulAddCastMulCast_myl0_1283
0.0,5564,2,2782.0,2782.0,1388,4176,1971.4,myelin-exec:__myl_AddCastMulMeanAddSqrtDivMulMulAddCastMulCast_myl0_3395
0.0,5564,2,2782.0,2782.0,1333,4231,2049.2,myelin-exec:__myl_MoveReplConcReshReshMove_myl0_692
0.0,5564,2,2782.0,2782.0,2027,3537,1067.7,myelin-exec:__myl_Slic_myl0_2069
0.0,5557,2,2778.5,2778.5,1158,4399,2291.7,myelin-exec:__myl_MulCastAddMulCastAddConcMaxrSubExpSum_myl0_2288
0.0,5556,2,2778.0,2778.0,1139,4417,2317.9,myelin-exec:__myl_AddCastMulMeanAddSqrtDivMulMulAddCastMulCast_myl0_1134
0.0,5556,2,2778.0,2778.0,1176,4380,2265.6,myelin-exec:__myl_MulCastAddMulCastAddConcMaxrSubExpSum_myl0_1792
0.0,5556,2,2778.0,2778.0,1195,4361,2238.7,myelin-exec:__myl_SlicReshTranSlicNegSlicConcMulMulAddCastMulCast_myl0_1011
0.0,5555,2,2777.5,2777.5,1416,4139,1925.5,myelin-exec:__myl_AddCastMeanSubMulMeanAddSqrtDivMulCastMulAddMulCast_myl0_224
0.0,5555,2,2777.5,2777.5,1268,4287,2134.8,myelin-exec:__myl_AddCastMulMeanAddSqrtDivMulMulAddCastMulCast_myl0_869
0.0,5555,2,2777.5,2777.5,1277,4278,2122.0,myelin-exec:__myl_DivMulCastCastMulCastReshReshSlicSlic_myl0_1535
0.0,5555,2,2777.5,2777.5,1055,4500,2436.0,myelin-exec:__myl_DivMulCastCastMulCastReshReshSlicSlic_myl0_2411
0.0,5547,2,2773.5,2773.5,1158,4389,2284.7,myelin-exec:__myl_AddCastMulMeanAddSqrtDivMulMulAddCastMulCast_myl0_3399
0.0,5547,2,2773.5,2773.5,1417,4130,1918.4,myelin-exec:__myl_MoveReplConcReshReshMove_myl0_578
0.0,5547,2,2773.5,2773.5,1195,4352,2232.3,myelin-exec:__myl_SlicSlicMulMulMulAddMulTanhAddMulMulMulMulCast_myl0_3088
0.0,5546,2,2773.0,2773.0,1157,4389,2285.4,myelin-exec:__myl_AddCastMulMeanAddSqrtDivMulMulAddCastMulCast_myl0_2726
0.0,5546,2,2773.0,2773.0,1157,4389,2285.4,myelin-exec:__myl_AddCastMulMeanAddSqrtDivMulMulAddCastMulCast_myl0_3158
0.0,5546,2,2773.0,2773.0,1305,4241,2076.1,myelin-exec:__myl_DivMulCastCastMulCastReshReshSlicSlic_myl0_1450
0.0,5546,2,2773.0,2773.0,1704,3842,1511.8,myelin-exec:__myl_MoveReplConcReshReshMove_myl0_442
0.0,5537,2,2768.5,2768.5,1352,4185,2003.2,myelin-exec:__myl_AddCastMeanSubMulMeanAddSqrtDivMulCastMulAddMulCast_myl0_268
0.0,5537,2,2768.5,2768.5,1417,4120,1911.3,myelin-exec:__myl_AddCastMeanSubMulMeanAddSqrtDivMulCastMulAddMulCast_myl0_290
0.0,5537,2,2768.5,2768.5,1139,4398,2304.5,myelin-exec:__myl_DivMulCastCastMulCastReshReshSlicSlic_myl0_1810
0.0,5537,2,2768.5,2768.5,1148,4389,2291.7,myelin-exec:__myl_SlicSlicMulMulMulAddMulTanhAddMulMulMulMulCast_myl0_2538
0.0,5528,2,2764.0,2764.0,1250,4278,2141.1,myelin-exec:__myl_MoveReplConcReshReshMove_myl0_567
0.0,5528,2,2764.0,2764.0,1130,4398,2310.8,myelin-exec:__myl_MulCastAddMulCastAddConcMaxrSubExpSum_myl0_1259
0.0,5528,2,2764.0,2764.0,1843,3685,1302.5,myelin-exec:__myl_SlicReshSlicNegSlicConcMulMulAddTran_myl0_979
0.0,5528,2,2764.0,2764.0,1176,4352,2245.8,myelin-exec:__myl_SlicSlicMulMulMulAddMulTanhAddMulMulMulMulCast_myl0_2589
0.0,5528,2,2764.0,2764.0,1213,4315,2193.4,myelin-exec:__myl_SlicSlicMulMulMulAddMulTanhAddMulMulMulMulCast_myl0_2796
0.0,5527,2,2763.5,2763.5,1166,4361,2259.2,myelin-exec:__myl_AddCastMulMeanAddSqrtDivMulMulAddCastMulCast_myl0_2764
0.0,5527,2,2763.5,2763.5,1398,4129,1931.1,myelin-exec:__myl_SlicSlicMulMulMulAddMulTanhAddMulMulMulMulCast_myl0_1492
0.0,5519,2,2759.5,2759.5,1278,4241,2095.2,myelin-exec:__myl_AddMulCastReshTran_myl0_2259
0.0,5519,2,2759.5,2759.5,1176,4343,2239.4,myelin-exec:__myl_MulCastAddMulCastAddConcMaxrSubExpSum_myl0_2271
0.0,5519,2,2759.5,2759.5,1111,4408,2331.3,myelin-exec:__myl_SlicSlicMulMulMulAddMulTanhAddMulMulMulMulCast_myl0_2436
0.0,5518,2,2759.0,2759.0,1092,4426,2357.5,myelin-exec:__myl_AddCastMulMeanAddSqrtDivMulMulAddCastMulCast_myl0_3022
0.0,5518,2,2759.0,2759.0,1259,4259,2121.3,myelin-exec:__myl_MulCastAddMulCastAddConcMaxrSubExpSum_myl0_2668
0.0,5518,2,2759.0,2759.0,1370,4148,1964.3,myelin-exec:__myl_MulCastAddMulCastAddConcMaxrSubExpSum_myl0_3456
0.0,5518,2,2759.0,2759.0,1046,4472,2422.5,myelin-exec:__myl_SlicReshSlicNegSlicConcMulMulAddTran_myl0_2559
0.0,5518,2,2759.0,2759.0,1453,4065,1847.0,myelin-exec:__myl_SlicReshSlicNegSlicConcMulMulAddTran_myl0_3520
0.0,5518,2,2759.0,2759.0,1055,4463,2409.8,myelin-exec:__myl_Slic_myl0_881
0.0,5510,2,2755.0,2755.0,1361,4149,1971.4,myelin-exec:__myl_MoveReplConcReshReshMove_myl0_664
0.0,5510,2,2755.0,2755.0,1037,4473,2429.6,myelin-exec:__myl_Slic_myl0_2772
0.0,5509,2,2754.5,2754.5,1185,4324,2219.6,myelin-exec:__myl_AddCastMulMeanAddSqrtDivMulMulAddCastMulCast_myl0_1816
0.0,5509,2,2754.5,2754.5,1241,4268,2140.4,myelin-exec:__myl_AddCastMulMeanAddSqrtDivMulMulAddCastMulCast_myl0_2540
0.0,5509,2,2754.5,2754.5,1241,4268,2140.4,myelin-exec:__myl_AddMulCastReshTran_myl0_2500
0.0,5509,2,2754.5,2754.5,1074,4435,2376.6,myelin-exec:__myl_DivMulCastCastMulCastReshReshSlicSlic_myl0_2856
0.0,5509,2,2754.5,2754.5,1370,4139,1958.0,myelin-exec:__myl_MoveReplConcReshReshMove_myl0_497
0.0,5509,2,2754.5,2754.5,1315,4194,2035.8,myelin-exec:__myl_SlicReshSlicNegSlicConcMulMulAddTran_myl0_1170
0.0,5509,2,2754.5,2754.5,2213,3296,765.8,myelin-exec:__myl_Slic_myl0_1845
0.0,5501,2,2750.5,2750.5,1223,4278,2160.2,myelin-exec:__myl_Slic_myl0_779
0.0,5500,2,2750.0,2750.0,1065,4435,2382.9,myelin-exec:__myl_AddCastMulMeanAddSqrtDivMulMulAddCastMulCast_myl0_2040
0.0,5500,2,2750.0,2750.0,1278,4222,2081.7,myelin-exec:__myl_Slic_myl0_1502
0.0,5500,2,2750.0,2750.0,1167,4333,2238.7,myelin-exec:__myl_Slic_myl0_1519
0.0,5500,2,2750.0,2750.0,1093,4407,2343.4,myelin-exec:__myl_Slic_myl0_3580
0.0,5491,2,2745.5,2745.5,1056,4435,2389.3,myelin-exec:__myl_AddCastMulMeanAddSqrtDivMulMulAddCastMulCast_myl0_2950
0.0,5491,2,2745.5,2745.5,1389,4102,1918.4,myelin-exec:__myl_AddCastMulMeanAddSqrtDivMulMulAddCastMulCast_myl0_3704
0.0,5491,2,2745.5,2745.5,1065,4426,2376.6,myelin-exec:__myl_SlicReshTranSlicNegSlicConcMulMulAddCastMulCast_myl0_1840
0.0,5490,2,2745.0,2745.0,1222,4268,2153.8,myelin-exec:__myl_AddCastMulMeanAddSqrtDivMulMulAddCastMulCast_myl0_1973
0.0,5482,2,2741.0,2741.0,1093,4389,2330.6,myelin-exec:__myl_MulCastAddMulCastAddConcMaxrSubExpSum_myl0_2325
0.0,5482,2,2741.0,2741.0,1232,4250,2134.0,myelin-exec:__myl_MulCastAddMulCastAddConcMaxrSubExpSum_myl0_2444
0.0,5482,2,2741.0,2741.0,1250,4232,2108.6,myelin-exec:__myl_SlicReshTranSlicNegSlicConcMulMulAddCastMulCast_myl0_2631
0.0,5481,2,2740.5,2740.5,1361,4120,1950.9,myelin-exec:__myl_AddCastMulMeanAddSqrtDivMulMulAddCastMulCast_myl0_3568
0.0,5481,2,2740.5,2740.5,1213,4268,2160.2,myelin-exec:__myl_MulCastAddMulCastAddConcMaxrSubExpSum_myl0_2152
0.0,5481,2,2740.5,2740.5,1259,4222,2095.2,myelin-exec:__myl_MulCastAddMulCastAddConcMaxrSubExpSum_myl0_3164
0.0,5481,2,2740.5,2740.5,1231,4250,2134.8,myelin-exec:__myl_SlicReshSlicNegSlicConcMulMulAddTran_myl0_1856
0.0,5481,2,2740.5,2740.5,1953,3528,1113.7,myelin-exec:__myl_SlicReshSlicNegSlicConcMulMulAddTran_myl0_2182
0.0,5473,2,2736.5,2736.5,1167,4306,2219.6,myelin-exec:__myl_AddCastMulMeanAddSqrtDivMulMulAddCastMulCast_myl0_1355
0.0,5473,2,2736.5,2736.5,1158,4315,2232.3,myelin-exec:__myl_DivMulCastCastMulCastReshReshSlicSlic_myl0_914
0.0,5472,2,2736.0,2736.0,1379,4093,1919.1,myelin-exec:__myl_AddCastMulMeanAddSqrtDivMulMulAddCastMulCast_myl0_954
0.0,5472,2,2736.0,2736.0,1342,4130,1971.4,myelin-exec:__myl_MulCastAddMulCastAddConcMaxrSubExpSum_myl0_1327
0.0,5472,2,2736.0,2736.0,1148,4324,2245.8,myelin-exec:__myl_SlicSlicMulMulMulAddMulTanhAddMulMulMulMulCast_myl0_3295
0.0,5464,2,2732.0,2732.0,1269,4195,2069.0,myelin-exec:__myl_SlicReshSlicNegSlicConcMulMulAddTran_myl0_1085
0.0,5463,2,2731.5,2731.5,1315,4148,2003.2,myelin-exec:__myl_AddCastMulMeanAddSqrtDivMulMulAddCastMulCast_myl0_2231
0.0,5463,2,2731.5,2731.5,1213,4250,2147.5,myelin-exec:__myl_MulCastAddMulCastAddConcMaxrSubExpSum_myl0_2169
0.0,5463,2,2731.5,2731.5,1278,4185,2055.6,myelin-exec:__myl_MulCastAddMulCastAddConcMaxrSubExpSum_myl0_2393
0.0,5463,2,2731.5,2731.5,1121,4342,2277.6,myelin-exec:__myl_SlicReshTranSlicNegSlicConcMulMulAddCastMulCast_myl0_2373
0.0,5463,2,2731.5,2731.5,1130,4333,2264.9,myelin-exec:__myl_SlicSlicMulMulMulAddMulTanhAddMulMulMulMulCast_myl0_3329
0.0,5462,2,2731.0,2731.0,1092,4370,2317.9,myelin-exec:__myl_AddCastMulMeanAddSqrtDivMulMulAddCastMulCast_myl0_2315
0.0,5462,2,2731.0,2731.0,1277,4185,2056.3,myelin-exec:__myl_AddCastMulMeanAddSqrtDivMulMulAddCastMulCast_myl0_2730
0.0,5454,2,2727.0,2727.0,1315,4139,1996.9,myelin-exec:__myl_AddCastMulMeanAddSqrtDivMulMulAddCastMulCast_myl0_3327
0.0,5454,2,2727.0,2727.0,1056,4398,2363.2,myelin-exec:__myl_DivMulCastCastMulCastReshReshSlicSlic_myl0_1158
0.0,5454,2,2727.0,2727.0,1028,4426,2402.7,myelin-exec:__myl_DivMulCastCastMulCastReshReshSlicSlic_myl0_812
0.0,5454,2,2727.0,2727.0,1269,4185,2061.9,myelin-exec:__myl_MulCastAddMulCastAddConcMaxrSubExpSum_myl0_1432
0.0,5454,2,2727.0,2727.0,1037,4417,2390.0,myelin-exec:__myl_SlicReshSlicNegSlicConcMulMulAddTran_myl0_2834
0.0,5454,2,2727.0,2727.0,1112,4342,2284.0,myelin-exec:__myl_Slic_myl0_2670
0.0,5453,2,2726.5,2726.5,1463,3990,1786.9,myelin-exec:__myl_AddCastMulMeanAddSqrtDivMulMulAddCastMulCast_myl0_2692
0.0,5446,2,2723.0,2723.0,1223,4223,2121.3,myelin-exec:__myl_SlicSlicMulMulMulAddMulTanhAddMulMulMulMulCast_myl0_1285
0.0,5445,2,2722.5,2722.5,1241,4204,2095.2,myelin-exec:__myl_AddCastMulMeanAddSqrtDivMulMulAddCastMulCast_myl0_873
0.0,5445,2,2722.5,2722.5,1009,4436,2423.3,myelin-exec:__myl_DivMulCastCastMulCastReshReshSlicSlic_myl0_1277
0.0,5445,2,2722.5,2722.5,1056,4389,2356.8,myelin-exec:__myl_DivMulCastCastMulCastReshReshSlicSlic_myl0_2754
0.0,5445,2,2722.5,2722.5,1130,4315,2252.1,myelin-exec:__myl_DivMulCastCastMulCastReshReshSlicSlic_myl0_2927
0.0,5445,2,2722.5,2722.5,1093,4352,2304.5,myelin-exec:__myl_SlicReshSlicNegSlicConcMulMulAddTran_myl0_894
0.0,5444,2,2722.0,2722.0,1240,4204,2095.9,myelin-exec:__myl_AddCastMulMeanAddSqrtDivMulMulAddCastMulCast_myl0_1545
0.0,5444,2,2722.0,2722.0,1898,3546,1165.3,myelin-exec:__myl_Slic_myl0_3356
0.0,5436,2,2718.0,2718.0,1204,4232,2141.1,myelin-exec:__myl_AddCastMulMeanAddSqrtDivMulMulAddCastMulCast_myl0_2023
0.0,5436,2,2718.0,2718.0,1241,4195,2088.8,myelin-exec:__myl_MulCastAddMulCastAddConcMaxrSubExpSum_myl0_2203
0.0,5435,2,2717.5,2717.5,1139,4296,2232.3,myelin-exec:__myl_AddCastMulMeanAddSqrtDivMulMulAddCastMulCast_myl0_1935
0.0,5435,2,2717.5,2717.5,1213,4222,2127.7,myelin-exec:__myl_AddCastMulMeanAddSqrtDivMulMulAddCastMulCast_myl0_3263
0.0,5435,2,2717.5,2717.5,1426,4009,1826.5,myelin-exec:__myl_AddMulCastReshTran_myl0_1196
0.0,5435,2,2717.5,2717.5,1093,4342,2297.4,myelin-exec:__myl_SlicSlicMulMulMulAddMulTanhAddMulMulMulMulCast_myl0_3020
0.0,5434,2,2717.0,2717.0,1305,4129,1996.9,myelin-exec:__myl_MulCastAddMulCastAddConcMaxrSubExpSum_myl0_1670
0.0,5427,2,2713.5,2713.5,1019,4408,2396.4,myelin-exec:__myl_Slic_myl0_1828
0.0,5426,2,2713.0,2713.0,1361,4065,1912.0,myelin-exec:__myl_AddCastMulMeanAddSqrtDivMulMulAddCastMulCast_myl0_2472
0.0,5426,2,2713.0,2713.0,1130,4296,2238.7,myelin-exec:__myl_SlicSlicMulMulMulAddMulTanhAddMulMulMulMulCast_myl0_1353
0.0,5426,2,2713.0,2713.0,1120,4306,2252.8,myelin-exec:__myl_SlicSlicMulMulMulAddMulTanhAddMulMulMulMulCast_myl0_1662
0.0,5425,2,2712.5,2712.5,1166,4259,2187.1,myelin-exec:__myl_AddCastMulMeanAddSqrtDivMulMulAddCastMulCast_myl0_3810
0.0,5425,2,2712.5,2712.5,1416,4009,1833.5,myelin-exec:__myl_MoveReplConcReshReshMove_myl0_372
0.0,5425,2,2712.5,2712.5,1083,4342,2304.5,myelin-exec:__myl_SlicReshTranSlicNegSlicConcMulMulAddCastMulCast_myl0_2526
0.0,5418,2,2709.0,2709.0,1121,4297,2245.8,myelin-exec:__myl_AddCastMulMeanAddSqrtDivMulMulAddCastMulCast_myl0_1039
0.0,5417,2,2708.5,2708.5,1093,4324,2284.7,myelin-exec:__myl_AddCastMulMeanAddSqrtDivMulMulAddCastMulCast_myl0_2142
0.0,5417,2,2708.5,2708.5,1241,4176,2075.4,myelin-exec:__myl_SlicReshSlicNegSlicConcMulMulAddTran_myl0_2800
0.0,5416,2,2708.0,2708.0,1472,3944,1748.0,myelin-exec:__myl_MoveReplConcReshReshMove_myl0_378
0.0,5408,2,2704.0,2704.0,1917,3491,1113.0,myelin-exec:__myl_Slic_myl0_2035
0.0,5407,2,2703.5,2703.5,1093,4314,2277.6,myelin-exec:__myl_AddCastMulMeanAddSqrtDivMulMulAddCastMulCast_myl0_1854
0.0,5407,2,2703.5,2703.5,1102,4305,2264.9,myelin-exec:__myl_AddCastMulMeanAddSqrtDivMulMulAddCastMulCast_myl0_2108
0.0,5407,2,2703.5,2703.5,1111,4296,2252.1,myelin-exec:__myl_AddCastMulMeanAddSqrtDivMulMulAddCastMulCast_myl0_3331
0.0,5407,2,2703.5,2703.5,1342,4065,1925.5,myelin-exec:__myl_MoveReplConcReshReshMove_myl0_728
0.0,5407,2,2703.5,2703.5,1259,4148,2042.8,myelin-exec:__myl_SlicSlicMulMulMulAddMulTanhAddMulMulMulMulCast_myl0_2728
0.0,5399,2,2699.5,2699.5,1260,4139,2035.8,myelin-exec:__myl_AddMulCastReshTran_myl0_2673
0.0,5398,2,2699.0,2699.0,1296,4102,1984.1,myelin-exec:__myl_AddCastMulMeanAddSqrtDivMulMulAddCastMulCast_myl0_1388
0.0,5398,2,2699.0,2699.0,1926,3472,1093.2,myelin-exec:__myl_Slic_myl0_1811
0.0,5398,2,2699.0,2699.0,1037,4361,2350.4,myelin-exec:__myl_Slic_myl0_2996
0.0,5390,2,2695.0,2695.0,1269,4121,2016.7,myelin-exec:__myl_AddMulCastReshTran_myl0_3118
0.0,5389,2,2694.5,2694.5,1352,4037,1898.6,myelin-exec:__myl_DivMulCastCastMulCastReshReshSlicSlic_myl0_2377
0.0,5389,2,2694.5,2694.5,1121,4268,2225.3,myelin-exec:__myl_SlicReshTranSlicNegSlicConcMulMulAddCastMulCast_myl0_2716
0.0,5388,2,2694.0,2694.0,1120,4268,2226.0,myelin-exec:__myl_DivMulCastCastMulCastReshReshSlicSlic_myl0_2720
0.0,5388,2,2694.0,2694.0,1268,4120,2016.7,myelin-exec:__myl_SlicReshSlicNegSlicConcMulMulAddTran_myl0_3710
0.0,5388,2,2694.0,2694.0,1009,4379,2382.9,myelin-exec:__myl_Slic_myl0_3563
0.0,5381,2,2690.5,2690.5,1186,4195,2127.7,myelin-exec:__myl_AddCastMulMeanAddSqrtDivMulMulAddCastMulCast_myl0_3640
0.0,5380,2,2690.0,2690.0,1417,3963,1800.3,myelin-exec:__myl_AddCastMeanSubMulMeanAddSqrtDivMulCastMulAddMulCast_myl0_158
0.0,5380,2,2690.0,2690.0,1102,4278,2245.8,myelin-exec:__myl_AddCastMulMeanAddSqrtDivMulMulAddCastMulCast_myl0_1460
0.0,5380,2,2690.0,2690.0,1250,4130,2036.5,myelin-exec:__myl_SlicReshSlicNegSlicConcMulMulAddTran_myl0_1788
0.0,5380,2,2690.0,2690.0,1028,4352,2350.4,myelin-exec:__myl_SlicReshTranSlicNegSlicConcMulMulAddCastMulCast_myl0_1307
0.0,5379,2,2689.5,2689.5,1426,3953,1786.9,myelin-exec:__myl_AddCastMeanSubMulMeanAddSqrtDivMulCastMulAddMulCast_myl0_279
0.0,5379,2,2689.5,2689.5,1203,4176,2102.2,myelin-exec:__myl_MulCastAddMulCastAddConcMaxrSubExpSum_myl0_845
0.0,5371,2,2685.5,2685.5,1074,4297,2279.0,myelin-exec:__myl_AddCastMulMeanAddSqrtDivMulMulAddCastMulCast_myl0_1202
0.0,5371,2,2685.5,2685.5,1074,4297,2279.0,myelin-exec:__myl_Slic_myl0_2086
0.0,5370,2,2685.0,2685.0,1185,4185,2121.3,myelin-exec:__myl_SlicSlicMulMulMulAddMulTanhAddMulMulMulMulCast_myl0_2419
0.0,5370,2,2685.0,2685.0,1139,4231,2186.4,myelin-exec:__myl_Slic_myl0_1383
0.0,5362,2,2681.0,2681.0,1176,4186,2128.4,myelin-exec:__myl_SlicReshTranSlicNegSlicConcMulMulAddCastMulCast_myl0_3249
0.0,5361,2,2680.5,2680.5,1444,3917,1748.7,myelin-exec:__myl_AddCastMeanSubMulMeanAddSqrtDivMulCastMulAddMulCast_myl0_188
0.0,5361,2,2680.5,2680.5,1157,4204,2154.6,myelin-exec:__myl_AddCastMulMeanAddSqrtDivMulMulAddCastMulCast_myl0_2557
0.0,5361,2,2680.5,2680.5,1120,4241,2206.9,myelin-exec:__myl_DivMulCastCastMulCastReshReshSlicSlic_myl0_3046
0.0,5361,2,2680.5,2680.5,1157,4204,2154.6,myelin-exec:__myl_MulCastAddMulCastAddConcMaxrSubExpSum_myl0_2084
0.0,5361,2,2680.5,2680.5,1231,4130,2049.9,myelin-exec:__myl_MulCastAddMulCastAddConcMaxrSubExpSum_myl0_2906
0.0,5361,2,2680.5,2680.5,1083,4278,2259.2,myelin-exec:__myl_Slic_myl0_3784
0.0,5360,2,2680.0,2680.0,1916,3444,1080.5,myelin-exec:__myl_Slic_myl0_2463
0.0,5353,2,2676.5,2676.5,1269,4084,1990.5,myelin-exec:__myl_SlicReshSlicNegSlicConcMulMulAddTran_myl0_1462
0.0,5352,2,2676.0,2676.0,1120,4232,2200.5,myelin-exec:__myl_AddCastMulMeanAddSqrtDivMulMulAddCastMulCast_myl0_2383
0.0,5352,2,2676.0,2676.0,1213,4139,2069.0,myelin-exec:__myl_DivMulCastCastMulCastReshReshSlicSlic_myl0_1484
0.0,5352,2,2676.0,2676.0,1305,4047,1938.9,myelin-exec:__myl_SlicReshSlicNegSlicConcMulMulAddTran_myl0_3744
0.0,5352,2,2676.0,2676.0,1259,4093,2003.9,myelin-exec:__myl_SlicSlicMulMulMulAddMulTanhAddMulMulMulMulCast_myl0_1424
0.0,5352,2,2676.0,2676.0,1111,4241,2213.2,myelin-exec:__myl_SlicSlicMulMulMulAddMulTanhAddMulMulMulMulCast_myl0_2643
0.0,5352,2,2676.0,2676.0,1167,4185,2134.0,myelin-exec:__myl_SlicSlicMulMulMulAddMulTanhAddMulMulMulMulCast_myl0_3207
0.0,5351,2,2675.5,2675.5,1083,4268,2252.1,myelin-exec:__myl_AddCastMulMeanAddSqrtDivMulMulAddCastMulCast_myl0_2027
0.0,5343,2,2671.5,2671.5,1232,4111,2035.8,myelin-exec:__myl_AddCastMulMeanAddSqrtDivMulMulAddCastMulCast_myl0_2502
0.0,5343,2,2671.5,2671.5,1176,4167,2115.0,myelin-exec:__myl_AddMulCastReshTran_myl0_3600
0.0,5343,2,2671.5,2671.5,1139,4204,2167.3,myelin-exec:__myl_SlicReshSlicNegSlicConcMulMulAddTran_myl0_2389
0.0,5343,2,2671.5,2671.5,1158,4185,2140.4,myelin-exec:__myl_SlicSlicMulMulMulAddMulTanhAddMulMulMulMulCast_myl0_2110
0.0,5343,2,2671.5,2671.5,1075,4268,2257.8,myelin-exec:__myl_SlicSlicMulMulMulAddMulTanhAddMulMulMulMulCast_myl0_3448
0.0,5342,2,2671.0,2671.0,1194,4148,2088.8,myelin-exec:__myl_MulCastAddMulCastAddConcMaxrSubExpSum_myl0_3303
0.0,5342,2,2671.0,2671.0,1250,4092,2009.6,myelin-exec:__myl_SlicReshSlicNegSlicConcMulMulAddTran_myl0_1907
0.0,5342,2,2671.0,2671.0,1824,3518,1197.8,myelin-exec:__myl_SlicReshSlicNegSlicConcMulMulAddTran_myl0_911
0.0,5334,2,2667.0,2667.0,1130,4204,2173.6,myelin-exec:__myl_DivMulCastCastMulCastReshReshSlicSlic_myl0_1192
0.0,5334,2,2667.0,2667.0,1130,4204,2173.6,myelin-exec:__myl_MulCastAddMulCastAddConcMaxrSubExpSum_myl0_930
0.0,5334,2,2667.0,2667.0,1278,4056,1964.3,myelin-exec:__myl_SlicReshSlicNegSlicConcMulMulAddTran_myl0_1238
0.0,5334,2,2667.0,2667.0,1084,4250,2238.7,myelin-exec:__myl_SlicReshTranSlicNegSlicConcMulMulAddCastMulCast_myl0_2132
0.0,5333,2,2666.5,2666.5,1130,4203,2172.9,myelin-exec:__myl_DivMulCastCastMulCastReshReshSlicSlic_myl0_1776
0.0,5333,2,2666.5,2666.5,1167,4166,2120.6,myelin-exec:__myl_Repl_myl0_747
0.0,5333,2,2666.5,2666.5,1269,4064,1976.4,myelin-exec:__myl_SlicReshSlicNegSlicConcMulMulAddTran_myl0_1771
0.0,5333,2,2666.5,2666.5,1203,4130,2069.7,myelin-exec:__myl_SlicSlicMulMulMulAddMulTanhAddMulMulMulMulCast_myl0_1784
0.0,5324,2,2662.0,2662.0,1222,4102,2036.5,myelin-exec:__myl_AddCastMulMeanAddSqrtDivMulMulAddCastMulCast_myl0_2159
0.0,5324,2,2662.0,2662.0,1102,4222,2206.2,myelin-exec:__myl_DivMulCastCastMulCastReshReshSlicSlic_myl0_3389
0.0,5324,2,2662.0,2662.0,1426,3898,1748.0,myelin-exec:__myl_MoveReplConcReshReshMove_myl0_383
0.0,5324,2,2662.0,2662.0,1130,4194,2166.6,myelin-exec:__myl_Slic_myl0_2052
0.0,5316,2,2658.0,2658.0,1445,3871,1715.4,myelin-exec:__myl_AddCastMeanSubMulMeanAddSqrtDivMulCastMulAddMulCast_myl0_202
0.0,5316,2,2658.0,2658.0,1306,4010,1912.0,myelin-exec:__myl_AddMulCastReshTran_myl0_3478
0.0,5315,2,2657.5,2657.5,1130,4185,2160.2,myelin-exec:__myl_AddCastMulMeanAddSqrtDivMulMulAddCastMulCast_myl0_1422
0.0,5315,2,2657.5,2657.5,1111,4204,2187.1,myelin-exec:__myl_AddCastMulMeanAddSqrtDivMulMulAddCastMulCast_myl0_3086
0.0,5315,2,2657.5,2657.5,1232,4083,2016.0,myelin-exec:__myl_AddCastMulMeanAddSqrtDivMulMulAddCastMulCast_myl0_839
0.0,5315,2,2657.5,2657.5,1398,3917,1781.2,myelin-exec:__myl_MoveReplConcReshReshMove_myl0_358
0.0,5315,2,2657.5,2657.5,1287,4028,1938.2,myelin-exec:__myl_Repl_myl0_748
0.0,5315,2,2657.5,2657.5,1037,4278,2291.7,myelin-exec:__myl_SlicReshSlicNegSlicConcMulMulAddTran_myl0_928
0.0,5314,2,2657.0,2657.0,1120,4194,2173.6,myelin-exec:__myl_AddCastMulMeanAddSqrtDivMulMulAddCastMulCast_myl0_1782
0.0,5314,2,2657.0,2657.0,1083,4231,2226.0,myelin-exec:__myl_AddCastMulMeanAddSqrtDivMulMulAddCastMulCast_myl0_3776
0.0,5314,2,2657.0,2657.0,1194,4120,2069.0,myelin-exec:__myl_Repl_myl0_746
0.0,5314,2,2657.0,2657.0,1314,4000,1899.3,myelin-exec:__myl_SlicSlicMulMulMulAddMulTanhAddMulMulMulMulCast_myl0_1390
0.0,5314,2,2657.0,2657.0,1120,4194,2173.6,myelin-exec:__myl_SlicSlicMulMulMulAddMulTanhAddMulMulMulMulCast_myl0_3261
0.0,5306,2,2653.0,2653.0,1056,4250,2258.5,myelin-exec:__myl_AddCastMulMeanAddSqrtDivMulMulAddCastMulCast_myl0_1969
0.0,5306,2,2653.0,2653.0,1361,3945,1827.2,myelin-exec:__myl_Repl_myl0_750
0.0,5306,2,2653.0,2653.0,1176,4130,2088.8,myelin-exec:__myl_SlicReshTranSlicNegSlicConcMulMulAddCastMulCast_myl0_1256
0.0,5305,2,2652.5,2652.5,1148,4157,2127.7,myelin-exec:__myl_SlicReshTranSlicNegSlicConcMulMulAddCastMulCast_myl0_2682
0.0,5305,2,2652.5,2652.5,1213,4092,2035.8,myelin-exec:__myl_SlicSlicMulMulMulAddMulTanhAddMulMulMulMulCast_myl0_1132
0.0,5297,2,2648.5,2648.5,1065,4232,2239.4,myelin-exec:__myl_AddCastMulMeanAddSqrtDivMulMulAddCastMulCast_myl0_3365
0.0,5297,2,2648.5,2648.5,1324,3973,1873.1,myelin-exec:__myl_SlicReshSlicNegSlicConcMulMulAddTran_myl0_3676
0.0,5296,2,2648.0,2648.0,1296,4000,1912.0,myelin-exec:__myl_AddMulCastReshTran_myl0_3702
0.0,5296,2,2648.0,2648.0,1222,4074,2016.7,myelin-exec:__myl_SlicReshTranSlicNegSlicConcMulMulAddCastMulCast_myl0_1531
0.0,5295,2,2647.5,2647.5,1166,4129,2095.2,myelin-exec:__myl_MoveReplConcReshReshMove_myl0_328
0.0,5295,2,2647.5,2647.5,1055,4240,2252.1,myelin-exec:__myl_SlicReshTranSlicNegSlicConcMulMulAddCastMulCast_myl0_1273
0.0,5278,2,2639.0,2639.0,1269,4009,1937.5,myelin-exec:__myl_AddCastMulMeanAddSqrtDivMulMulAddCastMulCast_myl0_2896
0.0,5278,2,2639.0,2639.0,1139,4139,2121.3,myelin-exec:__myl_DivMulCastCastMulCastReshReshSlicSlic_myl0_2530
0.0,5278,2,2639.0,2639.0,1333,3945,1847.0,myelin-exec:__myl_MoveReplConcReshReshMove_myl0_356
0.0,5278,2,2639.0,2639.0,1370,3908,1794.6,myelin-exec:__myl_MoveReplConcReshReshMove_myl0_508
0.0,5278,2,2639.0,2639.0,1112,4166,2159.5,myelin-exec:__myl_MulCastAddMulCastAddConcMaxrSubExpSum_myl0_2050
0.0,5278,2,2639.0,2639.0,1259,4019,1951.6,myelin-exec:__myl_SlicSlicMulMulMulAddMulTanhAddMulMulMulMulCast_myl0_2042
0.0,5269,2,2634.5,2634.5,1102,4167,2167.3,myelin-exec:__myl_SlicSlicMulMulMulAddMulTanhAddMulMulMulMulCast_myl0_2864
0.0,5268,2,2634.0,2634.0,1204,4064,2022.3,myelin-exec:__myl_AddCastMulMeanAddSqrtDivMulMulAddCastMulCast_myl0_2954
0.0,5268,2,2634.0,2634.0,1129,4139,2128.4,myelin-exec:__myl_MulCastAddMulCastAddConcMaxrSubExpSum_myl0_3405
0.0,5268,2,2634.0,2634.0,1111,4157,2153.8,myelin-exec:__myl_SlicReshTranSlicNegSlicConcMulMulAddCastMulCast_myl0_2801
0.0,5268,2,2634.0,2634.0,1138,4130,2115.7,myelin-exec:__myl_SlicSlicMulMulMulAddMulTanhAddMulMulMulMulCast_myl0_1903
0.0,5260,2,2630.0,2630.0,1278,3982,1912.0,myelin-exec:__myl_AddCastMulMeanAddSqrtDivMulMulAddCastMulCast_myl0_3480
0.0,5260,2,2630.0,2630.0,1102,4158,2160.9,myelin-exec:__myl_DivMulCastCastMulCastReshReshSlicSlic_myl0_1844
0.0,5260,2,2630.0,2630.0,991,4269,2317.9,myelin-exec:__myl_Slic_myl0_847
0.0,5259,2,2629.5,2629.5,1074,4185,2199.8,myelin-exec:__myl_AddCastMulMeanAddSqrtDivMulMulAddCastMulCast_myl0_3446
0.0,5259,2,2629.5,2629.5,1157,4102,2082.4,myelin-exec:__myl_SlicSlicMulMulMulAddMulTanhAddMulMulMulMulCast_myl0_3774
0.0,5251,2,2625.5,2625.5,1306,3945,1866.1,myelin-exec:__myl_MoveReplConcReshReshMove_myl0_397
0.0,5251,2,2625.5,2625.5,1102,4149,2154.6,myelin-exec:__myl_SlicReshTranSlicNegSlicConcMulMulAddCastMulCast_myl0_2886
0.0,5250,2,2625.0,2625.0,1157,4093,2076.1,myelin-exec:__myl_MulCastAddMulCastAddConcMaxrSubExpSum_myl0_1015
0.0,5250,2,2625.0,2625.0,1268,3982,1919.1,myelin-exec:__myl_MulCastAddMulCastAddConcMaxrSubExpSum_myl0_1398
0.0,5250,2,2625.0,2625.0,1046,4204,2233.0,myelin-exec:__myl_SlicReshSlicNegSlicConcMulMulAddTran_myl0_3058
0.0,5250,2,2625.0,2625.0,1148,4102,2088.8,myelin-exec:__myl_SlicSlicMulMulMulAddMulTanhAddMulMulMulMulCast_myl0_1200
0.0,5249,2,2624.5,2624.5,1018,4231,2271.9,myelin-exec:__myl_MoveReplConcReshReshMove_myl0_581
0.0,5249,2,2624.5,2624.5,1453,3796,1656.8,myelin-exec:__myl_SlicReshSlicNegSlicConcMulMulAddTran_myl0_3299
0.0,5242,2,2621.0,2621.0,1260,3982,1924.7,myelin-exec:__myl_AddCastMulMeanAddSqrtDivMulMulAddCastMulCast_myl0_3361
0.0,5241,2,2620.5,2620.5,1407,3834,1716.1,myelin-exec:__myl_AddCastMeanSubMulMeanAddSqrtDivMulCastMulAddMulCast_myl0_213
0.0,5241,2,2620.5,2620.5,1102,4139,2147.5,myelin-exec:__myl_SlicSlicMulMulMulAddMulTanhAddMulMulMulMulCast_myl0_1818
0.0,5240,2,2620.0,2620.0,1120,4120,2121.3,myelin-exec:__myl_AddCastMulMeanAddSqrtDivMulMulAddCastMulCast_myl0_2696
0.0,5232,2,2616.0,2616.0,1148,4084,2076.1,myelin-exec:__myl_DivMulCastCastMulCastReshReshSlicSlic_myl0_2136
0.0,5232,2,2616.0,2616.0,1084,4148,2166.6,myelin-exec:__myl_SlicReshTranSlicNegSlicConcMulMulAddCastMulCast_myl0_3195
0.0,5232,2,2616.0,2616.0,1028,4204,2245.8,myelin-exec:__myl_Slic_myl0_1434
0.0,5231,2,2615.5,2615.5,1296,3935,1866.1,myelin-exec:__myl_SlicReshTranSlicNegSlicConcMulMulAddCastMulCast_myl0_2424
0.0,5222,2,2611.0,2611.0,1074,4148,2173.6,myelin-exec:__myl_SlicReshSlicNegSlicConcMulMulAddTran_myl0_2440
0.0,5222,2,2611.0,2611.0,1148,4074,2069.0,myelin-exec:__myl_SlicReshTranSlicNegSlicConcMulMulAddCastMulCast_myl0_2407
0.0,5222,2,2611.0,2611.0,1111,4111,2121.3,myelin-exec:__myl_SlicReshTranSlicNegSlicConcMulMulAddCastMulCast_myl0_2458
0.0,5222,2,2611.0,2611.0,1250,3972,1924.7,myelin-exec:__myl_Slic_myl0_1017
0.0,5222,2,2611.0,2611.0,1074,4148,2173.6,myelin-exec:__myl_Slic_myl0_2653
0.0,5221,2,2610.5,2610.5,1240,3981,1938.2,myelin-exec:__myl_MoveReplConcReshReshMove_myl0_656
0.0,5214,2,2607.0,2607.0,1241,3973,1931.8,myelin-exec:__myl_AddMulCastReshTran_myl0_2038
0.0,5214,2,2607.0,2607.0,1408,3806,1695.6,myelin-exec:__myl_Slic_myl0_2327
0.0,5213,2,2606.5,2606.5,1130,4083,2088.1,myelin-exec:__myl_AddCastMulMeanAddSqrtDivMulMulAddCastMulCast_myl0_2900
0.0,5213,2,2606.5,2606.5,1046,4167,2206.9,myelin-exec:__myl_DivMulCastCastMulCastReshReshSlicSlic_myl0_3199
0.0,5213,2,2606.5,2606.5,1111,4102,2115.0,myelin-exec:__myl_SlicSlicMulMulMulAddMulTanhAddMulMulMulMulCast_myl0_2025
0.0,5212,2,2606.0,2606.0,1129,4083,2088.8,myelin-exec:__myl_SlicSlicMulMulMulAddMulTanhAddMulMulMulMulCast_myl0_2762
0.0,5204,2,2602.0,2602.0,1333,3871,1794.6,myelin-exec:__myl_AddCastMulMeanAddSqrtDivMulMulAddCastMulCast_myl0_2044
0.0,5204,2,2602.0,2602.0,1084,4120,2146.8,myelin-exec:__myl_AddCastMulMeanAddSqrtDivMulMulAddCastMulCast_myl0_2832
0.0,5204,2,2602.0,2602.0,1083,4121,2148.2,myelin-exec:__myl_AddCastMulMeanAddSqrtDivMulMulAddCastMulCast_myl0_3293
0.0,5204,2,2602.0,2602.0,1120,4084,2095.9,myelin-exec:__myl_DivMulCastCastMulCastReshReshSlicSlic_myl0_1226
0.0,5204,2,2602.0,2602.0,1213,3991,1964.3,myelin-exec:__myl_MulCastAddMulCastAddConcMaxrSubExpSum_myl0_2118
0.0,5204,2,2602.0,2602.0,1176,4028,2016.7,myelin-exec:__myl_MulCastAddMulCastAddConcMaxrSubExpSum_myl0_3490
0.0,5204,2,2602.0,2602.0,1157,4047,2043.5,myelin-exec:__myl_SlicReshTranSlicNegSlicConcMulMulAddCastMulCast_myl0_2339
0.0,5204,2,2602.0,2602.0,1306,3898,1832.8,myelin-exec:__myl_Slic_myl0_2412
0.0,5203,2,2601.5,2601.5,1287,3916,1859.0,myelin-exec:__myl_MoveReplConcReshReshMove_myl0_403
0.0,5203,2,2601.5,2601.5,1194,4009,1990.5,myelin-exec:__myl_MoveReplConcReshReshMove_myl0_597
0.0,5203,2,2601.5,2601.5,1055,4148,2187.1,myelin-exec:__myl_SlicReshSlicNegSlicConcMulMulAddTran_myl0_2902
0.0,5203,2,2601.5,2601.5,1055,4148,2187.1,myelin-exec:__myl_SlicReshTranSlicNegSlicConcMulMulAddCastMulCast_myl0_3419
0.0,5195,2,2597.5,2597.5,1287,3908,1853.3,myelin-exec:__myl_Slic_myl0_932
0.0,5194,2,2597.0,2597.0,1074,4120,2153.8,myelin-exec:__myl_MulCastAddMulCastAddConcMaxrSubExpSum_myl0_1860
0.0,5194,2,2597.0,2597.0,1240,3954,1919.1,myelin-exec:__myl_SlicReshSlicNegSlicConcMulMulAddTran_myl0_2233
0.0,5194,2,2597.0,2597.0,1351,3843,1762.1,myelin-exec:__myl_SlicSlicMulMulMulAddMulTanhAddMulMulMulMulCast_myl0_2229
0.0,5194,2,2597.0,2597.0,1222,3972,1944.5,myelin-exec:__myl_Slic_myl0_2001
0.0,5186,2,2593.0,2593.0,1084,4102,2134.0,myelin-exec:__myl_DivMulCastCastMulCastReshReshSlicSlic_myl0_3355
0.0,5186,2,2593.0,2593.0,1260,3926,1885.1,myelin-exec:__myl_MoveReplConcReshReshMove_myl0_617
0.0,5186,2,2593.0,2593.0,1241,3945,1912.0,myelin-exec:__myl_SlicSlicMulMulMulAddMulTanhAddMulMulMulMulCast_myl0_1166
0.0,5185,2,2592.5,2592.5,1222,3963,1938.2,myelin-exec:__myl_AddCastMulMeanAddSqrtDivMulMulAddCastMulCast_myl0_1083
0.0,5185,2,2592.5,2592.5,1315,3870,1806.7,myelin-exec:__myl_AddCastMulMeanAddSqrtDivMulMulAddCastMulCast_myl0_1113
0.0,5185,2,2592.5,2592.5,1083,4102,2134.8,myelin-exec:__myl_SlicSlicMulMulMulAddMulTanhAddMulMulMulMulCast_myl0_2986
0.0,5184,2,2592.0,2592.0,1416,3768,1663.1,myelin-exec:__myl_MoveReplConcReshReshMove_myl0_658
0.0,5177,2,2588.5,2588.5,1158,4019,2023.0,myelin-exec:__myl_AddCastMulMeanAddSqrtDivMulMulAddCastMulCast_myl0_3018
0.0,5176,2,2588.0,2588.0,1111,4065,2088.8,myelin-exec:__myl_AddCastMulMeanAddSqrtDivMulMulAddCastMulCast_myl0_924
0.0,5176,2,2588.0,2588.0,1213,3963,1944.5,myelin-exec:__myl_DivMulCastCastMulCastReshReshSlicSlic_myl0_2581
0.0,5176,2,2588.0,2588.0,1139,4037,2049.2,myelin-exec:__myl_SlicReshTranSlicNegSlicConcMulMulAddCastMulCast_myl0_1959
0.0,5167,2,2583.5,2583.5,1028,4139,2199.8,myelin-exec:__myl_DivMulCastCastMulCastReshReshSlicSlic_myl0_2547
0.0,5167,2,2583.5,2583.5,1232,3935,1911.3,myelin-exec:__myl_SlicReshTranSlicNegSlicConcMulMulAddCastMulCast_myl0_2818
0.0,5166,2,2583.0,2583.0,1101,4065,2095.9,myelin-exec:__myl_MulCastAddMulCastAddConcMaxrSubExpSum_myl0_3337
0.0,5166,2,2583.0,2583.0,1129,4037,2056.3,myelin-exec:__myl_SlicSlicMulMulMulAddMulTanhAddMulMulMulMulCast_myl0_1886
0.0,5158,2,2579.0,2579.0,1075,4083,2127.0,myelin-exec:__myl_AddCastMulMeanAddSqrtDivMulMulAddCastMulCast_myl0_1351
0.0,5158,2,2579.0,2579.0,1047,4111,2166.6,myelin-exec:__myl_AddCastMulMeanAddSqrtDivMulMulAddCastMulCast_myl0_2163
0.0,5158,2,2579.0,2579.0,1167,3991,1996.9,myelin-exec:__myl_MulCastAddMulCastAddConcMaxrSubExpSum_myl0_3130
0.0,5157,2,2578.5,2578.5,1028,4129,2192.7,myelin-exec:__myl_AddCastMulMeanAddSqrtDivMulMulAddCastMulCast_myl0_2112
0.0,5157,2,2578.5,2578.5,1167,3990,1996.2,myelin-exec:__myl_AddMulCastReshTran_myl0_3736
0.0,5157,2,2578.5,2578.5,1324,3833,1774.1,myelin-exec:__myl_SlicReshSlicNegSlicConcMulMulAddTran_myl0_2199
0.0,5157,2,2578.5,2578.5,1166,3991,1997.6,myelin-exec:__myl_SlicSlicMulMulMulAddMulTanhAddMulMulMulMulCast_myl0_3312
0.0,5157,2,2578.5,2578.5,963,4194,2284.7,myelin-exec:__myl_Slic_myl0_1777
0.0,5149,2,2574.5,2574.5,1269,3880,1846.3,myelin-exec:__myl_MoveReplConcReshReshMove_myl0_531
0.0,5149,2,2574.5,2574.5,1139,4010,2030.1,myelin-exec:__myl_SlicSlicMulMulMulAddMulTanhAddMulMulMulMulCast_myl0_3397
0.0,5148,2,2574.0,2574.0,1287,3861,1820.1,myelin-exec:__myl_AddCastMulMeanAddSqrtDivMulMulAddCastMulCast_myl0_3310
0.0,5148,2,2574.0,2574.0,1213,3935,1924.7,myelin-exec:__myl_AddCastMulMeanAddSqrtDivMulMulAddCastMulCast_myl0_3670
0.0,5148,2,2574.0,2574.0,1148,4000,2016.7,myelin-exec:__myl_DivMulCastCastMulCastReshReshSlicSlic_myl0_3114
0.0,5148,2,2574.0,2574.0,1315,3833,1780.5,myelin-exec:__myl_MoveReplConcReshReshMove_myl0_456
0.0,5148,2,2574.0,2574.0,1213,3935,1924.7,myelin-exec:__myl_MulCastAddMulCastAddConcMaxrSubExpSum_myl0_1208
0.0,5147,2,2573.5,2573.5,1101,4046,2082.4,myelin-exec:__myl_DivMulCastCastMulCastReshReshSlicSlic_myl0_3182
0.0,5139,2,2569.5,2569.5,1167,3972,1983.4,myelin-exec:__myl_SlicReshSlicNegSlicConcMulMulAddTran_myl0_3024
0.0,5139,2,2569.5,2569.5,908,4231,2349.7,myelin-exec:__myl_SlicReshSlicNegSlicConcMulMulAddTran_myl0_996
0.0,5139,2,2569.5,2569.5,1083,4056,2102.2,myelin-exec:__myl_SlicReshTranSlicNegSlicConcMulMulAddCastMulCast_myl0_3059
0.0,5138,2,2569.0,2569.0,1129,4009,2036.5,myelin-exec:__myl_MulCastAddMulCastAddConcMaxrSubExpSum_myl0_2597
0.0,5138,2,2569.0,2569.0,1426,3712,1616.4,myelin-exec:__myl_MulCastAddMulCastAddConcMaxrSubExpSum_myl0_3096
0.0,5131,2,2565.5,2565.5,1297,3834,1793.9,myelin-exec:__myl_AddMulCastReshTran_myl0_1349
0.0,5130,2,2565.0,2565.0,1093,4037,2081.7,myelin-exec:__myl_MulCastAddMulCastAddConcMaxrSubExpSum_myl0_2994
0.0,5120,2,2560.0,2560.0,1120,4000,2036.5,myelin-exec:__myl_DivMulCastCastMulCastReshReshSlicSlic_myl0_3321
0.0,5120,2,2560.0,2560.0,1046,4074,2141.1,myelin-exec:__myl_SlicReshTranSlicNegSlicConcMulMulAddCastMulCast_myl0_3144
0.0,5120,2,2560.0,2560.0,1055,4065,2128.4,myelin-exec:__myl_SlicSlicMulMulMulAddMulTanhAddMulMulMulMulCast_myl0_3482
0.0,5111,2,2555.5,2555.5,1222,3889,1885.9,myelin-exec:__myl_AddCastMulMeanAddSqrtDivMulMulAddCastMulCast_myl0_1198
0.0,5111,2,2555.5,2555.5,1102,4009,2055.6,myelin-exec:__myl_AddCastMulMeanAddSqrtDivMulMulAddCastMulCast_myl0_3120
0.0,5111,2,2555.5,2555.5,1361,3750,1689.3,myelin-exec:__myl_MulCastAddMulCastAddConcMaxrSubExpSum_myl0_3062
0.0,5111,2,2555.5,2555.5,1241,3870,1859.0,myelin-exec:__myl_SlicReshSlicNegSlicConcMulMulAddTran_myl0_1119
0.0,5111,2,2555.5,2555.5,1083,4028,2082.4,myelin-exec:__myl_SlicReshTranSlicNegSlicConcMulMulAddCastMulCast_myl0_2750
0.0,5111,2,2555.5,2555.5,1019,4092,2172.9,myelin-exec:__myl_SlicReshTranSlicNegSlicConcMulMulAddCastMulCast_myl0_3076
0.0,5110,2,2555.0,2555.0,1138,3972,2003.9,myelin-exec:__myl_SlicSlicMulMulMulAddMulTanhAddMulMulMulMulCast_myl0_2898
0.0,5102,2,2551.0,2551.0,1287,3815,1787.6,myelin-exec:__myl_Repl_myl0_751
0.0,5102,2,2551.0,2551.0,1296,3806,1774.8,myelin-exec:__myl_SlicReshSlicNegSlicConcMulMulAddTran_myl0_3211
0.0,5102,2,2551.0,2551.0,1139,3963,1996.9,myelin-exec:__myl_SlicSlicMulMulMulAddMulTanhAddMulMulMulMulCast_myl0_2694
0.0,5102,2,2551.0,2551.0,1065,4037,2101.5,myelin-exec:__myl_Slic_myl0_3217
0.0,5102,2,2551.0,2551.0,1102,4000,2049.2,myelin-exec:__myl_Slic_myl0_3407
0.0,5093,2,2546.5,2546.5,1297,3796,1767.1,myelin-exec:__myl_AddCastMulMeanAddSqrtDivMulMulAddCastMulCast_myl0_2468
0.0,5093,2,2546.5,2546.5,1102,3991,2042.8,myelin-exec:__myl_DivMulCastCastMulCastReshReshSlicSlic_myl0_3474
0.0,5093,2,2546.5,2546.5,1260,3833,1819.4,myelin-exec:__myl_SlicReshSlicNegSlicConcMulMulAddTran_myl0_3486
0.0,5092,2,2546.0,2546.0,1250,3842,1832.8,myelin-exec:__myl_AddCastMulMeanAddSqrtDivMulMulAddCastMulCast_myl0_2265
0.0,5092,2,2546.0,2546.0,1666,3426,1244.5,myelin-exec:__myl_MoveReplConcReshReshMove_myl0_653
0.0,5092,2,2546.0,2546.0,1240,3852,1847.0,myelin-exec:__myl_MulCastAddMulCastAddConcMaxrSubExpSum_myl0_2359
0.0,5092,2,2546.0,2546.0,1129,3963,2003.9,myelin-exec:__myl_SlicSlicMulMulMulAddMulTanhAddMulMulMulMulCast_myl0_2317
0.0,5084,2,2542.0,2542.0,1158,3926,1957.3,myelin-exec:__myl_MulCastAddMulCastAddConcMaxrSubExpSum_myl0_1775
0.0,5083,2,2541.5,2541.5,1185,3898,1918.4,myelin-exec:__myl_SlicReshTranSlicNegSlicConcMulMulAddCastMulCast_myl0_3283
0.0,5075,2,2537.5,2537.5,1130,3945,1990.5,myelin-exec:__myl_AddCastMulMeanAddSqrtDivMulMulAddCastMulCast_myl0_3636
0.0,5075,2,2537.5,2537.5,1019,4056,2147.5,myelin-exec:__myl_Slic_myl0_3183
0.0,5074,2,2537.0,2537.0,1222,3852,1859.7,myelin-exec:__myl_AddCastMulMeanAddSqrtDivMulMulAddCastMulCast_myl0_2295
0.0,5074,2,2537.0,2537.0,1093,3981,2042.1,myelin-exec:__myl_AddCastMulMeanAddSqrtDivMulMulAddCastMulCast_myl0_3205
0.0,5074,2,2537.0,2537.0,1167,3907,1937.5,myelin-exec:__myl_SlicReshTranSlicNegSlicConcMulMulAddCastMulCast_myl0_2974
0.0,5074,2,2537.0,2537.0,1213,3861,1872.4,myelin-exec:__myl_Slic_myl0_2565
0.0,5065,2,2532.5,2532.5,1195,3870,1891.5,myelin-exec:__myl_SlicReshTranSlicNegSlicConcMulMulAddCastMulCast_myl0_1412
0.0,5065,2,2532.5,2532.5,1148,3917,1958.0,myelin-exec:__myl_SlicReshTranSlicNegSlicConcMulMulAddCastMulCast_myl0_2784
0.0,5064,2,2532.0,2532.0,1083,3981,2049.2,myelin-exec:__myl_Slic_myl0_1329
0.0,5056,2,2528.0,2528.0,1130,3926,1977.1,myelin-exec:__myl_DivMulCastCastMulCastReshReshSlicSlic_myl0_2822
0.0,5055,2,2527.5,2527.5,1212,3843,1860.4,myelin-exec:__myl_SlicReshSlicNegSlicConcMulMulAddTran_myl0_1204
0.0,5055,2,2527.5,2527.5,1361,3694,1649.7,myelin-exec:__myl_Slic_myl0_3818
0.0,5047,2,2523.5,2523.5,1121,3926,1983.4,myelin-exec:__myl_AddCastMulMeanAddSqrtDivMulMulAddCastMulCast_myl0_1117
0.0,5047,2,2523.5,2523.5,1139,3908,1958.0,myelin-exec:__myl_AddCastMulMeanAddSqrtDivMulMulAddCastMulCast_myl0_2387
0.0,5047,2,2523.5,2523.5,1121,3926,1983.4,myelin-exec:__myl_AddCastMulMeanAddSqrtDivMulMulAddCastMulCast_myl0_2536
0.0,5047,2,2523.5,2523.5,1223,3824,1839.2,myelin-exec:__myl_SlicReshSlicNegSlicConcMulMulAddTran_myl0_1428
0.0,5046,2,2523.0,2523.0,1083,3963,2036.5,myelin-exec:__myl_SlicReshTranSlicNegSlicConcMulMulAddCastMulCast_myl0_3008
0.0,5036,2,2518.0,2518.0,1148,3888,1937.5,myelin-exec:__myl_SlicReshSlicNegSlicConcMulMulAddTran_myl0_1013
0.0,5028,2,2514.0,2514.0,1065,3963,2049.2,myelin-exec:__myl_AddCastMulMeanAddSqrtDivMulMulAddCastMulCast_myl0_1164
0.0,5028,2,2514.0,2514.0,1065,3963,2049.2,myelin-exec:__myl_DivMulCastCastMulCastReshReshSlicSlic_myl0_2635
0.0,5028,2,2514.0,2514.0,1139,3889,1944.5,myelin-exec:__myl_SlicSlicMulMulMulAddMulTanhAddMulMulMulMulCast_myl0_1115
0.0,5028,2,2514.0,2514.0,1037,3991,2088.8,myelin-exec:__myl_SlicSlicMulMulMulAddMulTanhAddMulMulMulMulCast_myl0_2297
0.0,5027,2,2513.5,2513.5,1176,3851,1891.5,myelin-exec:__myl_DivMulCastCastMulCastReshReshSlicSlic_myl0_2102
0.0,5027,2,2513.5,2513.5,1213,3814,1839.2,myelin-exec:__myl_SlicReshSlicNegSlicConcMulMulAddTran_myl0_2267
0.0,5019,2,2509.5,2509.5,1148,3871,1925.5,myelin-exec:__myl_AddCastMulMeanAddSqrtDivMulMulAddCastMulCast_myl0_2587
0.0,5019,2,2509.5,2509.5,1287,3732,1728.9,myelin-exec:__myl_MoveReplConcReshReshMove_myl0_528
0.0,5019,2,2509.5,2509.5,1083,3936,2017.4,myelin-exec:__myl_SlicReshTranSlicNegSlicConcMulMulAddCastMulCast_myl0_3178
0.0,5019,2,2509.5,2509.5,1000,4019,2134.8,myelin-exec:__myl_Slic_myl0_1862
0.0,5018,2,2509.0,2509.0,1213,3805,1832.8,myelin-exec:__myl_AddCastMulMeanAddSqrtDivMulMulAddCastMulCast_myl0_2078
0.0,5018,2,2509.0,2509.0,1037,3981,2081.7,myelin-exec:__myl_SlicReshTranSlicNegSlicConcMulMulAddCastMulCast_myl0_1222
0.0,5018,2,2509.0,2509.0,1046,3972,2069.0,myelin-exec:__myl_SlicSlicMulMulMulAddMulTanhAddMulMulMulMulCast_myl0_3363
0.0,5010,2,2505.0,2505.0,1102,3908,1984.1,myelin-exec:__myl_AddCastMulMeanAddSqrtDivMulMulAddCastMulCast_myl0_1820
0.0,5010,2,2505.0,2505.0,1130,3880,1944.5,myelin-exec:__myl_DivMulCastCastMulCastReshReshSlicSlic_myl0_1073
0.0,5010,2,2505.0,2505.0,1065,3945,2036.5,myelin-exec:__myl_SlicSlicMulMulMulAddMulTanhAddMulMulMulMulCast_myl0_1971
0.0,5010,2,2505.0,2505.0,1148,3862,1919.1,myelin-exec:__myl_Slic_myl0_2806
0.0,5009,2,2504.5,2504.5,1009,4000,2115.0,myelin-exec:__myl_SlicReshSlicNegSlicConcMulMulAddTran_myl0_2508
0.0,5009,2,2504.5,2504.5,1269,3740,1747.3,myelin-exec:__myl_SlicReshSlicNegSlicConcMulMulAddTran_myl0_3812
0.0,5009,2,2504.5,2504.5,1000,4009,2127.7,myelin-exec:__myl_Slic_myl0_813
0.0,5001,2,2500.5,2500.5,1130,3871,1938.2,myelin-exec:__myl_AddCastMulMeanAddSqrtDivMulMulAddCastMulCast_myl0_1321
0.0,5000,2,2500.0,2500.0,1102,3898,1977.1,myelin-exec:__myl_AddCastMulMeanAddSqrtDivMulMulAddCastMulCast_myl0_1232
0.0,5000,2,2500.0,2500.0,1093,3907,1989.8,myelin-exec:__myl_AddCastMulMeanAddSqrtDivMulMulAddCastMulCast_myl0_2553
0.0,5000,2,2500.0,2500.0,1324,3676,1663.1,myelin-exec:__myl_DivMulCastCastMulCastReshReshSlicSlic_myl0_2068
0.0,5000,2,2500.0,2500.0,1176,3824,1872.4,myelin-exec:__myl_DivMulCastCastMulCastReshReshSlicSlic_myl0_2978
0.0,5000,2,2500.0,2500.0,1222,3778,1807.4,myelin-exec:__myl_SlicReshSlicNegSlicConcMulMulAddTran_myl0_2165
0.0,4991,2,2495.5,2495.5,1074,3917,2010.3,myelin-exec:__myl_DivMulCastCastMulCastReshReshSlicSlic_myl0_2428
0.0,4991,2,2495.5,2495.5,1037,3954,2062.6,myelin-exec:__myl_SlicReshSlicNegSlicConcMulMulAddTran_myl0_2114
0.0,4990,2,2495.0,2495.0,1092,3898,1984.1,myelin-exec:__myl_AddCastMulMeanAddSqrtDivMulMulAddCastMulCast_myl0_3209
0.0,4990,2,2495.0,2495.0,1065,3925,2022.3,myelin-exec:__myl_SlicSlicMulMulMulAddMulTanhAddMulMulMulMulCast_myl0_1234
0.0,4982,2,2491.0,2491.0,1186,3796,1845.5,myelin-exec:__myl_DivMulCastCastMulCastReshReshSlicSlic_myl0_2187
0.0,4981,2,2490.5,2490.5,1120,3861,1938.2,myelin-exec:__myl_SlicReshTranSlicNegSlicConcMulMulAddCastMulCast_myl0_2852
0.0,4973,2,2486.5,2486.5,1084,3889,1983.4,myelin-exec:__myl_Slic_myl0_2840
0.0,4972,2,2486.0,2486.0,1176,3796,1852.6,myelin-exec:__myl_AddCastMulMeanAddSqrtDivMulMulAddCastMulCast_myl0_2261
0.0,4972,2,2486.0,2486.0,1065,3907,2009.6,myelin-exec:__myl_AddCastMulMeanAddSqrtDivMulMulAddCastMulCast_myl0_2319
0.0,4972,2,2486.0,2486.0,1176,3796,1852.6,myelin-exec:__myl_SlicReshTranSlicNegSlicConcMulMulAddCastMulCast_myl0_1395
0.0,4972,2,2486.0,2486.0,1083,3889,1984.1,myelin-exec:__myl_SlicReshTranSlicNegSlicConcMulMulAddCastMulCast_myl0_2940
0.0,4971,2,2485.5,2485.5,1166,3805,1866.1,myelin-exec:__myl_SlicReshTranSlicNegSlicConcMulMulAddCastMulCast_myl0_2251
0.0,4964,2,2482.0,2482.0,1047,3917,2029.4,myelin-exec:__myl_SlicReshTranSlicNegSlicConcMulMulAddCastMulCast_myl0_1806
0.0,4963,2,2481.5,2481.5,1074,3889,1990.5,myelin-exec:__myl_DivMulCastCastMulCastReshReshSlicSlic_myl0_2309
0.0,4963,2,2481.5,2481.5,1046,3917,2030.1,myelin-exec:__myl_DivMulCastCastMulCastReshReshSlicSlic_myl0_3423
0.0,4963,2,2481.5,2481.5,1222,3741,1781.2,myelin-exec:__myl_MulCastAddMulCastAddConcMaxrSubExpSum_myl0_2478
0.0,4954,2,2477.0,2477.0,1139,3815,1892.2,myelin-exec:__myl_DivMulCastCastMulCastReshReshSlicSlic_myl0_1878
0.0,4954,2,2477.0,2477.0,1000,3954,2088.8,myelin-exec:__myl_Slic_myl0_2928
0.0,4953,2,2476.5,2476.5,1083,3870,1970.7,myelin-exec:__myl_DivMulCastCastMulCastReshReshSlicSlic_myl0_3287
0.0,4953,2,2476.5,2476.5,1333,3620,1617.2,myelin-exec:__myl_MoveReplConcReshReshMove_myl0_428
0.0,4953,2,2476.5,2476.5,990,3963,2102.2,myelin-exec:__myl_SlicReshSlicNegSlicConcMulMulAddTran_myl0_962
0.0,4945,2,2472.5,2472.5,1232,3713,1754.3,myelin-exec:__myl_MulCastAddMulCastAddConcMaxrSubExpSum_myl0_1945
0.0,4945,2,2472.5,2472.5,1102,3843,1938.2,myelin-exec:__myl_MulCastAddMulCastAddConcMaxrSubExpSum_myl0_3439
0.0,4945,2,2472.5,2472.5,1278,3667,1689.3,myelin-exec:__myl_SlicReshSlicNegSlicConcMulMulAddTran_myl0_2080
0.0,4944,2,2472.0,2472.0,1148,3796,1872.4,myelin-exec:__myl_AddCastMulMeanAddSqrtDivMulMulAddCastMulCast_myl0_1236
0.0,4944,2,2472.0,2472.0,1250,3694,1728.2,myelin-exec:__myl_DivMulCastCastMulCastReshReshSlicSlic_myl0_2017
0.0,4944,2,2472.0,2472.0,1046,3898,2016.7,myelin-exec:__myl_Slic_myl0_2619
0.0,4936,2,2468.0,2468.0,1065,3871,1984.1,myelin-exec:__myl_SlicReshTranSlicNegSlicConcMulMulAddCastMulCast_myl0_2098
0.0,4935,2,2467.5,2467.5,1055,3880,1997.6,myelin-exec:__myl_AddCastMulMeanAddSqrtDivMulMulAddCastMulCast_myl0_2349
0.0,4935,2,2467.5,2467.5,1037,3898,2023.0,myelin-exec:__myl_Slic_myl0_2446
0.0,4926,2,2463.0,2463.0,1148,3778,1859.7,myelin-exec:__myl_AddCastMulMeanAddSqrtDivMulMulAddCastMulCast_myl0_1456
0.0,4926,2,2463.0,2463.0,1074,3852,1964.3,myelin-exec:__myl_DivMulCastCastMulCastReshReshSlicSlic_myl0_2890
0.0,4916,2,2458.0,2458.0,1139,3777,1865.3,myelin-exec:__myl_SlicReshSlicNegSlicConcMulMulAddTran_myl0_1822
0.0,4908,2,2454.0,2454.0,1056,3852,1977.1,myelin-exec:__myl_DivMulCastCastMulCastReshReshSlicSlic_myl0_3440
0.0,4907,2,2453.5,2453.5,1092,3815,1925.5,myelin-exec:__myl_SlicReshTranSlicNegSlicConcMulMulAddCastMulCast_myl0_3504
0.0,4899,2,2449.5,2449.5,1019,3880,2023.0,myelin-exec:__myl_AddCastMulMeanAddSqrtDivMulMulAddCastMulCast_myl0_2866
0.0,4898,2,2449.0,2449.0,1092,3806,1919.1,myelin-exec:__myl_AddCastMulMeanAddSqrtDivMulMulAddCastMulCast_myl0_1168
0.0,4898,2,2449.0,2449.0,1250,3648,1695.6,myelin-exec:__myl_AddCastMulMeanAddSqrtDivMulMulAddCastMulCast_myl0_3314
0.0,4898,2,2449.0,2449.0,1287,3611,1643.3,myelin-exec:__myl_MoveReplConcReshReshMove_myl0_697
0.0,4898,2,2449.0,2449.0,1250,3648,1695.6,myelin-exec:__myl_SlicReshSlicNegSlicConcMulMulAddTran_myl0_1975
0.0,4898,2,2449.0,2449.0,1185,3713,1787.6,myelin-exec:__myl_SlicSlicMulMulMulAddMulTanhAddMulMulMulMulCast_myl0_1937
0.0,4898,2,2449.0,2449.0,1037,3861,1996.9,myelin-exec:__myl_Slic_myl0_1947
0.0,4898,2,2449.0,2449.0,1176,3722,1800.3,myelin-exec:__myl_Slic_myl0_2962
0.0,4890,2,2445.0,2445.0,1112,3778,1885.1,myelin-exec:__myl_SlicReshSlicNegSlicConcMulMulAddTran_myl0_2474
0.0,4889,2,2444.5,2444.5,1121,3768,1871.7,myelin-exec:__myl_AddCastMulMeanAddSqrtDivMulMulAddCastMulCast_myl0_2862
0.0,4889,2,2444.5,2444.5,1139,3750,1846.3,myelin-exec:__myl_MulCastAddMulCastAddConcMaxrSubExpSum_myl0_3371
0.0,4889,2,2444.5,2444.5,1093,3796,1911.3,myelin-exec:__myl_Slic_myl0_2120
0.0,4889,2,2444.5,2444.5,1093,3796,1911.3,myelin-exec:__myl_Slic_myl0_3064
0.0,4880,2,2440.0,2440.0,1084,3796,1917.7,myelin-exec:__myl_AddCastMulMeanAddSqrtDivMulMulAddCastMulCast_myl0_3518
0.0,4880,2,2440.0,2440.0,1102,3778,1892.2,myelin-exec:__myl_Slic_myl0_3339
0.0,4879,2,2439.5,2439.5,1259,3620,1669.5,myelin-exec:__myl_AddCastMulMeanAddSqrtDivMulMulAddCastMulCast_myl0_3806
0.0,4879,2,2439.5,2439.5,1046,3833,1970.7,myelin-exec:__myl_SlicReshTranSlicNegSlicConcMulMulAddCastMulCast_myl0_1188
0.0,4871,2,2435.5,2435.5,1111,3760,1873.1,myelin-exec:__myl_SlicReshSlicNegSlicConcMulMulAddTran_myl0_3160
0.0,4870,2,2435.0,2435.0,1092,3778,1899.3,myelin-exec:__myl_DivMulCastCastMulCastReshReshSlicSlic_myl0_2034
0.0,4861,2,2430.5,2430.5,1074,3787,1918.4,myelin-exec:__myl_DivMulCastCastMulCastReshReshSlicSlic_myl0_3508
0.0,4861,2,2430.5,2430.5,1139,3722,1826.5,myelin-exec:__myl_SlicReshTranSlicNegSlicConcMulMulAddCastMulCast_myl0_1874
0.0,4861,2,2430.5,2430.5,1185,3676,1761.4,myelin-exec:__myl_SlicReshTranSlicNegSlicConcMulMulAddCastMulCast_myl0_2665
0.0,4860,2,2430.0,2430.0,1175,3685,1774.8,myelin-exec:__myl_Slic_myl0_2361
0.0,4851,2,2425.5,2425.5,1083,3768,1898.6,myelin-exec:__myl_Slic_myl0_3237
0.0,4843,2,2421.5,2421.5,1028,3815,1970.7,myelin-exec:__myl_AddCastMulMeanAddSqrtDivMulMulAddCastMulCast_myl0_2794
0.0,4843,2,2421.5,2421.5,1213,3630,1709.1,myelin-exec:__myl_SlicReshTranSlicNegSlicConcMulMulAddCastMulCast_myl0_1154
0.0,4842,2,2421.0,2421.0,1148,3694,1800.3,myelin-exec:__myl_Slic_myl0_3492
0.0,4832,2,2416.0,2416.0,1055,3777,1924.7,myelin-exec:__myl_Slic_myl0_1400
0.0,4825,2,2412.5,2412.5,1121,3704,1826.5,myelin-exec:__myl_DivMulCastCastMulCastReshReshSlicSlic_myl0_2944
0.0,4824,2,2412.0,2412.0,1176,3648,1748.0,myelin-exec:__myl_MulCastAddMulCastAddConcMaxrSubExpSum_myl0_2512
0.0,4824,2,2412.0,2412.0,1065,3759,1904.9,myelin-exec:__myl_Slic_myl0_2514
0.0,4815,2,2407.5,2407.5,1130,3685,1806.7,myelin-exec:__myl_Slic_myl0_3458
0.0,4814,2,2407.0,2407.0,990,3824,2003.9,myelin-exec:__myl_Slic_myl0_2874
0.0,4806,2,2403.0,2403.0,843,3963,2206.2,myelin-exec:__myl_Slic_myl0_2171
0.0,4805,2,2402.5,2402.5,1009,3796,1970.7,myelin-exec:__myl_DivMulCastCastMulCastReshReshSlicSlic_myl0_3080
0.0,4805,2,2402.5,2402.5,1203,3602,1696.3,myelin-exec:__myl_SlicReshSlicNegSlicConcMulMulAddTran_myl0_3092
0.0,4796,2,2398.0,2398.0,1065,3731,1885.1,myelin-exec:__myl_AddCastMulMeanAddSqrtDivMulMulAddCastMulCast_myl0_1287
0.0,4796,2,2398.0,2398.0,1148,3648,1767.8,myelin-exec:__myl_SlicSlicMulMulMulAddMulTanhAddMulMulMulMulCast_myl0_2076
0.0,4787,2,2393.5,2393.5,1046,3741,1905.7,myelin-exec:__myl_DivMulCastCastMulCastReshReshSlicSlic_myl0_2343
0.0,4778,2,2389.0,2389.0,1111,3667,1807.4,myelin-exec:__myl_AddCastMulMeanAddSqrtDivMulMulAddCastMulCast_myl0_2798
0.0,4778,2,2389.0,2389.0,1083,3695,1847.0,myelin-exec:__myl_DivMulCastCastMulCastReshReshSlicSlic_myl0_3148
0.0,4759,2,2379.5,2379.5,1129,3630,1768.5,myelin-exec:__myl_AddCastMulMeanAddSqrtDivMulMulAddCastMulCast_myl0_2074
0.0,4759,2,2379.5,2379.5,1157,3602,1728.9,myelin-exec:__myl_SlicSlicMulMulMulAddMulTanhAddMulMulMulMulCast_myl0_1081
0.0,4759,2,2379.5,2379.5,1074,3685,1846.3,myelin-exec:__myl_Slic_myl0_2738
0.0,4740,2,2370.0,2370.0,1037,3703,1885.1,myelin-exec:__myl_DivMulCastCastMulCastReshReshSlicSlic_myl0_3253
0.0,4722,2,2361.0,2361.0,1009,3713,1912.0,myelin-exec:__myl_Slic_myl0_2480
0.0,4721,2,2360.5,2360.5,1231,3490,1597.4,myelin-exec:__myl_SlicReshSlicNegSlicConcMulMulAddTran_myl0_2990
0.0,4713,2,2356.5,2356.5,1213,3500,1617.2,myelin-exec:__myl_SlicReshSlicNegSlicConcMulMulAddTran_myl0_1357
0.0,4713,2,2356.5,2356.5,1037,3676,1866.1,myelin-exec:__myl_Slic_myl0_3271
0.0,4704,2,2352.0,2352.0,1047,3657,1845.5,myelin-exec:__myl_Slic_myl0_3441
0.0,4694,2,2347.0,2347.0,1046,3648,1839.9,myelin-exec:__myl_Slic_myl0_1244
0.0,4675,2,2337.5,2337.5,1000,3675,1891.5,myelin-exec:__myl_Slic_myl0_3030
0.0,4659,2,2329.5,2329.5,1038,3621,1826.5,myelin-exec:__myl_Slic_myl0_2599
0.0,4648,2,2324.0,2324.0,954,3694,1937.5,myelin-exec:__myl_Slic_myl0_2395
0.0,4648,2,2324.0,2324.0,991,3657,1885.1,myelin-exec:__myl_Slic_myl0_3305
0.0,4640,2,2320.0,2320.0,991,3649,1879.5,myelin-exec:__myl_Slic_myl0_3132
0.0,4639,2,2319.5,2319.5,1111,3528,1709.1,myelin-exec:__myl_DivMulCastCastMulCastReshReshSlicSlic_myl0_2462
0.0,4638,2,2319.0,2319.0,1240,3398,1525.9,myelin-exec:__myl_SlicReshSlicNegSlicConcMulMulAddTran_myl0_1323
0.0,4612,2,2306.0,2306.0,1037,3575,1794.6,myelin-exec:__myl_Slic_myl0_2154
0.0,4611,2,2305.5,2305.5,1102,3509,1702.0,myelin-exec:__myl_SlicReshTranSlicNegSlicConcMulMulAddCastMulCast_myl0_1341
0.0,4583,2,2291.5,2291.5,944,3639,1905.7,myelin-exec:__myl_SlicReshSlicNegSlicConcMulMulAddTran_myl0_809
0.0,4575,2,2287.5,2287.5,1010,3565,1806.7,myelin-exec:__myl_Slic_myl0_3098
0.0,4574,2,2287.0,2287.0,870,3704,2003.9,myelin-exec:__myl_DivMulCastCastMulCastReshReshSlicSlic_myl0_3012
0.0,4555,2,2277.5,2277.5,1065,3490,1714.7,myelin-exec:__myl_Slic_myl0_3166
0.0,4472,2,2236.0,2236.0,1000,3472,1748.0,myelin-exec:__myl_Slic_myl0_3373
0.0,4426,2,2213.0,2213.0,1000,3426,1715.4,myelin-exec:__myl_Slic_myl0_1176
0.0,4425,2,2212.5,2212.5,990,3435,1728.9,myelin-exec:__myl_Slic_myl0_1125
0.0,2925,2,1462.5,1462.5,1009,1916,641.3,myelin-exec:__mye1054902_0_myl0_0
0.0,2612,2,1306.0,1306.0,510,2102,1125.7,myelin-exec:__mye4361106_myl0_39
0.0,2453,2,1226.5,1226.5,935,1518,412.2,myelin-exec:__mye4361163_myl0_30
0.0,2222,2,1111.0,1111.0,861,1361,353.6,myelin-exec:__mye4361239_myl0_8
0.0,2083,2,1041.5,1041.5,685,1398,504.2,myelin-exec:__mye4361144_myl0_28
0.0,1981,2,990.5,990.5,824,1157,235.5,myelin-exec:__mye4361182_myl0_17
0.0,1787,2,893.5,893.5,518,1269,531.0,myelin-exec:cast_hvar^4361007i64_myl0_75
0.0,1751,2,875.5,875.5,612,1139,372.6,myelin-exec:cast_hvar^4361083i64_myl0_53
0.0,1741,2,870.5,870.5,408,1333,654.1,myelin-exec:cast_hvar^4360798i64_myl0_128
0.0,1685,2,842.5,842.5,713,972,183.1,myelin-exec:cast_hvar^4360855i64_myl0_119
0.0,1592,2,796.0,796.0,583,1009,301.2,myelin-exec:cast_hvar^4361235i64_myl0_9
0.0,1583,2,791.5,791.5,546,1037,347.2,myelin-exec:cast_hvar^4360247i64_myl0_295
0.0,1518,2,759.0,759.0,555,963,288.5,myelin-exec:cast_hvar^4360817i64_myl0_130
0.0,1509,2,754.5,754.5,638,871,164.8,myelin-exec:cast_hvar^4360475i64_myl0_229
0.0,1500,2,750.0,750.0,667,833,117.4,myelin-exec:__mye4361201_myl0_19
0.0,1482,2,741.0,741.0,685,797,79.2,myelin-exec:cast_hvar^4360551i64_myl0_207
0.0,1463,2,731.5,731.5,639,824,130.8,myelin-exec:cast_hvar^4360399i64_myl0_251
0.0,1454,2,727.0,727.0,704,750,32.5,myelin-exec:cast_hvar^4360931i64_myl0_97
0.0,1435,2,717.5,717.5,639,796,111.0,myelin-exec:__mye4361125_myl0_41
0.0,1425,2,712.5,712.5,583,842,183.1,myelin-exec:__mye4360346_myl0_259
0.0,1416,2,708.0,708.0,546,870,229.1,myelin-exec:cast_hvar^4360323i64_myl0_273
0.0,1416,2,708.0,708.0,694,722,19.8,myelin-exec:cast_hvar^4360665i64_myl0_174
0.0,1398,2,699.0,699.0,685,713,19.8,myelin-exec:cast_hvar^4361121i64_myl0_42
0.0,1371,2,685.5,685.5,593,778,130.8,myelin-exec:cast_hvar^4361178i64_myl0_18
0.0,1362,2,681.0,681.0,417,945,373.4,myelin-exec:__mye4361030_myl0_61
0.0,1360,2,680.0,680.0,527,833,216.4,myelin-exec:cast_hvar^4360703i64_myl0_163
0.0,1352,2,676.0,676.0,620,732,79.2,myelin-exec:__mye4361087_myl0_52
0.0,1343,2,671.5,671.5,445,898,320.3,myelin-exec:cast_hvar^4360950i64_myl0_84
0.0,1324,2,662.0,662.0,463,861,281.4,myelin-exec:__mye4360992_myl0_72
0.0,1315,2,657.5,657.5,593,722,91.2,myelin-exec:__mye4361068_myl0_50
0.0,1306,2,653.0,653.0,593,713,84.9,myelin-exec:__mye4360954_myl0_83
0.0,1306,2,653.0,653.0,537,769,164.0,myelin-exec:cast_hvar^4360779i64_myl0_141
0.0,1306,2,653.0,653.0,584,722,97.6,myelin-exec:cast_hvar^4361159i64_myl0_31
0.0,1297,2,648.5,648.5,547,750,143.5,myelin-exec:cast_hvar^4360893i64_myl0_108
0.0,1268,2,634.0,634.0,379,889,360.6,myelin-exec:cast_hvar^4361102i64_myl0_40
0.0,1268,2,634.0,634.0,574,694,84.9,myelin-exec:cast_hvar^4361140i64_myl0_29
0.0,1249,2,624.5,624.5,398,851,320.3,myelin-exec:cast_hvar^4360874i64_myl0_106
0.0,1213,2,606.5,606.5,602,611,6.4,myelin-exec:cast_hvar^4360513i64_myl0_218
0.0,1213,2,606.5,606.5,232,981,529.6,myelin-exec:cast_hvar^4360760i64_myl0_139
0.0,1185,2,592.5,592.5,574,611,26.2,myelin-exec:__mye4360840_myl0_116
0.0,1175,2,587.5,587.5,546,629,58.7,myelin-exec:cast_hvar^4360741i64_myl0_152
0.0,1158,2,579.0,579.0,306,852,386.1,myelin-exec:__mye4360327_myl0_272
0.0,1149,2,574.5,574.5,436,713,195.9,myelin-exec:__mye4360802_myl0_127
0.0,1148,2,574.0,574.0,555,593,26.9,myelin-exec:__mye4360859_myl0_118
0.0,1111,2,555.5,555.5,509,602,65.8,myelin-exec:__mye4360498_myl0_215
0.0,1111,2,555.5,555.5,500,611,78.5,myelin-exec:cast_hvar^4361197i64_myl0_20
0.0,1102,2,551.0,551.0,260,842,411.5,myelin-exec:__mye4360251_myl0_294
0.0,1084,2,542.0,542.0,482,602,84.9,myelin-exec:__mye4360270_myl0_281
0.0,1083,2,541.5,541.5,537,546,6.4,myelin-exec:cast_hvar^4361045i64_myl0_64
0.0,1075,2,537.5,537.5,482,593,78.5,myelin-exec:__mye4360935_myl0_96
0.0,1075,2,537.5,537.5,454,621,118.1,myelin-exec:__mye4360973_myl0_85
0.0,1074,2,537.0,537.0,444,630,131.5,myelin-exec:__mye4360422_myl0_237
0.0,1056,2,528.0,528.0,528,528,0.0,myelin-exec:cast_hvar^4360437i64_myl0_240
0.0,1056,2,528.0,528.0,509,547,26.9,myelin-exec:cast_hvar^4360589i64_myl0_196
0.0,1056,2,528.0,528.0,463,593,91.9,myelin-exec:cast_hvar^4360988i64_myl0_73
0.0,1055,2,527.5,527.5,342,713,262.3,myelin-exec:__mye4361011_myl0_74
0.0,1055,2,527.5,527.5,509,546,26.2,myelin-exec:cast_hvar^4360285i64_myl0_284
0.0,1047,2,523.5,523.5,482,565,58.7,myelin-exec:__mye4360308_myl0_270
0.0,1046,2,523.0,523.0,435,611,124.5,myelin-exec:cast_hvar^4360969i64_myl0_86
0.0,1038,2,519.0,519.0,491,547,39.6,myelin-exec:__mye4360536_myl0_204
0.0,1027,2,513.5,513.5,407,620,150.6,myelin-exec:cast_hvar^4360361i64_myl0_262
0.0,1000,2,500.0,500.0,231,769,380.4,myelin-exec:cast_hvar^4360684i64_myl0_161
0.0,983,2,491.5,491.5,408,575,118.1,myelin-exec:__mye4360878_myl0_105
0.0,982,2,491.0,491.0,389,593,144.2,myelin-exec:__mye4360612_myl0_182
0.0,982,2,491.0,491.0,482,500,12.7,myelin-exec:__mye4360764_myl0_138
0.0,973,2,486.5,486.5,408,565,111.0,myelin-exec:cast_hvar^4360627i64_myl0_185
0.0,972,2,486.0,486.0,444,528,59.4,myelin-exec:__mye4360916_myl0_94
0.0,963,2,481.5,481.5,315,648,235.5,myelin-exec:__mye4360726_myl0_149
0.0,936,2,468.0,468.0,463,473,7.1,myelin-exec:__mye4360216_myl0_292
0.0,936,2,468.0,468.0,445,491,32.5,myelin-exec:__mye4360441_myl0_239
0.0,934,2,467.0,467.0,333,601,189.5,myelin-exec:__mye4360688_myl0_160
0.0,927,2,463.5,463.5,436,491,38.9,myelin-exec:__mye4361049_myl0_63
0.0,926,2,463.0,463.0,361,565,144.2,myelin-exec:cast_hvar^4360304i64_myl0_271
0.0,926,2,463.0,463.0,426,500,52.3,myelin-exec:cast_hvar^4360912i64_myl0_95
0.0,917,2,458.5,458.5,435,482,33.2,myelin-exec:__mye4360460_myl0_226
0.0,916,2,458.0,458.0,277,639,256.0,myelin-exec:cast_hvar^4360342i64_myl0_260
0.0,889,2,444.5,444.5,426,463,26.2,myelin-exec:__mye4360384_myl0_248
0.0,889,2,444.5,444.5,426,463,26.2,myelin-exec:cast_hvar^4361064i64_myl0_51
0.0,880,2,440.0,440.0,380,500,84.9,myelin-exec:__mye4360574_myl0_193
0.0,862,2,431.0,431.0,278,584,216.4,myelin-exec:__mye4360821_myl0_129
0.0,852,2,426.0,426.0,380,472,65.1,myelin-exec:__mye4360897_myl0_107
0.0,851,2,425.5,425.5,361,490,91.2,myelin-exec:cast_hvar^4360836i64_myl0_117
0.0,843,2,421.5,421.5,370,473,72.8,myelin-exec:__mye4360403_myl0_250
0.0,843,2,421.5,421.5,417,426,6.4,myelin-exec:cast_hvar^4361026i64_myl0_62
0.0,842,2,421.0,421.0,361,481,84.9,myelin-exec:__mye4360365_myl0_261
0.0,832,2,416.0,416.0,416,416,0.0,myelin-exec:__mye4360707_myl0_162
0.0,824,2,412.0,412.0,380,444,45.3,myelin-exec:cast_hvar^4360456i64_myl0_227
0.0,815,2,407.5,407.5,389,426,26.2,myelin-exec:__mye4360745_myl0_151
0.0,797,2,398.5,398.5,361,436,53.0,myelin-exec:__mye4360669_myl0_173
0.0,796,2,398.0,398.0,241,555,222.0,myelin-exec:cast_hvar^4360722i64_myl0_150
0.0,787,2,393.5,393.5,250,537,202.9,myelin-exec:__mye4360479_myl0_228
0.0,778,2,389.0,389.0,306,472,117.4,myelin-exec:__mye4360650_myl0_171
0.0,778,2,389.0,389.0,333,445,79.2,myelin-exec:cast_hvar^4360418i64_myl0_238
0.0,768,2,384.0,384.0,241,527,202.2,myelin-exec:cast_hvar^4360608i64_myl0_183
0.0,731,2,365.5,365.5,268,463,137.9,myelin-exec:__mye4360555_myl0_206
0.0,723,2,361.5,361.5,306,417,78.5,myelin-exec:__mye4360289_myl0_283
0.0,713,2,356.5,356.5,352,361,6.4,myelin-exec:cast_hvar^4360380i64_myl0_249
0.0,704,2,352.0,352.0,287,417,91.9,myelin-exec:cast_hvar^4360532i64_myl0_205
0.0,703,2,351.5,351.5,268,435,118.1,myelin-exec:cast_hvar^4360212i64_myl0_293
0.0,703,2,351.5,351.5,259,444,130.8,myelin-exec:cast_hvar^4360570i64_myl0_194
0.0,695,2,347.5,347.5,324,371,33.2,myelin-exec:cast_hvar^4360646i64_myl0_172
0.0,694,2,347.0,347.0,287,407,84.9,myelin-exec:__mye4360593_myl0_195
0.0,694,2,347.0,347.0,269,425,110.3,myelin-exec:__mye4360783_myl0_140
0.0,685,2,342.5,342.5,268,417,105.4,myelin-exec:__mye4360631_myl0_184
0.0,658,2,329.0,329.0,223,435,149.9,myelin-exec:cast_hvar^4360494i64_myl0_216
0.0,611,2,305.5,305.5,222,389,118.1,myelin-exec:cast_hvar^4360266i64_myl0_282
0.0,610,2,305.0,305.0,296,314,12.7,myelin-exec:__mye4360517_myl0_217
